periodo,cuenta,probabilidad
202104,01-00000,0.19587729526145692
202104,01-00001,0.08239260581847985
202104,01-00002,0.4189269822831133
202104,01-00003,0.41557381438988994
202104,01-00004,0.10993843234592517
202104,01-00005,0.12348339016931134
202104,01-00006,0.03781135108533254
202104,01-00007,0.111683514632769
202104,01-00008,0.009423812923743653
202104,01-00009,0.10744357326524069
202104,01-00010,0.002616994726536565
202104,01-00011,0.8782256691928901
202104,01-00012,0.13695220913450903
202104,01-00013,0.1878105043112297
202104,01-00014,0.10822147792363833
202104,01-00015,0.8801024546346855
202104,01-00016,0.40836086697999746
202104,01-00017,0.08561502565354501
202104,01-00018,0.583180520702941
202104,01-00019,0.2638962507846922
202104,01-00020,0.702944064748154
202104,01-00021,0.4100343582381068
202104,01-00022,0.36184215937015707
202104,01-00023,0.3529028660751433
202104,01-00024,0.38977349711273024
202104,01-00025,0.06692409726092345
202104,01-00026,0.024270103644981295
202104,01-00027,0.40860043122962136
202104,01-00028,0.07319707161481918
202104,01-00029,0.13942089092287024
202104,01-00030,0.01639843823933992
202104,01-00031,0.3607129164763904
202104,01-00032,0.8569620714324984
202104,01-00033,0.14258015662858545
202104,01-00034,0.057468723099852854
202104,01-00035,0.7428515912376448
202104,01-00036,0.5103577908259163
202104,01-00037,0.006464297978559517
202104,01-00038,0.12875276877951056
202104,01-00039,0.5176696242145575
202104,01-00040,0.28069355409177005
202104,01-00041,0.03629309163044516
202104,01-00042,0.016903656358472456
202104,01-00043,0.6732866661978618
202104,01-00044,0.056947008538314435
202104,01-00045,0.9484158648562163
202104,01-00046,0.31530358163821176
202104,01-00047,0.7404583525334909
202104,01-00048,0.6117617658830476
202104,01-00049,0.028384034935294948
202104,01-00050,0.1783675712981444
202104,01-00051,0.7350607442185056
202104,01-00052,0.3137409652357357
202104,01-00053,0.28650427029063036
202104,01-00054,0.13866099104872354
202104,01-00055,0.3442450395995137
202104,01-00056,0.06678130506593598
202104,01-00057,0.07735175994845297
202104,01-00058,0.56336163943002
202104,01-00059,0.07153998261440891
202104,01-00060,0.03535104795124836
202104,01-00061,0.43706642976841176
202104,01-00062,0.005567896022446482
202104,01-00063,0.21258312563912693
202104,01-00064,0.026027124668218733
202104,01-00065,0.337993572825216
202104,01-00066,0.7168928081088752
202104,01-00067,0.1211754037718371
202104,01-00068,0.016348656243313338
202104,01-00069,0.11413926315694668
202104,01-00070,0.703700772952908
202104,01-00071,0.22608882811164052
202104,01-00072,0.04272778670043685
202104,01-00073,0.8773653484880157
202104,01-00074,0.08382132274090112
202104,01-00075,0.11963297894904977
202104,01-00076,0.01629983276486239
202104,01-00077,0.0209479255506532
202104,01-00078,0.18537741610411732
202104,01-00079,0.27791672674761814
202104,01-00080,0.06259894258300976
202104,01-00081,0.5851912734830136
202104,01-00082,0.15497133030847793
202104,01-00083,0.0894339601415238
202104,01-00084,0.052190209717799814
202104,01-00085,0.08326980715544911
202104,01-00086,0.5599384841983871
202104,01-00087,0.068691001826329
202104,01-00088,0.8173869020671097
202104,01-00089,0.4499670015284537
202104,01-00090,0.11839948062867454
202104,01-00091,0.014814742079756407
202104,01-00092,0.0409659848247749
202104,01-00093,0.012990701081313534
202104,01-00094,0.13171640971079632
202104,01-00095,0.186247079085852
202104,01-00096,0.11171980790641112
202104,01-00097,0.3437895089627524
202104,01-00098,0.21254378330537388
202104,01-00099,0.004299794293693111
202104,01-00100,0.39415833487813995
202104,01-00101,0.7452482272932051
202104,01-00102,0.472903275703696
202104,01-00103,0.07503201383896778
202104,01-00104,0.37779292325971453
202104,01-00105,0.0131496786407825
202104,01-00106,0.1254923459088692
202104,01-00107,0.013417671877282943
202104,01-00108,0.027698544785282372
202104,01-00109,0.3670196100209853
202104,01-00110,0.42868879996351017
202104,01-00111,0.8777668565308703
202104,01-00112,0.5076207453861517
202104,01-00113,0.0911665621863657
202104,01-00114,0.0650511955900602
202104,01-00115,0.7173771634191948
202104,01-00116,0.4640227392068289
202104,01-00117,0.6662304314825784
202104,01-00118,0.3908481252296766
202104,01-00119,0.14518857025019324
202104,01-00120,0.20223405466939048
202104,01-00121,0.01631229954596221
202104,01-00122,0.09741922275961895
202104,01-00123,0.8117707312002911
202104,01-00124,0.009176586799962229
202104,01-00125,0.7756870229044078
202104,01-00126,0.21464729106919536
202104,01-00127,0.32769413397874003
202104,01-00128,0.014712267803278707
202104,01-00129,0.491100556280584
202104,01-00130,0.45263522523226235
202104,01-00131,0.11250615726955694
202104,01-00132,0.24307544282162855
202104,01-00133,0.6824820437876606
202104,01-00134,0.05578203332502961
202104,01-00135,0.8112374031443186
202104,01-00136,0.014576855133293204
202104,01-00137,0.37230210553282483
202104,01-00138,0.05040324685680081
202104,01-00139,0.07620951279047578
202104,01-00140,0.008806720195355342
202104,01-00141,0.9191450546551594
202104,01-00142,0.052080160747042255
202104,01-00143,0.8543099074030646
202104,01-00144,0.6075360591905491
202104,01-00145,0.06246883185003174
202104,01-00146,0.023709907937861686
202104,01-00147,0.5840577164413425
202104,01-00148,0.6665663776403831
202104,01-00149,0.3845095944410705
202104,01-00150,0.008074703819306469
202104,01-00151,0.09242021325087545
202104,01-00152,0.01616965923380852
202104,01-00153,0.1319925985428615
202104,01-00154,0.6315952887211141
202104,01-00155,0.7071149308868739
202104,01-00156,0.1127849119706271
202104,01-00157,0.23752760718844051
202104,01-00158,0.034177344814289204
202104,01-00159,0.8965516206866687
202104,01-00160,0.09773590892881857
202104,01-00161,0.263062022677278
202104,01-00162,0.8187011890006012
202104,01-00163,0.08655270767616097
202104,01-00164,0.06090470076829492
202104,01-00165,0.6756512440573118
202104,01-00166,0.25139469950744625
202104,01-00167,0.1964233791652319
202104,01-00168,0.052279972934808475
202104,01-00169,0.08500198360337141
202104,01-00170,0.5200063648333454
202104,01-00171,0.08840451588000012
202104,01-00172,0.5975307906147747
202104,01-00173,0.08746025897309875
202104,01-00174,0.07947484515729698
202104,01-00175,0.8934163609728665
202104,01-00176,0.013236774754284055
202104,01-00177,0.13018955782691297
202104,01-00178,0.17133776122579308
202104,01-00179,0.004273884446170913
202104,01-00180,0.3288688740428168
202104,01-00181,0.7061468887276314
202104,01-00182,0.03596164158587248
202104,01-00183,0.7021976484283218
202104,01-00184,0.008036963459286148
202104,01-00185,0.3401937452188766
202104,01-00186,0.10684046436859874
202104,01-00187,0.08360712333821269
202104,01-00188,0.6068008591380482
202104,01-00189,0.03752666825092885
202104,01-00190,0.43909280229947023
202104,01-00191,0.016204618228890362
202104,01-00192,0.7662859282043817
202104,01-00193,0.06453973544005732
202104,01-00194,0.7261671697635644
202104,01-00195,0.5426149116837281
202104,01-00196,0.20153210266414784
202104,01-00197,0.0478110437633869
202104,01-00198,0.43549819141335183
202104,01-00199,0.7656744977723204
202104,01-00200,0.6894007290612698
202104,01-00201,0.26097047068159657
202104,01-00202,0.028109580039800394
202104,01-00203,0.04116047396948568
202104,01-00204,0.13042514882696485
202104,01-00205,0.41650266142808934
202104,01-00206,0.27112109425351144
202104,01-00207,0.06255949472496695
202104,01-00208,0.08876746647230066
202104,01-00209,0.32790435832325016
202104,01-00210,0.04494241292374806
202104,01-00211,0.8033925004437417
202104,01-00212,0.3387646690984799
202104,01-00213,0.03529717750224128
202104,01-00214,0.1710581273747758
202104,01-00215,0.597147836147202
202104,01-00216,0.05448827165620693
202104,01-00217,0.09693211825089518
202104,01-00218,0.09714812736261218
202104,01-00219,0.03759897932909854
202104,01-00220,0.6864300771689067
202104,01-00221,0.10852676847230576
202104,01-00222,0.3017503628780421
202104,01-00223,0.011475864456751379
202104,01-00224,0.1762437169400312
202104,01-00225,0.7468422305996599
202104,01-00226,0.0901582263006335
202104,01-00227,0.10756396846410887
202104,01-00228,0.38674300629950753
202104,01-00229,0.043279706200685726
202104,01-00230,0.3471720825905959
202104,01-00231,0.30663575245918956
202104,01-00232,0.5163337940937865
202104,01-00233,0.1014981234172553
202104,01-00234,0.6585346364706223
202104,01-00235,0.7671294900791217
202104,01-00236,0.37536076652907924
202104,01-00237,0.8983669813775684
202104,01-00238,0.1328219946177496
202104,01-00239,0.17443889653018954
202104,01-00240,0.015886784632917567
202104,01-00241,0.36752208828567556
202104,01-00242,0.3059917377907106
202104,01-00243,0.09278662276788177
202104,01-00244,0.592060567012228
202104,01-00245,0.5257548024773747
202104,01-00246,0.03195624647693929
202104,01-00247,0.009833277099474354
202104,01-00248,0.029227405811290182
202104,01-00249,0.059428444204113445
202104,01-00250,0.018330294311596166
202104,01-00251,0.013671997503897797
202104,01-00252,0.12177133800230956
202104,01-00253,0.7514748406935133
202104,01-00254,0.5471202566152451
202104,01-00255,0.015107435684360215
202104,01-00256,0.04548158619605611
202104,01-00257,0.7132065121084105
202104,01-00258,0.12276061463858008
202104,01-00259,0.10591128192753478
202104,01-00260,0.20019325532425847
202104,01-00261,0.34100094536493536
202104,01-00262,0.2876908214962212
202104,01-00263,0.020440521049506936
202104,01-00264,0.28482328190168343
202104,01-00265,0.661574560887039
202104,01-00266,0.09544770067454046
202104,01-00267,0.6785525713681432
202104,01-00268,0.732575463158989
202104,01-00269,0.1100145187108059
202104,01-00270,0.8010765690313298
202104,01-00271,0.1794796633129277
202104,01-00272,0.778920425304964
202104,01-00273,0.09459787967923874
202104,01-00274,0.012440278358572298
202104,01-00275,0.6832393028368287
202104,01-00276,0.5623136624677789
202104,01-00277,0.45079900666507683
202104,01-00278,0.011660020728673117
202104,01-00279,0.008313301275131442
202104,01-00280,0.07757118968546155
202104,01-00281,0.010007723997861857
202104,01-00282,0.7619374696715154
202104,01-00283,0.08105165165368956
202104,01-00284,0.8523763177956858
202104,01-00285,0.23002126132344095
202104,01-00286,0.12396810860182614
202104,01-00287,0.36682988048190257
202104,01-00288,0.22683138483201973
202104,01-00289,0.20438580009214655
202104,01-00290,0.8437344211225994
202104,01-00291,0.06439020160790147
202104,01-00292,0.04562117558035423
202104,01-00293,0.00675473089854911
202104,01-00294,0.8266671245236954
202104,01-00295,0.23865619096391785
202104,01-00296,0.10765937678556076
202104,01-00297,0.12793177704003977
202104,01-00298,0.15048109359126444
202104,01-00299,0.004801876164301816
202104,01-00300,0.021019270941027013
202104,01-00301,0.6579727998512256
202104,01-00302,0.7852937270185761
202104,01-00303,0.03691181525408195
202104,01-00304,0.01866826327812224
202104,01-00305,0.07679919639564316
202104,01-00306,0.35625821245619727
202104,01-00307,0.24119081577527637
202104,01-00308,0.12761209521211897
202104,01-00309,0.7670072051528369
202104,01-00310,0.17842487438879306
202104,01-00311,0.30886437017195434
202104,01-00312,0.0988057601419079
202104,01-00313,0.03688410851650122
202104,01-00314,0.9519856848407137
202104,01-00315,0.0060901549369423704
202104,01-00316,0.8115718874934302
202104,01-00317,0.14956001146491713
202104,01-00318,0.542285159768125
202104,01-00319,0.3350297008340511
202104,01-00320,0.6611326029622159
202104,01-00321,0.3533002209762932
202104,01-00322,0.13588261103256624
202104,01-00323,0.15026668605778265
202104,01-00324,0.03227912329923263
202104,01-00325,0.3125446003029341
202104,01-00326,0.07043041690771083
202104,01-00327,0.9586986138718588
202104,01-00328,0.8191374158855916
202104,01-00329,0.644695085246491
202104,01-00330,0.11934547328981296
202104,01-00331,0.8455545846221789
202104,01-00332,0.4502754908074294
202104,01-00333,0.7129329395846692
202104,01-00334,0.2851242549222638
202104,01-00335,0.9618743807089372
202104,01-00336,0.12274315399436034
202104,01-00337,0.4990417980646038
202104,01-00338,0.512679432359602
202104,01-00339,0.022832918194951694
202104,01-00340,0.4190999865509847
202104,01-00341,0.11439654580320377
202104,01-00342,0.24192050840301915
202104,01-00343,0.8970555883934422
202104,01-00344,0.3670608195527664
202104,01-00345,0.4598458019096157
202104,01-00346,0.14934935670969288
202104,01-00347,0.5447306936552505
202104,01-00348,0.028375780006303593
202104,01-00349,0.012407140338760267
202104,01-00350,0.8592859419366239
202104,01-00351,0.10502804459590113
202104,01-00352,0.48732279459885874
202104,01-00353,0.011628740030157418
202104,01-00354,0.4653167158348204
202104,01-00355,0.16185667770070233
202104,01-00356,0.8005407479929184
202104,01-00357,0.01780661426417549
202104,01-00358,0.18348109121567238
202104,01-00359,0.05828176970195202
202104,01-00360,0.009443832868860092
202104,01-00361,0.20925218392799796
202104,01-00362,0.15263784580732687
202104,01-00363,0.0672667874969839
202104,01-00364,0.47595162837089383
202104,01-00365,0.02296877762322934
202104,01-00366,0.8952107168086406
202104,01-00367,0.017923650747646045
202104,01-00368,0.03170497572482032
202104,01-00369,0.6102808047516068
202104,01-00370,0.1021839716808877
202104,01-00371,0.8277538317606298
202104,01-00372,0.04603168199884815
202104,01-00373,0.7323638195351044
202104,01-00374,0.08588827494139514
202104,01-00375,0.4342683051382932
202104,01-00376,0.11626320687283356
202104,01-00377,0.04143182361792505
202104,01-00378,0.4817819647770373
202104,01-00379,0.6003656756072693
202104,01-00380,0.5447602492810923
202104,01-00381,0.016512916281959538
202104,01-00382,0.3832364124934207
202104,01-00383,0.2017758271932407
202104,01-00384,0.089088654897959
202104,01-00385,0.008988660884055264
202104,01-00386,0.017958931864932758
202104,01-00387,0.09521034871698299
202104,01-00388,0.7129336901089718
202104,01-00389,0.01751623827530537
202104,01-00390,0.16649313408873115
202104,01-00391,0.048684103265906595
202104,01-00392,0.07088734007924895
202104,01-00393,0.20330229510587422
202104,01-00394,0.0821021936684973
202104,01-00395,0.0033121471870931674
202104,01-00396,0.9335148735681079
202104,01-00397,0.2771016288238324
202104,01-00398,0.25036015023733854
202104,01-00399,0.02336413304529696
202104,01-00400,0.3930303593603688
202104,01-00401,0.7907853268476888
202104,01-00402,0.42480218906390627
202104,01-00403,0.013290490723561546
202104,01-00404,0.2161497561002856
202104,01-00405,0.7868970942115173
202104,01-00406,0.1719191185811523
202104,01-00407,0.5190580467559102
202104,01-00408,0.7552585650676259
202104,01-00409,0.5907748445209441
202104,01-00410,0.07736837770244127
202104,01-00411,0.0322919257078926
202104,01-00412,0.3974235061048747
202104,01-00413,0.7407806606745855
202104,01-00414,0.12721419202307033
202104,01-00415,0.07503201383896778
202104,01-00416,0.007208094946495161
202104,01-00417,0.5686486631011937
202104,01-00418,0.673449381447768
202104,01-00419,0.1033816589226844
202104,01-00420,0.07321795774400387
202104,01-00421,0.036286928833224014
202104,01-00422,0.8811026633839002
202104,01-00423,0.5395239115110402
202104,01-00424,0.686398034678783
202104,01-00425,0.1854712739634804
202104,01-00426,0.7917187315012584
202104,01-00427,0.15756535456025744
202104,01-00428,0.8631676795730985
202104,01-00429,0.7724214801679606
202104,01-00430,0.8133491774471296
202104,01-00431,0.029870435252986625
202104,01-00432,0.49227315278177475
202104,01-00433,0.005823900185942377
202104,01-00434,0.1386433843852734
202104,01-00435,0.7168928081088752
202104,01-00436,0.391998885652293
202104,01-00437,0.8828969159796629
202104,01-00438,0.022629343499626895
202104,01-00439,0.21429477663174368
202104,01-00440,0.019383808451599528
202104,01-00441,0.29007441873997364
202104,01-00442,0.004811986973365596
202104,01-00443,0.7960933357922776
202104,01-00444,0.04221776337770345
202104,01-00445,0.048030252159743006
202104,01-00446,0.429748741333315
202104,01-00447,0.12421765366851537
202104,01-00448,0.821902955832182
202104,01-00449,0.49617390554056157
202104,01-00450,0.1345112826464329
202104,01-00451,0.18735224691654534
202104,01-00452,0.14763337760618161
202104,01-00453,0.020591829608621458
202104,01-00454,0.7332243276875413
202104,01-00455,0.8720052338459762
202104,01-00456,0.02708455381362018
202104,01-00457,0.07126557230209206
202104,01-00458,0.024080265743877827
202104,01-00459,0.034054965643781646
202104,01-00460,0.24112491090871452
202104,01-00461,0.006796255785153821
202104,01-00462,0.04259079069446312
202104,01-00463,0.0734582573064084
202104,01-00464,0.08758476495756522
202104,01-00465,0.09103606429659912
202104,01-00466,0.04523857864993743
202104,01-00467,0.03778832533513034
202104,01-00468,0.049587636649993896
202104,01-00469,0.08840296806648218
202104,01-00470,0.00958093507120241
202104,01-00471,0.07271956572740576
202104,01-00472,0.9511256073102443
202104,01-00473,0.1507929598708349
202104,01-00474,0.08761402572038231
202104,01-00475,0.8808607596352478
202104,01-00476,0.0463888058551314
202104,01-00477,0.09242021325087545
202104,01-00478,0.005653181257509928
202104,01-00479,0.02394556151026217
202104,01-00480,0.7275202483379273
202104,01-00481,0.00967668909028466
202104,01-00482,0.12369365659322815
202104,01-00483,0.9342597916699905
202104,01-00484,0.03951416269027943
202104,01-00485,0.9139943915931823
202104,01-00486,0.04450240145884507
202104,01-00487,0.04299270083384519
202104,01-00488,0.2010280745954293
202104,01-00489,0.8411398609884371
202104,01-00490,0.20073500220255092
202104,01-00491,0.02214687032618296
202104,01-00492,0.014080922836074011
202104,01-00493,0.0908014943440652
202104,01-00494,0.4276055546651606
202104,01-00495,0.10640273272845342
202104,01-00496,0.07286697528118327
202104,01-00497,0.11499456673371869
202104,01-00498,0.8859069687362028
202104,01-00499,0.038797450881848154
202104,01-00500,0.019211395960953455
202104,01-00501,0.09163489949256214
202104,01-00502,0.5227857756906351
202104,01-00503,0.12218373831960774
202104,01-00504,0.15865409309415732
202104,01-00505,0.46569199402709344
202104,01-00506,0.0511505606177762
202104,01-00507,0.020994094518296084
202104,01-00508,0.05932967835475451
202104,01-00509,0.3163552516144043
202104,01-00510,0.7626033156397343
202104,01-00511,0.22752858882090665
202104,01-00512,0.023479522453917958
202104,01-00513,0.6674063066352668
202104,01-00514,0.8768667636947534
202104,01-00515,0.6824820437876606
202104,01-00516,0.6454767107777406
202104,01-00517,0.018162935963363547
202104,01-00518,0.11287261714656498
202104,01-00519,0.014285714398684993
202104,01-00520,0.17389410510021502
202104,01-00521,0.12069571847537107
202104,01-00522,0.832903134971575
202104,01-00523,0.366718824982661
202104,01-00524,0.00850089059191827
202104,01-00525,0.03746144415898544
202104,01-00526,0.6534885600649392
202104,01-00527,0.11902006151314205
202104,01-00528,0.08054785695103106
202104,01-00529,0.607395436817018
202104,01-00530,0.07278036634820723
202104,01-00531,0.015300869865813483
202104,01-00532,0.1342470615058957
202104,01-00533,0.5892138176222573
202104,01-00534,0.8639256423060989
202104,01-00535,0.7606311412957419
202104,01-00536,0.0025304457988623483
202104,01-00537,0.5214390880449411
202104,01-00538,0.04818927889099305
202104,01-00539,0.07947484515729698
202104,01-00540,0.8294395405613976
202104,01-00541,0.004772618853992037
202104,01-00542,0.45592714134547235
202104,01-00543,0.2773205192934907
202104,01-00544,0.43480897505161464
202104,01-00545,0.0942780738927008
202104,01-00546,0.11245966058629857
202104,01-00547,0.42894955314826266
202104,01-00548,0.04068622852885385
202104,02-00000,0.1388778987727745
202104,02-00001,0.09455122686637893
202104,02-00002,0.6750543857989988
202104,02-00003,0.20734803580669017
202104,02-00004,0.6835294265628862
202104,02-00005,0.6750543857989988
202104,02-00006,0.560669933842588
202104,02-00007,0.6864915825304788
202104,02-00008,0.09455122686637893
202104,02-00009,0.8414905269043546
202104,02-00010,0.8071925771282421
202104,02-00011,0.5134190210284509
202104,02-00012,0.560669933842588
202104,02-00013,0.44271084330737126
202104,02-00014,0.07720260644219572
202104,02-00015,0.8165859523643048
202104,02-00016,0.1388778987727745
202104,02-00017,0.21224779091805335
202104,02-00018,0.6864915825304788
202104,02-00019,0.6112570400461322
202104,02-00020,0.8127545102489531
202104,02-00021,0.1388778987727745
202104,02-00022,0.42306535752448454
202104,02-00023,0.7009141308433362
202104,02-00024,0.21224779091805335
202104,02-00025,0.1388778987727745
202104,02-00026,0.8555373075504961
202104,02-00027,0.09455122686637893
202104,02-00028,0.1388778987727745
202104,02-00029,0.758034925905526
202104,02-00030,0.8128285333841475
202104,02-00031,0.09415257196011242
202104,02-00032,0.21224779091805335
202104,02-00033,0.8165859523643048
202104,02-00034,0.560669933842588
202104,02-00035,0.1388778987727745
202104,02-00036,0.09415257196011242
202104,02-00037,0.6171550417724192
202104,02-00038,0.5753264501613934
202104,02-00039,0.560669933842588
202104,02-00040,0.5753264501613934
202104,02-00041,0.6864915825304788
202104,02-00042,0.09415257196011242
202104,02-00043,0.21224779091805335
202104,02-00044,0.560669933842588
202104,02-00045,0.1388778987727745
202104,02-00046,0.560669933842588
202104,02-00047,0.8165859523643048
202104,02-00048,0.560669933842588
202104,02-00049,0.5753264501613934
202104,02-00050,0.560669933842588
202104,02-00051,0.21224779091805335
202104,02-00052,0.09139474060582435
202104,02-00053,0.8127545102489531
202104,02-00054,0.5753264501613934
202104,02-00055,0.5352723383947203
202104,02-00056,0.560669933842588
202104,02-00057,0.8128285333841475
202104,02-00058,0.6750543857989988
202104,02-00059,0.6171550417724192
202104,02-00060,0.8555373075504961
202104,02-00061,0.5753264501613934
202104,02-00062,0.8071925771282421
202104,02-00063,0.6864915825304788
202104,02-00064,0.6750543857989988
202104,02-00065,0.6171550417724192
202104,02-00066,0.7609318627510785
202104,02-00067,0.5352723383947203
202104,02-00068,0.09455122686637893
202104,02-00069,0.765430443350283
202104,02-00070,0.44271084330737126
202104,02-00071,0.293028545582697
202104,02-00072,0.6171550417724192
202104,02-00073,0.6864915825304788
202104,02-00074,0.21224779091805335
202104,02-00075,0.6171550417724192
202104,02-00076,0.560669933842588
202104,02-00077,0.8414905269043546
202104,02-00078,0.795621033951042
202104,02-00079,0.6370038932185406
202104,02-00080,0.6750543857989988
202104,02-00081,0.20734803580669017
202104,02-00082,0.8555373075504961
202104,02-00083,0.5753264501613934
202104,02-00084,0.07720260644219572
202104,02-00085,0.1388778987727745
202104,02-00086,0.21224779091805335
202104,02-00087,0.5753264501613934
202104,02-00088,0.7996387394601674
202104,02-00089,0.8165859523643048
202104,02-00090,0.44271084330737126
202104,02-00091,0.6171550417724192
202104,02-00092,0.6864915825304788
202104,02-00093,0.8414905269043546
202104,02-00094,0.5134190210284509
202104,02-00095,0.38132853009662115
202104,02-00096,0.09178290162456947
202104,02-00097,0.6864915825304788
202104,02-00098,0.8414905269043546
202104,02-00099,0.1388778987727745
202104,02-00100,0.8127545102489531
202104,02-00101,0.44271084330737126
202104,02-00102,0.8555373075504961
202104,02-00103,0.4639080935388581
202104,02-00104,0.6112570400461322
202104,02-00105,0.6171550417724192
202104,02-00106,0.8127545102489531
202104,02-00107,0.1388778987727745
202104,02-00108,0.09178290162456947
202104,02-00109,0.8071925771282421
202104,02-00110,0.5357613777703204
202104,02-00111,0.09178290162456947
202104,02-00112,0.560669933842588
202104,02-00113,0.21224779091805335
202104,02-00114,0.8414905269043546
202104,02-00115,0.5753264501613934
202104,02-00116,0.560669933842588
202104,02-00117,0.09455122686637893
202104,02-00118,0.5753264501613934
202104,02-00119,0.8127545102489531
202104,02-00120,0.560669933842588
202104,02-00121,0.42306535752448454
202104,02-00122,0.6750543857989988
202104,02-00123,0.6750543857989988
202104,02-00124,0.09178290162456947
202104,02-00125,0.5134190210284509
202104,02-00126,0.6750543857989988
202104,02-00127,0.09455122686637893
202104,02-00128,0.6171550417724192
202104,02-00129,0.8555373075504961
202104,02-00130,0.5357613777703204
202104,02-00131,0.8071925771282421
202104,02-00132,0.1388778987727745
202104,02-00133,0.6750543857989988
202104,02-00134,0.6750543857989988
202104,02-00135,0.8414905269043546
202104,02-00136,0.6112570400461322
202104,02-00137,0.6864915825304788
202104,02-00138,0.21224779091805335
202104,02-00139,0.7996387394601674
202104,02-00140,0.8414905269043546
202104,02-00141,0.560669933842588
202104,02-00142,0.6171550417724192
202104,02-00143,0.4639080935388581
202104,02-00144,0.560669933842588
202104,02-00145,0.6171550417724192
202104,02-00146,0.6171550417724192
202104,02-00147,0.6750543857989988
202104,02-00148,0.21224779091805335
202104,02-00149,0.8555373075504961
202104,02-00150,0.09178290162456947
202104,02-00151,0.5753264501613934
202104,02-00152,0.1388778987727745
202104,02-00153,0.5753264501613934
202104,02-00154,0.1388778987727745
202104,02-00155,0.6864915825304788
202104,02-00156,0.09415257196011242
202104,02-00157,0.6864915825304788
202104,02-00158,0.7579712597453395
202104,02-00159,0.40157204665958135
202104,02-00160,0.21224779091805335
202104,02-00161,0.8555373075504961
202104,02-00162,0.6864915825304788
202104,02-00163,0.4639080935388581
202104,02-00164,0.5753264501613934
202104,02-00165,0.09139474060582435
202104,02-00166,0.8414905269043546
202104,02-00167,0.6171550417724192
202104,02-00168,0.6864915825304788
202104,02-00169,0.6750543857989988
202104,02-00170,0.42306535752448454
202104,02-00171,0.1388778987727745
202104,02-00172,0.07407316469108376
202104,02-00173,0.09139474060582435
202104,02-00174,0.5357613777703204
202104,02-00175,0.8555373075504961
202104,02-00176,0.1388778987727745
202104,02-00177,0.09455122686637893
202104,02-00178,0.6370038932185406
202104,02-00179,0.795621033951042
202104,02-00180,0.6171550417724192
202104,02-00181,0.5134190210284509
202104,02-00182,0.6171550417724192
202104,02-00183,0.6301422929308246
202104,02-00184,0.6171550417724192
202104,02-00185,0.6171550417724192
202104,02-00186,0.6750543857989988
202104,02-00187,0.6171550417724192
202104,02-00188,0.6171550417724192
202104,02-00189,0.6301422929308246
202104,02-00190,0.42306535752448454
202104,02-00191,0.09864480393979567
202104,02-00192,0.560669933842588
202104,02-00193,0.8127545102489531
202104,02-00194,0.5357613777703204
202104,02-00195,0.6835294265628862
202104,02-00196,0.5753264501613934
202104,02-00197,0.8555373075504961
202104,02-00198,0.5357613777703204
202104,02-00199,0.4639080935388581
202104,02-00200,0.6750543857989988
202104,02-00201,0.5352723383947203
202104,02-00202,0.8071925771282421
202104,02-00203,0.560669933842588
202104,02-00204,0.1388778987727745
202104,02-00205,0.560669933842588
202104,02-00206,0.8555373075504961
202104,02-00207,0.8387291997582579
202104,02-00208,0.21224779091805335
202104,02-00209,0.1388778987727745
202104,02-00210,0.6171550417724192
202104,02-00211,0.6750543857989988
202104,02-00212,0.44271084330737126
202104,02-00213,0.1388778987727745
202104,02-00214,0.8128285333841475
202104,02-00215,0.6171550417724192
202104,02-00216,0.6750543857989988
202104,02-00217,0.6171550417724192
202104,02-00218,0.6171550417724192
202104,02-00219,0.09178290162456947
202104,02-00220,0.6171550417724192
202104,02-00221,0.6171550417724192
202104,02-00222,0.5753264501613934
202104,02-00223,0.560669933842588
202104,02-00224,0.1388778987727745
202104,02-00225,0.5134190210284509
202104,02-00226,0.1388778987727745
202104,02-00227,0.6864915825304788
202104,02-00228,0.560669933842588
202104,02-00229,0.6750543857989988
202104,02-00230,0.6750543857989988
202104,02-00231,0.8127545102489531
202104,02-00232,0.2583751260070551
202104,02-00233,0.07720260644219572
202104,02-00234,0.13538080995036839
202104,02-00235,0.560669933842588
202104,02-00236,0.6835294265628862
202104,02-00237,0.5753264501613934
202104,02-00238,0.6750543857989988
202104,02-00239,0.293028545582697
202104,02-00240,0.2583751260070551
202104,02-00241,0.09455122686637893
202104,02-00242,0.6864915825304788
202104,02-00243,0.8555373075504961
202104,02-00244,0.6171550417724192
202104,02-00245,0.09178290162456947
202104,02-00246,0.09178290162456947
202104,02-00247,0.8555373075504961
202104,02-00248,0.07635224026037914
202104,02-00249,0.44271084330737126
202104,02-00250,0.5357613777703204
202104,02-00251,0.44271084330737126
202104,02-00252,0.21224779091805335
202104,02-00253,0.5134190210284509
202104,02-00254,0.765430443350283
202104,02-00255,0.6448159122646886
202104,02-00256,0.8414905269043546
202104,02-00257,0.09178290162456947
202104,02-00258,0.6171550417724192
202104,02-00259,0.6864915825304788
202104,02-00260,0.6171550417724192
202104,02-00261,0.6112570400461322
202104,02-00262,0.09178290162456947
202104,02-00263,0.44271084330737126
202104,02-00264,0.09455122686637893
202104,02-00265,0.09178290162456947
202104,02-00266,0.5357613777703204
202104,02-00267,0.09178290162456947
202104,02-00268,0.07685005435814916
202104,02-00269,0.5357613777703204
202104,02-00270,0.560669933842588
202104,02-00271,0.6171550417724192
202104,02-00272,0.1388778987727745
202104,02-00273,0.07635224026037914
202104,02-00274,0.758034925905526
202104,02-00275,0.6835294265628862
202104,02-00276,0.09455122686637893
202104,02-00277,0.21224779091805335
202104,02-00278,0.8555373075504961
202104,02-00279,0.6835294265628862
202104,02-00280,0.1388778987727745
202104,02-00281,0.1388778987727745
202104,02-00282,0.560669933842588
202104,02-00283,0.21224779091805335
202104,02-00284,0.6750543857989988
202104,02-00285,0.44271084330737126
202104,02-00286,0.6370038932185406
202104,02-00287,0.09415257196011242
202104,02-00288,0.560669933842588
202104,02-00289,0.20734803580669017
202104,02-00290,0.1388778987727745
202104,02-00291,0.1388778987727745
202104,02-00292,0.560669933842588
202104,02-00293,0.1388778987727745
202104,02-00294,0.44271084330737126
202104,02-00295,0.6370038932185406
202104,02-00296,0.6171550417724192
202104,02-00297,0.6864915825304788
202104,02-00298,0.5753264501613934
202104,02-00299,0.6864915825304788
202104,02-00300,0.1388778987727745
202104,02-00301,0.6864915825304788
202104,02-00302,0.8414905269043546
202104,02-00303,0.6811098211546359
202104,02-00304,0.8555373075504961
202104,02-00305,0.47126599573285843
202104,02-00306,0.6171550417724192
202104,02-00307,0.607411672084348
202104,02-00308,0.5753264501613934
202104,02-00309,0.07407316469108376
202104,02-00310,0.44271084330737126
202104,02-00311,0.8555373075504961
202104,02-00312,0.5352723383947203
202104,02-00313,0.8165859523643048
202104,02-00314,0.42306535752448454
202104,02-00315,0.17324045112148548
202104,02-00316,0.1388778987727745
202104,02-00317,0.8555373075504961
202104,02-00318,0.21224779091805335
202104,02-00319,0.09178290162456947
202104,02-00320,0.13538080995036839
202104,02-00321,0.1388778987727745
202104,02-00322,0.1388778987727745
202104,02-00323,0.8414905269043546
202104,02-00324,0.8555373075504961
202104,02-00325,0.12097472060243655
202104,02-00326,0.6750543857989988
202104,02-00327,0.5352723383947203
202104,02-00328,0.1388778987727745
202104,02-00329,0.7609318627510785
202104,02-00330,0.09455122686637893
202104,02-00331,0.6750543857989988
202104,02-00332,0.6750543857989988
202104,02-00333,0.21224779091805335
202104,02-00334,0.6750543857989988
202104,02-00335,0.6864915825304788
202104,02-00336,0.21224779091805335
202104,02-00337,0.8555373075504961
202104,02-00338,0.8414905269043546
202104,02-00339,0.21224779091805335
202104,02-00340,0.8127545102489531
202104,02-00341,0.8414905269043546
202104,02-00342,0.6864915825304788
202104,02-00343,0.8128285333841475
202104,02-00344,0.8127545102489531
202104,02-00345,0.6171550417724192
202104,02-00346,0.6171550417724192
202104,02-00347,0.1388778987727745
202104,02-00348,0.560669933842588
202104,02-00349,0.560669933842588
202104,02-00350,0.5753264501613934
202104,02-00351,0.09178290162456947
202104,02-00352,0.1388778987727745
202104,02-00353,0.6370038932185406
202104,02-00354,0.21224779091805335
202104,02-00355,0.6171550417724192
202104,02-00356,0.6835294265628862
202104,02-00357,0.5134190210284509
202104,02-00358,0.3944904179999871
202104,02-00359,0.1388778987727745
202104,02-00360,0.6750543857989988
202104,02-00361,0.6750543857989988
202104,02-00362,0.6864915825304788
202104,02-00363,0.13538080995036839
202104,02-00364,0.1388778987727745
202104,02-00365,0.8555373075504961
202104,02-00366,0.44271084330737126
202104,02-00367,0.09415257196011242
202104,02-00368,0.7609318627510785
202104,02-00369,0.3944904179999871
202104,02-00370,0.44271084330737126
202104,02-00371,0.6864915825304788
202104,02-00372,0.09178290162456947
202104,02-00373,0.07635224026037914
202104,02-00374,0.560669933842588
202104,02-00375,0.8127545102489531
202104,02-00376,0.8555373075504961
202104,02-00377,0.8127545102489531
202104,02-00378,0.5351111691606999
202104,02-00379,0.09455122686637893
202104,02-00380,0.1388778987727745
202104,02-00381,0.6370038932185406
202104,02-00382,0.1388778987727745
202104,02-00383,0.7579712597453395
202104,02-00384,0.5753264501613934
202104,02-00385,0.09178290162456947
202104,02-00386,0.5134190210284509
202104,02-00387,0.6811098211546359
202104,02-00388,0.6864915825304788
202104,02-00389,0.6864915825304788
202104,02-00390,0.12097472060243655
202104,02-00391,0.5753264501613934
202104,02-00392,0.758034925905526
202104,02-00393,0.8127545102489531
202104,02-00394,0.09178290162456947
202104,02-00395,0.1388778987727745
202104,02-00396,0.1388778987727745
202104,02-00397,0.7579712597453395
202104,02-00398,0.09455122686637893
202104,02-00399,0.09455122686637893
202104,02-00400,0.09455122686637893
202104,02-00401,0.8414905269043546
202104,02-00402,0.6864915825304788
202104,02-00403,0.5357613777703204
202104,02-00404,0.09455122686637893
202104,02-00405,0.6171550417724192
202104,02-00406,0.6750543857989988
202104,02-00407,0.5357613777703204
202104,02-00408,0.21224779091805335
202104,02-00409,0.758034925905526
202104,02-00410,0.09455122686637893
202104,02-00411,0.13538080995036839
202104,02-00412,0.5753264501613934
202104,02-00413,0.8127545102489531
202104,02-00414,0.5134190210284509
202104,02-00415,0.607411672084348
202104,02-00416,0.44271084330737126
202104,02-00417,0.6864915825304788
202104,02-00418,0.5352723383947203
202104,02-00419,0.560669933842588
202104,02-00420,0.560669933842588
202104,02-00421,0.07407316469108376
202104,02-00422,0.6370038932185406
202104,02-00423,0.6750543857989988
202104,02-00424,0.47126599573285843
202104,02-00425,0.6750543857989988
202104,02-00426,0.09455122686637893
202104,02-00427,0.44271084330737126
202104,02-00428,0.795621033951042
202104,02-00429,0.6171550417724192
202104,02-00430,0.795621033951042
202104,02-00431,0.07407316469108376
202104,02-00432,0.6864915825304788
202104,02-00433,0.21224779091805335
202104,02-00434,0.6171550417724192
202104,02-00435,0.6171550417724192
202104,02-00436,0.6864915825304788
202104,02-00437,0.42306535752448454
202104,02-00438,0.8387291997582579
202104,02-00439,0.6864915825304788
202104,02-00440,0.1388778987727745
202104,02-00441,0.21224779091805335
202104,02-00442,0.09178290162456947
202104,02-00443,0.21224779091805335
202104,02-00444,0.09178290162456947
202104,02-00445,0.6864915825304788
202104,02-00446,0.5753264501613934
202104,02-00447,0.5134190210284509
202104,02-00448,0.21224779091805335
202104,02-00449,0.6171550417724192
202104,02-00450,0.5357613777703204
202104,02-00451,0.1388778987727745
202104,02-00452,0.6750543857989988
202104,02-00453,0.5753264501613934
202104,02-00454,0.6171550417724192
202104,02-00455,0.1388778987727745
202104,02-00456,0.09455122686637893
202104,02-00457,0.6864915825304788
202104,02-00458,0.6370038932185406
202104,02-00459,0.560669933842588
202104,02-00460,0.560669933842588
202104,02-00461,0.6171550417724192
202104,02-00462,0.5357613777703204
202104,02-00463,0.6171550417724192
202104,02-00464,0.5357613777703204
202104,02-00465,0.5134190210284509
202104,02-00466,0.8128285333841475
202104,02-00467,0.8555373075504961
202104,02-00468,0.12044837010163877
202104,02-00469,0.44271084330737126
202104,02-00470,0.7996387394601674
202104,02-00471,0.6171550417724192
202104,02-00472,0.560669933842588
202104,02-00473,0.07635224026037914
202104,02-00474,0.1388778987727745
202104,02-00475,0.8387291997582579
202104,02-00476,0.07407316469108376
202104,02-00477,0.44271084330737126
202104,02-00478,0.6370038932185406
202104,02-00479,0.44271084330737126
202104,02-00480,0.40157204665958135
202104,02-00481,0.5357613777703204
202104,02-00482,0.6811098211546359
202104,02-00483,0.5352723383947203
202104,02-00484,0.1388778987727745
202104,02-00485,0.5753264501613934
202104,02-00486,0.5134190210284509
202104,02-00487,0.1388778987727745
202104,02-00488,0.7609318627510785
202104,02-00489,0.5433566552832886
202104,02-00490,0.07407316469108376
202104,02-00491,0.6370038932185406
202104,02-00492,0.1388778987727745
202104,02-00493,0.44271084330737126
202104,02-00494,0.6811098211546359
202104,02-00495,0.560669933842588
202104,02-00496,0.560669933842588
202104,02-00497,0.09455122686637893
202104,02-00498,0.4639080935388581
202104,02-00499,0.560669933842588
202104,02-00500,0.07635224026037914
202104,02-00501,0.6171550417724192
202104,02-00502,0.7009141308433362
202104,02-00503,0.8071925771282421
202104,02-00504,0.8128285333841475
202104,02-00505,0.09139474060582435
202104,02-00506,0.8414905269043546
202104,02-00507,0.560669933842588
202104,02-00508,0.8128285333841475
202104,02-00509,0.1388778987727745
202104,02-00510,0.6171550417724192
202104,02-00511,0.560669933842588
202104,02-00512,0.40157204665958135
202104,02-00513,0.1388778987727745
202104,02-00514,0.6864915825304788
202104,02-00515,0.09178290162456947
202104,02-00516,0.5753264501613934
202104,02-00517,0.4639080935388581
202104,02-00518,0.21224779091805335
202104,02-00519,0.1388778987727745
202104,02-00520,0.560669933842588
202104,02-00521,0.6171550417724192
202104,02-00522,0.1388778987727745
202104,02-00523,0.8127545102489531
202104,02-00524,0.6171550417724192
202104,02-00525,0.1388778987727745
202104,02-00526,0.09178290162456947
202104,02-00527,0.6750543857989988
202104,02-00528,0.8071925771282421
202104,02-00529,0.44271084330737126
202104,02-00530,0.1388778987727745
202104,02-00531,0.40157204665958135
202104,02-00532,0.607411672084348
202104,02-00533,0.5357613777703204
202104,02-00534,0.8128285333841475
202104,02-00535,0.44271084330737126
202104,02-00536,0.5134190210284509
202104,02-00537,0.560669933842588
202104,02-00538,0.6171550417724192
202104,02-00539,0.6864915825304788
202104,02-00540,0.21224779091805335
202104,02-00541,0.5134190210284509
202104,02-00542,0.5753264501613934
202104,02-00543,0.8127545102489531
202104,02-00544,0.44271084330737126
202104,02-00545,0.5753264501613934
202104,02-00546,0.07635224026037914
202104,02-00547,0.8555373075504961
202104,02-00548,0.1388778987727745
202104,02-00549,0.1388778987727745
202104,02-00550,0.12044837010163877
202104,02-00551,0.09455122686637893
202104,02-00552,0.6171550417724192
202104,02-00553,0.6864915825304788
202104,02-00554,0.6835294265628862
202104,02-00555,0.6750543857989988
202104,02-00556,0.21224779091805335
202104,02-00557,0.8127545102489531
202104,02-00558,0.6864915825304788
202104,02-00559,0.5753264501613934
202104,02-00560,0.560669933842588
202104,02-00561,0.560669933842588
202104,02-00562,0.8165859523643048
202104,02-00563,0.1388778987727745
202104,02-00564,0.560669933842588
202104,02-00565,0.6171550417724192
202104,02-00566,0.13538080995036839
202104,02-00567,0.560669933842588
202104,02-00568,0.07635224026037914
202104,02-00569,0.6750543857989988
202104,02-00570,0.8165859523643048
202104,02-00571,0.5134190210284509
202104,02-00572,0.07635224026037914
202104,02-00573,0.6864915825304788
202104,02-00574,0.8414905269043546
202104,02-00575,0.8127545102489531
202104,02-00576,0.8128285333841475
202104,02-00577,0.4639080935388581
202104,02-00578,0.6171550417724192
202104,02-00579,0.8127545102489531
202104,02-00580,0.1388778987727745
202104,02-00581,0.8128285333841475
202104,02-00582,0.6112570400461322
202104,02-00583,0.1388778987727745
202104,02-00584,0.8414905269043546
202104,02-00585,0.5753264501613934
202104,02-00586,0.7609318627510785
202104,02-00587,0.44271084330737126
202104,02-00588,0.07635224026037914
202104,02-00589,0.4639080935388581
202104,02-00590,0.6370038932185406
202104,02-00591,0.09455122686637893
202104,02-00592,0.21224779091805335
202104,02-00593,0.6864915825304788
202104,02-00594,0.8165859523643048
202104,02-00595,0.6112570400461322
202104,02-00596,0.8414905269043546
202104,02-00597,0.765430443350283
202104,02-00598,0.21224779091805335
202104,02-00599,0.5134190210284509
202104,02-00600,0.6112570400461322
202104,02-00601,0.7609318627510785
202104,02-00602,0.7996387394601674
202104,02-00603,0.6750543857989988
202104,02-00604,0.7955193049605557
202104,02-00605,0.6864915825304788
202104,02-00606,0.8127545102489531
202104,02-00607,0.5134190210284509
202104,02-00608,0.1388778987727745
202104,02-00609,0.09178290162456947
202104,02-00610,0.44271084330737126
202104,02-00611,0.7996387394601674
202104,02-00612,0.7955193049605557
202104,02-00613,0.560669933842588
202104,02-00614,0.795621033951042
202104,02-00615,0.795621033951042
202104,02-00616,0.6750543857989988
202104,02-00617,0.6171550417724192
202104,02-00618,0.20734803580669017
202104,02-00619,0.44271084330737126
202104,02-00620,0.6171550417724192
202104,02-00621,0.560669933842588
202104,02-00622,0.07635224026037914
202104,02-00623,0.1388778987727745
202104,02-00624,0.8414905269043546
202104,02-00625,0.44271084330737126
202104,02-00626,0.6864915825304788
202104,02-00627,0.6750543857989988
202104,02-00628,0.8387291997582579
202104,02-00629,0.5134190210284509
202104,02-00630,0.6750543857989988
202104,02-00631,0.6864915825304788
202104,02-00632,0.5753264501613934
202104,02-00633,0.6864915825304788
202104,02-00634,0.44271084330737126
202104,02-00635,0.5753264501613934
202104,02-00636,0.8127545102489531
202104,02-00637,0.21224779091805335
202104,02-00638,0.6171550417724192
202104,02-00639,0.07635224026037914
202104,02-00640,0.09415257196011242
202104,02-00641,0.560669933842588
202104,02-00642,0.20734803580669017
202104,02-00643,0.293028545582697
202104,02-00644,0.560669933842588
202104,02-00645,0.09139474060582435
202104,02-00646,0.09178290162456947
202104,02-00647,0.5352723383947203
202104,02-00648,0.6864915825304788
202104,02-00649,0.8127545102489531
202104,02-00650,0.6864915825304788
202104,02-00651,0.12097472060243655
202104,02-00652,0.21224779091805335
202104,02-00653,0.6750543857989988
202104,02-00654,0.1388778987727745
202104,02-00655,0.1388778987727745
202104,02-00656,0.13538080995036839
202104,02-00657,0.21224779091805335
202104,02-00658,0.5363445923049904
202104,02-00659,0.607411672084348
202104,02-00660,0.8387291997582579
202104,02-00661,0.40157204665958135
202104,02-00662,0.6835294265628862
202104,02-00663,0.09178290162456947
202104,02-00664,0.09455122686637893
202104,02-00665,0.8414905269043546
202104,02-00666,0.795621033951042
202104,02-00667,0.09178290162456947
202104,02-00668,0.6750543857989988
202104,02-00669,0.40157204665958135
202104,02-00670,0.5134190210284509
202104,02-00671,0.8414905269043546
202104,03-00000,0.8579233764127316
202104,03-00001,0.40932217367119383
202104,03-00002,0.6022358331708088
202104,03-00003,0.7642563256598258
202104,03-00004,0.6322987850879939
202104,03-00005,0.5924069792346736
202104,03-00006,0.45046376740914745
202104,03-00007,0.8965174856462728
202104,03-00008,0.7043128148111245
202104,03-00009,0.6933762272619802
202104,03-00010,0.8963554382161707
202104,03-00011,0.6392593239651935
202104,03-00012,0.6792453084833922
202104,03-00013,0.4593522609170934
202104,03-00014,0.729434565536737
202104,03-00015,0.6186736534588434
202104,03-00016,0.8270684258921149
202104,03-00017,0.7346128921208507
202104,03-00018,0.6751418244347525
202104,03-00019,0.4815595757092396
202104,03-00020,0.913889282843883
202104,03-00021,0.7214066140407417
202104,03-00022,0.6865960994996141
202104,03-00023,0.5151316016178604
202104,03-00024,0.7799819643289436
202104,03-00025,0.7373640138953688
202104,03-00026,0.5434875444868998
202104,03-00027,0.5944679563440902
202104,03-00028,0.6720348178240995
202104,03-00029,0.6199888593395604
202104,03-00030,0.6517391979550621
202104,03-00031,0.6810223626081963
202104,03-00032,0.6324223236019163
202104,03-00033,0.834855845098636
202104,03-00034,0.7721605412062638
202104,03-00035,0.8406329605245644
202104,03-00036,0.8379003727118878
202104,03-00037,0.6604571995924691
202104,03-00038,0.6705883288508475
202104,03-00039,0.8350546941016163
202104,03-00040,0.8126049598698183
202104,03-00041,0.7201138328175966
202104,03-00042,0.538973783267406
202104,03-00043,0.5889038608639646
202104,03-00044,0.5557140052200916
202104,03-00045,0.7126212388532986
202104,03-00046,0.6513392899793604
202104,03-00047,0.5367401244421954
202104,03-00048,0.6059709185972736
202104,03-00049,0.7988431681990672
202104,03-00050,0.9271758752736083
202104,03-00051,0.7620652454644677
202104,03-00052,0.8021565195811795
202104,03-00053,0.5856505091088337
202104,03-00054,0.7077558598664686
202104,03-00055,0.7344076917453027
202104,03-00056,0.8139975066090563
202104,03-00057,0.652758378878532
202104,03-00058,0.7902410946185648
202104,03-00059,0.7508689483201407
202104,03-00060,0.6722762307428131
202104,03-00061,0.5080796660267392
202104,03-00062,0.8605994252890653
202104,03-00063,0.7573554258656567
202104,03-00064,0.7713594924467186
202104,03-00065,0.6547530984685077
202104,03-00066,0.7067333202301435
202104,03-00067,0.4854188140826493
202104,03-00068,0.7779380969490043
202104,03-00069,0.8181278845034299
202104,03-00070,0.6042755706494778
202104,03-00071,0.9069500855632968
202104,03-00072,0.7533217760012502
202104,03-00073,0.8124674614067404
202104,03-00074,0.8079722426103507
202104,03-00075,0.7173674799224461
202104,03-00076,0.6848904232603351
202104,03-00077,0.7972171952462577
202104,03-00078,0.7184352509931211
202104,03-00079,0.758717955604938
202104,03-00080,0.8191738683021003
202104,03-00081,0.7326600385574521
202104,03-00082,0.7760798664222237
202104,03-00083,0.6787031128215839
202104,03-00084,0.4265239128538206
202104,03-00085,0.5149655413772046
202104,03-00086,0.641970793553486
202104,03-00087,0.61107154019475
202104,03-00088,0.6578284033858862
202104,03-00089,0.8199254731550523
202104,03-00090,0.8812131864195126
202104,03-00091,0.4382228634684938
202104,03-00092,0.6888986424284552
202104,03-00093,0.3690539377838988
202104,03-00094,0.8877816630802524
202104,03-00095,0.8594593175858873
202104,03-00096,0.8432979310111591
202104,03-00097,0.725027262998311
202104,03-00098,0.7513269862160894
202104,03-00099,0.9123566430814274
202104,03-00100,0.554794081534908
202104,03-00101,0.6976640101290464
202104,03-00102,0.7370102637103679
202104,03-00103,0.7940096292331403
202104,03-00104,0.8137538195325726
202104,03-00105,0.8183286098785649
202104,03-00106,0.791558066713554
202104,03-00107,0.6746350160784663
202104,03-00108,0.6427790325339536
202104,03-00109,0.7683183129853373
202104,03-00110,0.8801859887904668
202104,03-00111,0.587544937498199
202104,03-00112,0.7519510893887186
202104,03-00113,0.8184780027800836
202104,03-00114,0.5836792156827795
202104,03-00115,0.5750689007091502
202104,03-00116,0.7715452279510627
202104,03-00117,0.5802648721625484
202104,03-00118,0.600462052715371
202104,03-00119,0.7894576686158452
202104,03-00120,0.669636468628424
202104,03-00121,0.520687351195687
202104,03-00122,0.7936299645623209
202104,03-00123,0.43335203002654293
202104,03-00124,0.8038077826559862
202104,03-00125,0.647441313740957
202104,03-00126,0.7242196756104455
202104,03-00127,0.8740631332555271
202104,03-00128,0.6948662997320119
202104,03-00129,0.7013642254038526
202104,03-00130,0.7056289881369776
202104,03-00131,0.88220463087101
202104,03-00132,0.7926434654637646
202104,03-00133,0.5168088502584455
202104,03-00134,0.6478092351381295
202104,03-00135,0.6697774514515471
202104,03-00136,0.6401229898779733
202104,03-00137,0.8624260391969336
202104,03-00138,0.6576161002674118
202104,03-00139,0.554071454701129
202104,03-00140,0.4435105884214736
202104,03-00141,0.6957766758514758
202104,03-00142,0.6761369879888768
202104,03-00143,0.7371542600750811
202104,03-00144,0.5478496321429887
202104,03-00145,0.6019671725292678
202104,03-00146,0.6575172583838927
202104,03-00147,0.6323929864275446
202104,03-00148,0.6217706394346575
202104,03-00149,0.5945376059853171
202104,03-00150,0.9016772014840693
202104,03-00151,0.7088424522701845
202104,03-00152,0.7070293081433706
202104,03-00153,0.6533445181889047
202104,03-00154,0.7306027504981925
202104,03-00155,0.32987385688944076
202104,03-00156,0.5343666986638833
202104,03-00157,0.7945234156683193
202104,03-00158,0.8603102604224538
202104,03-00159,0.8063073218789718
202104,03-00160,0.5319626487579368
202104,03-00161,0.6274863294655574
202104,03-00162,0.8775575513653461
202104,03-00163,0.9321418892597234
202104,03-00164,0.8125156218389087
202104,03-00165,0.6594690470293566
202104,03-00166,0.4638452093515722
202104,03-00167,0.8153281478265338
202104,03-00168,0.6898692282955033
202104,03-00169,0.4351590960622962
202104,03-00170,0.6755546079291889
202104,03-00171,0.8495524126887304
202104,03-00172,0.7293312951451691
202104,03-00173,0.8194880428134542
202104,03-00174,0.6198183908560592
202104,03-00175,0.400327621558385
202104,03-00176,0.7696779578634471
202104,03-00177,0.6575868651932368
202104,03-00178,0.6462661563059879
202104,03-00179,0.6756305632420906
202104,03-00180,0.8231634738332695
202104,03-00181,0.7406222904009269
202104,03-00182,0.7723172197019288
202104,03-00183,0.5859038208739414
202104,03-00184,0.6062111062637763
202104,03-00185,0.7153191104657014
202104,03-00186,0.7440043678000133
202104,03-00187,0.6938457768499028
202104,03-00188,0.6629514323691283
202104,03-00189,0.8541696831743774
202104,03-00190,0.6482628278416839
202104,03-00191,0.8190055592435989
202104,03-00192,0.5816188725568211
202104,03-00193,0.785171058355039
202104,03-00194,0.8302377674051016
202104,03-00195,0.5304000046937734
202104,03-00196,0.34723662038396563
202104,03-00197,0.6193078558240601
202104,03-00198,0.8217160989666938
202104,03-00199,0.8013485069845857
202104,03-00200,0.6012062627785424
202104,03-00201,0.5996400664319016
202104,03-00202,0.6694556773061745
202104,03-00203,0.5748023945684811
202104,03-00204,0.7420552936538053
202104,03-00205,0.7767247913517616
202104,03-00206,0.8519052739521031
202104,03-00207,0.5187660980476557
202104,03-00208,0.4423366299935009
202104,03-00209,0.4335822019177775
202104,03-00210,0.856419437241573
202104,03-00211,0.7863678324576069
202104,03-00212,0.7914160151423218
202104,03-00213,0.8546129739594752
202104,03-00214,0.6621071921967082
202104,03-00215,0.6501531553334952
202104,03-00216,0.5643576569331169
202104,03-00217,0.9064728465348484
202104,03-00218,0.4995006749647026
202104,03-00219,0.45138773056886733
202104,03-00220,0.8880741268179967
202104,03-00221,0.5215527378053556
202104,03-00222,0.8268429145701316
202104,03-00223,0.8668058520270162
202104,03-00224,0.9281318218975108
202104,03-00225,0.7708328987420294
202104,03-00226,0.7494343798415706
202104,03-00227,0.6213121624349212
202104,03-00228,0.7046054430500488
202104,03-00229,0.814863982001255
202104,03-00230,0.8198849760195691
202104,03-00231,0.8153838161937136
202104,03-00232,0.5488082690384379
202104,03-00233,0.885860368877506
202104,03-00234,0.7136990381827019
202104,03-00235,0.8530561738547022
202104,03-00236,0.8630904130623483
202104,03-00237,0.8389632618087317
202104,03-00238,0.7513341335765721
202104,03-00239,0.8073243288567887
202104,03-00240,0.8568039621146768
202104,03-00241,0.498501604250826
202104,03-00242,0.844645438968506
202104,03-00243,0.8140156198283752
202104,03-00244,0.45566483541124214
202104,03-00245,0.6239414689437773
202104,03-00246,0.8958637177478684
202104,03-00247,0.5356908423108148
202104,03-00248,0.8341407140879246
202104,03-00249,0.6970786973593437
202104,03-00250,0.6760373537680693
202104,03-00251,0.6483322803455259
202104,03-00252,0.8126746403364764
202104,03-00253,0.7176620827675985
202104,03-00254,0.6404161482511166
202104,03-00255,0.71256919001035
202104,03-00256,0.6757788702678714
202104,03-00257,0.8506658555092774
202104,03-00258,0.7920994161598527
202104,03-00259,0.6780585109367535
202104,03-00260,0.48074639212728987
202104,03-00261,0.5000519365299584
202104,03-00262,0.7576762342158451
202104,03-00263,0.5280038081265979
202104,03-00264,0.7722999909155838
202104,03-00265,0.8006522774504504
202104,03-00266,0.7286294522068975
202104,03-00267,0.7843461232853285
202104,03-00268,0.5442274341029254
202104,03-00269,0.8537866375491971
202104,03-00270,0.8377291333740743
202104,03-00271,0.41978189124438237
202104,03-00272,0.836273234486493
202104,03-00273,0.8286396014239639
202104,03-00274,0.6711686600283727
202104,03-00275,0.6452456972220729
202104,03-00276,0.8265294424765528
202104,03-00277,0.8463763383960107
202104,03-00278,0.5522426506711111
202104,03-00279,0.8767981596933222
202104,03-00280,0.9271797439680891
202104,03-00281,0.9089268510277979
202104,03-00282,0.6251506479076564
202104,03-00283,0.648559694731893
202104,03-00284,0.42825909714652205
202104,03-00285,0.7822583327258557
202104,03-00286,0.6954595446958817
202104,03-00287,0.5674172469834154
202104,03-00288,0.925022273798882
202104,03-00289,0.4223465448661859
202104,03-00290,0.7454743240104845
202104,03-00291,0.8611432745026236
202104,03-00292,0.6736233745623476
202104,03-00293,0.7452932601007917
202104,03-00294,0.6313052600654921
202104,03-00295,0.8767430245113735
202104,03-00296,0.41721225626395486
202104,03-00297,0.5730769024069969
202104,03-00298,0.9376155379163358
202104,03-00299,0.47322085921920953
202104,03-00300,0.7222745063253176
202104,03-00301,0.7629432277398475
202104,03-00302,0.7802140603178712
202104,03-00303,0.8595159089456348
202104,03-00304,0.8451750885397475
202104,03-00305,0.43471693812460765
202104,03-00306,0.5904367639886645
202104,03-00307,0.46334808905577224
202104,03-00308,0.7644586333211976
202104,03-00309,0.6027405261372321
202104,03-00310,0.7997904342675012
202104,03-00311,0.7222925562875181
202104,03-00312,0.8713015952368978
202104,03-00313,0.5237594561125661
202104,03-00314,0.8218477578517193
202104,03-00315,0.7874221794174453
202104,03-00316,0.6042728669191899
202104,03-00317,0.6672149854462971
202104,03-00318,0.5863145159993706
202104,03-00319,0.8013196535148589
202104,03-00320,0.7502904856534485
202104,03-00321,0.660531502998644
202104,03-00322,0.6636796748564803
202104,03-00323,0.7596739158695714
202104,03-00324,0.3960495583840365
202104,03-00325,0.5069932021615369
202104,03-00326,0.8177629761137367
202104,03-00327,0.8331228137967208
202104,03-00328,0.6399050358294013
202104,03-00329,0.9163030134495974
202104,03-00330,0.8050197272097382
202104,03-00331,0.9071617607187811
202104,03-00332,0.6483636664197594
202104,03-00333,0.6770909149061715
202104,03-00334,0.7008989963116115
202104,03-00335,0.8626631407612197
202104,03-00336,0.6947783733841609
202104,03-00337,0.7979053899365786
202104,03-00338,0.7072005620583961
202104,03-00339,0.7309510333964032
202104,03-00340,0.8239905209428624
202104,03-00341,0.7799297282760216
202104,03-00342,0.4286608633933612
202104,03-00343,0.7106103627132184
202104,03-00344,0.38906976231768287
202104,03-00345,0.9065774368934418
202104,03-00346,0.7585614751222545
202104,03-00347,0.7398438953155546
202104,03-00348,0.6179428514072735
202104,03-00349,0.8241748974227404
202104,03-00350,0.6298487856320801
202104,03-00351,0.8550408914587748
202104,03-00352,0.7123283202095827
202104,03-00353,0.8899896307812671
202104,03-00354,0.7952975288563302
202104,03-00355,0.6452829630358562
202104,03-00356,0.7375336131668399
202104,03-00357,0.7430907232822764
202104,03-00358,0.8540373947788236
202104,03-00359,0.536060649935399
202104,03-00360,0.7351784235128234
202104,03-00361,0.44839725362981825
202104,03-00362,0.7409159797740292
202104,03-00363,0.4261906013623259
202104,03-00364,0.7323348949060596
202104,03-00365,0.6908442784104791
202104,03-00366,0.7401906007869493
202104,03-00367,0.666033562787235
202104,03-00368,0.8102227196408498
202104,03-00369,0.4769855047839315
202104,03-00370,0.79770494911936
202104,03-00371,0.5532480328564834
202104,03-00372,0.6232006594814269
202104,03-00373,0.9380279881693464
202104,03-00374,0.4262806292045339
202104,03-00375,0.8116414523569981
202104,03-00376,0.8396258682366845
202104,03-00377,0.5654428467681544
202104,03-00378,0.6138796257517831
202104,03-00379,0.7389705127356876
202104,03-00380,0.6261798299520487
202104,03-00381,0.6129184881273584
202104,03-00382,0.6503403576131397
202104,03-00383,0.7497121512115263
202104,03-00384,0.7595510817453964
202104,03-00385,0.7594452138385245
202104,03-00386,0.462954892484889
202104,03-00387,0.6367869319228396
202104,03-00388,0.8179292907044152
202104,03-00389,0.772168387834039
202104,03-00390,0.7413444399984963
202104,03-00391,0.5109991209760908
202104,03-00392,0.8198568850976048
202104,03-00393,0.6415962533771847
202104,03-00394,0.915745534000685
202104,03-00395,0.7208907900338627
202104,03-00396,0.41638252070978105
202104,03-00397,0.4597681270435408
202104,03-00398,0.923308043425799
202104,03-00399,0.8352556128345283
202104,03-00400,0.8686747110635482
202104,03-00401,0.6133036824783346
202104,03-00402,0.5415684766972435
202104,03-00403,0.7646607698641187
202104,03-00404,0.7741968697609524
202104,03-00405,0.559202542013776
202104,03-00406,0.6438507218405886
202104,03-00407,0.5675657511676743
202104,03-00408,0.4693672974546372
202104,03-00409,0.7034562727586637
202104,03-00410,0.8588778269419653
202104,03-00411,0.6974127489339641
202104,03-00412,0.6882783508128951
202104,03-00413,0.8129337401745806
202104,03-00414,0.8467080455762769
202104,03-00415,0.8144053405706219
202104,03-00416,0.9320689473542049
202104,03-00417,0.7778490424079407
202104,03-00418,0.7541104956435356
202104,03-00419,0.48383671383905064
202104,03-00420,0.678710647686899
202104,03-00421,0.5285974109256324
202104,03-00422,0.9032373234654275
202104,03-00423,0.7413107755704379
202104,03-00424,0.6546140043520522
202104,03-00425,0.8716389026569431
202104,03-00426,0.7434928065087353
202104,03-00427,0.8145212364046739
202104,03-00428,0.8246449479337487
202104,03-00429,0.8230483048731476
202104,03-00430,0.7743655660367281
202104,03-00431,0.5023169801883977
202104,03-00432,0.6184959553909085
202104,03-00433,0.8242008776884823
202104,03-00434,0.8548718985869858
202104,03-00435,0.7842690682939447
202104,03-00436,0.8245518679897494
202104,03-00437,0.5434234571119814
202104,03-00438,0.7982977547294213
202104,03-00439,0.60902391409538
202104,03-00440,0.724459507143852
202104,03-00441,0.4708011211048073
202104,03-00442,0.8976772595562703
202104,03-00443,0.7104201931067566
202104,03-00444,0.8119154803910728
202104,03-00445,0.528555329367001
202104,03-00446,0.5634929656525787
202104,03-00447,0.867805291161083
202104,03-00448,0.7294893404772943
202104,03-00449,0.6995196599166819
202104,03-00450,0.7310161867554688
202104,03-00451,0.6667516175917851
202104,03-00452,0.782411588906865
202104,03-00453,0.671969108279662
202104,03-00454,0.6245501635482815
202104,03-00455,0.7532834194216166
202104,03-00456,0.6604331636829601
202104,03-00457,0.8677691789648639
202104,03-00458,0.9151060123500487
202104,03-00459,0.8690292196479841
202104,03-00460,0.43832597713644195
202104,03-00461,0.26245496376371735
202104,03-00462,0.9442037647438464
202104,03-00463,0.8081794928883416
202104,03-00464,0.46755150454144134
202104,03-00465,0.764103076886245
202104,03-00466,0.6147985139066777
202104,03-00467,0.8141363309652347
202104,03-00468,0.7169516966596722
202104,03-00469,0.8474638949032143
202104,03-00470,0.8171549507152008
202104,03-00471,0.47137354054375635
202104,03-00472,0.7115342229761229
202104,03-00473,0.937801598335913
202104,03-00474,0.8478164626857674
202104,03-00475,0.5820545312323481
202104,03-00476,0.6319159985164693
202104,03-00477,0.8246933868662715
202104,03-00478,0.6385831701185279
202104,03-00479,0.764591413295041
202104,03-00480,0.6463137883857168
202104,03-00481,0.684249517109873
202104,03-00482,0.579726105651908
202104,03-00483,0.7489762750378346
202104,03-00484,0.6873478876857163
202104,03-00485,0.49014800624434696
202104,03-00486,0.4308183715164605
202104,03-00487,0.35495660645273536
202104,03-00488,0.8416197400043939
202104,03-00489,0.7460437237808377
202104,03-00490,0.7799280950376044
202104,03-00491,0.6698955459749422
202104,03-00492,0.7232590933994009
202104,03-00493,0.8274342812310006
202104,03-00494,0.815600325198205
202104,03-00495,0.786887689695211
202104,03-00496,0.7611042481944081
202104,03-00497,0.6921729717965467
202104,03-00498,0.8196041823617204
202104,03-00499,0.5118393879921534
202104,03-00500,0.8895493603539906
202104,03-00501,0.7423612090024538
202104,03-00502,0.8182971915109134
202104,03-00503,0.8543149800225238
202104,03-00504,0.8436198276978918
202104,03-00505,0.7136487274401752
202104,03-00506,0.6941495964554311
202104,03-00507,0.8726267930721692
202104,03-00508,0.6175565901851419
202104,03-00509,0.6538370081478431
202104,03-00510,0.8666648646144325
202104,03-00511,0.8439373149961275
202104,03-00512,0.5469657017122724
202104,03-00513,0.37096590486740105
202104,03-00514,0.5911033024418147
202104,03-00515,0.6685216961012344
202104,03-00516,0.8402736908933216
202104,03-00517,0.9155627395587631
202104,03-00518,0.29392444759883113
202104,03-00519,0.7817050905327912
202104,03-00520,0.6952436463900016
202104,03-00521,0.6426368016958319
202104,03-00522,0.9107279299999068
202104,03-00523,0.757099582884016
202104,03-00524,0.73618080131303
202104,03-00525,0.6192963596126831
202104,03-00526,0.6179160292820902
202104,03-00527,0.5816653276098577
202104,03-00528,0.7871001387982328
202104,03-00529,0.8725646293814754
202104,03-00530,0.8182625760993196
202104,03-00531,0.8385082381924461
202104,03-00532,0.7801385655037403
202104,03-00533,0.8108932402205209
202104,03-00534,0.6125894944705091
202104,03-00535,0.8374894081705612
202104,03-00536,0.5728672207733897
202104,03-00537,0.7155238587001669
202104,03-00538,0.8825230783259707
202104,03-00539,0.44707998592117637
202104,03-00540,0.5115860573513964
202104,03-00541,0.4809453446795953
202104,03-00542,0.6942575636127478
202104,03-00543,0.7512153069756956
202104,03-00544,0.5333781448054513
202104,03-00545,0.6032718241674684
202104,03-00546,0.7042696393412609
202104,03-00547,0.705713297241304
202104,03-00548,0.7797412171880221
202104,03-00549,0.38380530228781
202104,03-00550,0.7346962665162653
202104,03-00551,0.5288901275350211
202104,03-00552,0.6353614662496515
202104,03-00553,0.9169426880844058
202104,03-00554,0.81494031961025
202104,03-00555,0.7652388805311594
202104,03-00556,0.5558766643185035
202104,03-00557,0.8281499097076157
202104,03-00558,0.3907421765175759
202104,03-00559,0.8932986176065051
202104,03-00560,0.7682285058855698
202104,03-00561,0.589471858190667
202104,03-00562,0.690496175945855
202104,03-00563,0.6166063085044914
202104,03-00564,0.7181720065277714
202104,03-00565,0.6689913022021533
202104,03-00566,0.6293514857463007
202104,03-00567,0.8781362654009256
202104,03-00568,0.8824290272108419
202104,03-00569,0.6734692065227361
202104,03-00570,0.6721358715211179
202104,03-00571,0.4913499389668965
202104,03-00572,0.6385359854720852
202104,03-00573,0.5907505084263672
202104,03-00574,0.8582580808077562
202104,03-00575,0.7045090958017945
202104,03-00576,0.9070369450040693
202104,03-00577,0.7428191636034002
202104,03-00578,0.7397664073040051
202104,03-00579,0.7423559364261849
202104,03-00580,0.9444341868246049
202104,03-00581,0.6756214224017871
202104,03-00582,0.7143130016291097
202104,03-00583,0.869873856271554
202104,03-00584,0.5127752466704714
202104,03-00585,0.8092285848483775
202104,03-00586,0.6197884952301458
202104,03-00587,0.6401961677049318
202104,03-00588,0.8056789068119339
202104,03-00589,0.6563243202934703
202104,03-00590,0.5478488517322792
202104,03-00591,0.6441313475661976
202104,03-00592,0.5915146892642643
202104,03-00593,0.9392735543501927
202104,03-00594,0.6736878313200201
202104,03-00595,0.7391487831282957
202104,03-00596,0.8728417929538527
202104,03-00597,0.5895121200688976
202104,03-00598,0.2554379757099551
202104,03-00599,0.3878821444826917
202104,03-00600,0.5748662888401198
202104,03-00601,0.8777358950619846
202104,03-00602,0.7094106568913056
202104,03-00603,0.5725798343772996
202104,03-00604,0.735276014479617
202104,03-00605,0.6239703962537498
202104,03-00606,0.4496554118844496
202104,03-00607,0.8721178220131998
202104,03-00608,0.43492615954551667
202104,03-00609,0.6703419083191647
202104,03-00610,0.7544775311872073
202104,03-00611,0.42993921650099715
202104,03-00612,0.6180195285166287
202104,03-00613,0.6593335417216161
202104,03-00614,0.7700672955280072
202104,03-00615,0.6030033766830585
202104,03-00616,0.792638519653386
202104,03-00617,0.6789866631078857
202104,03-00618,0.8116856654462583
202104,03-00619,0.5790100669939101
202104,03-00620,0.4524622444195944
202104,03-00621,0.5423881689437604
202104,03-00622,0.4985796675400721
202104,03-00623,0.5927491564630822
202104,03-00624,0.6946792510214457
202104,03-00625,0.618768101699927
202104,03-00626,0.7067442859769932
202104,03-00627,0.48017749570476126
202104,03-00628,0.8311305292455158
202104,03-00629,0.6145872658245998
202104,03-00630,0.8778854116520014
202104,03-00631,0.779282599730579
202104,03-00632,0.472408221860334
202104,03-00633,0.9219989249610103
202104,03-00634,0.824562025479889
202104,03-00635,0.5384555954980853
202104,03-00636,0.8150846929097465
202104,03-00637,0.5401335835442036
202104,03-00638,0.6691687852598055
202104,03-00639,0.8212002255164762
202104,03-00640,0.5849399208382379
202104,03-00641,0.7661976218969139
202104,03-00642,0.4636821878584844
202104,03-00643,0.4962875948176978
202104,03-00644,0.7673442125748933
202104,03-00645,0.4616170377365687
202104,03-00646,0.8144462737753408
202104,03-00647,0.5077477975284943
202104,03-00648,0.6507738625037831
202104,03-00649,0.9343585438148908
202104,03-00650,0.7782676363454982
202104,03-00651,0.8665329153391559
202104,03-00652,0.9177184264584131
202104,03-00653,0.794359397547793
202104,03-00654,0.7795617730546874
202104,03-00655,0.8324727384118208
202104,03-00656,0.7294195811278222
202104,03-00657,0.7442161810999619
202104,03-00658,0.5651262045641734
202104,03-00659,0.6894985733093859
202104,03-00660,0.4334478726187573
202104,03-00661,0.5573414073652821
202104,03-00662,0.7088617762367013
202104,03-00663,0.5128857207488158
202104,03-00664,0.8616541803164631
202104,03-00665,0.9321330965953452
202104,03-00666,0.8578010964492996
202104,03-00667,0.779611888202522
202104,03-00668,0.9148257043395589
202104,03-00669,0.3894581828363597
202104,03-00670,0.6694231836195028
202104,03-00671,0.9115764050015577
202104,03-00672,0.8156677901318895
202104,03-00673,0.5903497063437996
202104,03-00674,0.8912326992717884
202104,03-00675,0.8816578200411982
202104,03-00676,0.6891990856801644
202104,03-00677,0.5366768123736203
202104,03-00678,0.9076559769184818
202104,03-00679,0.8242758584452758
202104,03-00680,0.8427422024261942
202104,03-00681,0.42920905816937155
202104,03-00682,0.8278916293297062
202104,03-00683,0.7765773164130668
202104,03-00684,0.9096043116058129
202104,03-00685,0.6280321953347594
202104,03-00686,0.8125571967964447
202104,03-00687,0.46961306328427943
202104,03-00688,0.7088900940259836
202104,03-00689,0.6716007452167286
202104,03-00690,0.7235777513416828
202104,03-00691,0.6924219259131336
202104,03-00692,0.6725132944259401
202104,03-00693,0.749221401688051
202104,03-00694,0.7531666641206868
202104,03-00695,0.7676663925438254
202104,03-00696,0.8038647860728612
202104,03-00697,0.579612822926527
202104,03-00698,0.9138789661114699
202104,03-00699,0.6446730775557064
202104,03-00700,0.6673068621425416
202104,03-00701,0.7084005656256194
202104,03-00702,0.8396666096849983
202104,03-00703,0.8213987992751334
202104,03-00704,0.6856850544624165
202104,03-00705,0.6429847376323323
202104,03-00706,0.7787040650646728
202104,03-00707,0.8011807889450702
202104,03-00708,0.7715160059817047
202104,03-00709,0.6809467746141785
202104,03-00710,0.47227032720316425
202104,03-00711,0.6234378346566561
202104,03-00712,0.8376910178634158
202104,03-00713,0.7947642657269696
202104,03-00714,0.8137453967266881
202104,03-00715,0.3920771788445181
202104,03-00716,0.7401375618411471
202104,03-00717,0.9287391593058206
202104,03-00718,0.8245761297860679
202104,03-00719,0.37416511232048383
202104,03-00720,0.7554448535138585
202104,03-00721,0.5924164653764966
202104,03-00722,0.5335009629384222
202104,03-00723,0.7634241007036943
202104,03-00724,0.8463317924702316
202104,03-00725,0.7070732098376761
202104,03-00726,0.9535749302212642
202104,03-00727,0.8597244542766502
202104,03-00728,0.8271245422711492
202104,03-00729,0.7487294995747251
202104,03-00730,0.5295540465521407
202104,03-00731,0.6934329077009006
202104,03-00732,0.569148441635152
202104,03-00733,0.5675427305523525
202104,03-00734,0.44938198437674154
202104,03-00735,0.3839770144875969
202104,03-00736,0.6382158735050117
202104,03-00737,0.8760730895985337
202104,03-00738,0.7931194671155186
202104,03-00739,0.7862685274518971
202104,03-00740,0.8907533468144028
202104,03-00741,0.7009372830516966
202104,03-00742,0.7903102781523106
202104,03-00743,0.6412777932762357
202104,03-00744,0.7114002851186471
202104,03-00745,0.7139692712457217
202104,03-00746,0.5142447781575548
202104,03-00747,0.4790301503547411
202104,03-00748,0.9030508595324284
202104,03-00749,0.7332303747235449
202104,03-00750,0.8070852803727924
202104,03-00751,0.5956518153275162
202104,03-00752,0.7064518905118524
202104,03-00753,0.8197175963749734
202104,03-00754,0.6689007268321908
202104,03-00755,0.6844388901223363
202104,03-00756,0.7188343838980901
202104,03-00757,0.7926090278049422
202104,03-00758,0.8252796178037598
202104,03-00759,0.898529663713029
202104,03-00760,0.6394397836564978
202104,03-00761,0.45348776934894225
202104,03-00762,0.6939181637471341
202104,03-00763,0.6420933652087156
202104,03-00764,0.7564258384514315
202104,03-00765,0.7276085093915948
202104,03-00766,0.7036087140657779
202104,03-00767,0.8738277165370788
202104,03-00768,0.7936289716966282
202104,03-00769,0.49547856739061813
202104,03-00770,0.9198057925913826
202104,03-00771,0.8327991494172661
202104,03-00772,0.7533348224136496
202104,03-00773,0.6031663799074238
202104,03-00774,0.8835970505791239
202104,03-00775,0.723781500657947
202104,03-00776,0.515366861119093
202104,03-00777,0.8559304965354136
202104,03-00778,0.8258305622420921
202104,03-00779,0.6341831911841007
202104,03-00780,0.7763005892307809
202104,03-00781,0.8823507842547135
202104,03-00782,0.8310597295554824
202104,03-00783,0.6057698781861937
202104,03-00784,0.5934719417247847
202104,03-00785,0.8300108909941252
202104,03-00786,0.692278449340175
202104,03-00787,0.6335376642187847
202104,03-00788,0.8079019754878175
202104,03-00789,0.5486202445515568
202104,03-00790,0.6133984013037943
202104,03-00791,0.33427178606450675
202104,03-00792,0.8147032659606219
202104,03-00793,0.8772463387191359
202104,03-00794,0.4317800075420498
202104,03-00795,0.6552426846851522
202104,03-00796,0.6716939139600431
202104,03-00797,0.3814116027868386
202104,03-00798,0.7695188502145149
202104,03-00799,0.6675272340003282
202104,03-00800,0.3543862095764345
202104,03-00801,0.8214383034250783
202104,03-00802,0.6748692051833473
202104,03-00803,0.9155747799425582
202104,03-00804,0.8050381281285353
202104,03-00805,0.8785222418213406
202104,03-00806,0.5354215640596218
202104,03-00807,0.6001824511435865
202104,03-00808,0.7348920001005512
202104,03-00809,0.48078800725029597
202104,03-00810,0.4620072134487142
202104,03-00811,0.6438614528040406
202104,03-00812,0.7131517110805832
202104,03-00813,0.6639031550337975
202104,03-00814,0.5648159054487172
202104,03-00815,0.4953546918853187
202104,03-00816,0.8192162129092544
202104,03-00817,0.7364959758909888
202104,03-00818,0.6354690042496753
202104,03-00819,0.6500272223832775
202104,03-00820,0.6800259666858329
202104,03-00821,0.5465617872031349
202104,03-00822,0.9052812405458998
202104,03-00823,0.9037855708452912
202104,03-00824,0.6998859456320656
202104,03-00825,0.46816096247416256
202104,03-00826,0.7866447898901205
202104,03-00827,0.7061236020980297
202104,03-00828,0.8783155583633875
202104,03-00829,0.9345327497735512
202104,03-00830,0.5398899474388654
202104,03-00831,0.5698671928600798
202104,03-00832,0.6385326160604072
202104,03-00833,0.6095368450584999
202104,03-00834,0.7361738771042156
202104,03-00835,0.6660542515952351
202104,03-00836,0.6518332472049163
202104,03-00837,0.6852602393598847
202104,03-00838,0.6115480460026153
202104,03-00839,0.8021453146935416
202104,03-00840,0.593332915048767
202104,03-00841,0.4671082670200624
202104,03-00842,0.8479351930261041
202104,03-00843,0.8837710695344726
202104,03-00844,0.5540670714517537
202104,03-00845,0.6066428931982293
202104,03-00846,0.8209650617167856
202104,03-00847,0.6570395361709549
202104,03-00848,0.6369913875873555
202104,03-00849,0.7380846469031395
202104,03-00850,0.7190503083399997
202104,03-00851,0.524618845771338
202104,03-00852,0.6232475039362106
202104,03-00853,0.80588921662798
202104,03-00854,0.7819230960163202
202104,03-00855,0.8135670817236251
202104,03-00856,0.5667093536602438
202104,03-00857,0.8296213973304288
202104,03-00858,0.540146575175942
202104,03-00859,0.7068734769823343
202104,03-00860,0.9121054329910919
202104,03-00861,0.8066068194953351
202104,03-00862,0.834030698688654
202104,03-00863,0.5275390761755901
202104,03-00864,0.5810084394060283
202104,03-00865,0.45400684145730624
202104,03-00866,0.8649856429210789
202104,03-00867,0.8512057012026772
202104,03-00868,0.7569140791129935
202104,03-00869,0.8562178819981291
202104,03-00870,0.8311278069353525
202104,03-00871,0.6681809550950482
202104,03-00872,0.8173675482494239
202104,03-00873,0.7776590949759893
202104,03-00874,0.7820638305624652
202104,03-00875,0.7253403850256043
202104,03-00876,0.8529847600709358
202104,03-00877,0.7277245589823307
202104,03-00878,0.838846678236015
202104,03-00879,0.8153069576370319
202104,03-00880,0.7443581306253406
202104,03-00881,0.6383678268256175
202104,03-00882,0.7969517526617965
202104,03-00883,0.4835987659727943
202104,03-00884,0.9287748743282228
202104,03-00885,0.4204453495657249
202104,03-00886,0.8729213436577214
202104,03-00887,0.6514415274835189
202104,03-00888,0.7890406650161114
202104,03-00889,0.5744382984232196
202104,03-00890,0.5491643259043268
202104,03-00891,0.6769420281406896
202104,03-00892,0.6658994475884327
202104,03-00893,0.4878178176496606
202104,03-00894,0.7242067637569938
202104,03-00895,0.6554212952860925
202104,03-00896,0.8951730299637627
202104,03-00897,0.6278469225846774
202104,03-00898,0.8082775615395356
202104,03-00899,0.5479429588252329
202104,03-00900,0.8296087458280658
202104,03-00901,0.7579255335467369
202104,03-00902,0.8525074400217197
202104,03-00903,0.5607579254107734
202104,03-00904,0.6348026158727567
202104,03-00905,0.7738773496967414
202104,03-00906,0.8753856141663939
202104,03-00907,0.6257786451436442
202104,03-00908,0.6942276269261388
202104,03-00909,0.601693889528088
202104,03-00910,0.6311752848081333
202104,03-00911,0.8274519017141144
202104,03-00912,0.7609712692800862
202104,03-00913,0.532932696788221
202104,03-00914,0.5786022225066381
202104,03-00915,0.8117229270916114
202104,03-00916,0.4831677429372165
202104,03-00917,0.8785222418213406
202104,03-00918,0.6594677734789864
202104,03-00919,0.710279306120443
202104,03-00920,0.5683970173540964
202104,03-00921,0.8513192932907517
202104,03-00922,0.8994073748804617
202104,03-00923,0.7423013287555079
202104,03-00924,0.7928517886952167
202104,03-00925,0.8076570082739516
202104,03-00926,0.5618973555777201
202104,03-00927,0.45822144720144325
202104,03-00928,0.4420767386618014
202104,03-00929,0.6828595559905283
202104,03-00930,0.5868853927521687
202104,03-00931,0.5252501145536563
202104,03-00932,0.9001959521761626
202104,03-00933,0.5019864185724222
202104,03-00934,0.8335344040785901
202104,03-00935,0.38595340555662244
202104,03-00936,0.801611408853453
202104,03-00937,0.5794793591531254
202104,03-00938,0.8071354518492655
202104,03-00939,0.5452222864329744
202104,03-00940,0.784584477745106
202104,03-00941,0.8583366850390275
202104,03-00942,0.6655510362370799
202104,03-00943,0.6942383506793702
202104,03-00944,0.8719903381109035
202104,03-00945,0.8622867709701242
202104,03-00946,0.7556832810852553
202104,03-00947,0.5389634338289355
202104,03-00948,0.6866109478242898
202104,03-00949,0.6112257918973135
202104,03-00950,0.7703013123877618
202104,03-00951,0.8086810130355538
202104,03-00952,0.5975439064843039
202104,03-00953,0.6423742897913076
202104,03-00954,0.6106985351957779
202104,03-00955,0.7342274434510541
202104,03-00956,0.6703928992932763
202104,03-00957,0.7851686029269473
202104,03-00958,0.7622572313563712
202104,03-00959,0.697332204832634
202104,03-00960,0.3938021890948803
202104,03-00961,0.7715864456911985
202104,03-00962,0.5437451290105253
202104,03-00963,0.845952265224591
202104,03-00964,0.7534212281543383
202104,03-00965,0.6961476976999188
202104,03-00966,0.8658803506060068
202104,03-00967,0.7610775508018595
202104,03-00968,0.594901971414099
202104,03-00969,0.5779711408261617
202104,03-00970,0.7095248019918463
202104,03-00971,0.8155154065085118
202104,03-00972,0.8715645928060493
202104,03-00973,0.4440041742447721
202104,03-00974,0.881165953814784
202104,03-00975,0.8187340140777101
202104,03-00976,0.9257483626509874
202104,03-00977,0.7318611473631201
202104,03-00978,0.6950675793551978
202104,03-00979,0.7969323482935862
202104,03-00980,0.8624466211064086
202104,03-00981,0.4718681180402599
202104,03-00982,0.8077837836927233
202104,03-00983,0.6798309201237769
202104,03-00984,0.9214861228201201
202104,03-00985,0.8249978963638
202104,03-00986,0.5866577915477099
202104,03-00987,0.7730540090852414
202104,03-00988,0.6382301958321636
202104,03-00989,0.562948289936986
202104,03-00990,0.8526506915481782
202104,03-00991,0.5626600903251763
202104,03-00992,0.7271405328655668
202104,03-00993,0.9105528851982215
202104,03-00994,0.6425278084191164
202104,03-00995,0.8204680681002816
202104,03-00996,0.5998087944707261
202104,03-00997,0.6467629467336082
202104,03-00998,0.3449928072369355
202104,03-00999,0.6996132390562951
202104,03-01000,0.5524349819066738
202104,03-01001,0.6090423070562849
202104,03-01002,0.49071766099478004
202104,03-01003,0.8509265190292054
202104,03-01004,0.7955169074102404
202104,03-01005,0.6184175685095393
202104,03-01006,0.5824993122924178
202104,03-01007,0.8144945959646155
202104,03-01008,0.8366692596334808
202104,03-01009,0.6186344913344097
202104,03-01010,0.6427567501050009
202104,03-01011,0.9294599938074646
202104,03-01012,0.8805629243216856
202104,03-01013,0.7895897518345787
202104,03-01014,0.8647154206571432
202104,03-01015,0.7510127159996912
202104,03-01016,0.8140642240677801
202104,03-01017,0.8824273023905335
202104,03-01018,0.7649145974491262
202104,03-01019,0.8649979921442424
202104,03-01020,0.8152291800831836
202104,03-01021,0.8679627971694746
202104,03-01022,0.7245809192744079
202104,03-01023,0.7806707056386587
202104,03-01024,0.7530646120743821
202104,03-01025,0.670848736422422
202104,03-01026,0.381848015819183
202104,03-01027,0.7007500302941472
202104,03-01028,0.7730063664595516
202104,03-01029,0.6863335299018438
202104,03-01030,0.42278895155048485
202104,03-01031,0.47875895815848984
202104,03-01032,0.5603098740723425
202104,03-01033,0.8016029034761288
202104,03-01034,0.8985018520963901
202104,03-01035,0.82034657150055
202104,03-01036,0.88220463087101
202104,03-01037,0.5920847925428315
202104,03-01038,0.8727184182661729
202104,03-01039,0.555360371706616
202104,03-01040,0.9427632617566774
202104,03-01041,0.807585425955516
202104,03-01042,0.8222898407253102
202104,03-01043,0.829201009981342
202104,03-01044,0.5901342321383408
202104,03-01045,0.6196617537117871
202104,03-01046,0.7187998408300238
202104,03-01047,0.4493257963523576
202104,03-01048,0.9081239951203248
202104,03-01049,0.8158765565104855
202104,03-01050,0.8028576158531189
202104,03-01051,0.8530637489399601
202104,03-01052,0.47617086017060095
202104,03-01053,0.6116093045410387
202104,03-01054,0.6547460920065225
202104,03-01055,0.72231019491543
202104,03-01056,0.7443219306517445
202104,03-01057,0.693372293640187
202104,03-01058,0.7167990802030181
202104,03-01059,0.6414325213394871
202104,03-01060,0.5419090523628312
202104,03-01061,0.7192754145130796
202104,03-01062,0.5971893541309767
202104,03-01063,0.8115500695223774
202104,03-01064,0.8262008172274624
202104,03-01065,0.6783269788434996
202104,03-01066,0.7131810948588492
202104,03-01067,0.722768524226302
202104,03-01068,0.7116345848158725
202104,03-01069,0.5653635545597335
202104,03-01070,0.6693260015467396
202104,03-01071,0.6301633867247828
202104,03-01072,0.6174064314227569
202104,03-01073,0.7580199005820523
202104,03-01074,0.8051759743853042
202104,03-01075,0.9207139260445903
202104,03-01076,0.6279306281606054
202104,03-01077,0.4764681892771837
202104,03-01078,0.7455707964468352
202104,03-01079,0.7793610849728432
202104,03-01080,0.8082287571843234
202104,03-01081,0.7573906149273114
202104,03-01082,0.7657193103622062
202104,03-01083,0.8602905351845707
202104,03-01084,0.7990194249560421
202104,03-01085,0.7300067805944519
202104,03-01086,0.8071214216868844
202104,03-01087,0.851860871580092
202104,03-01088,0.7294286908611118
202104,03-01089,0.652760048964728
202104,03-01090,0.41760532547026896
202104,03-01091,0.5559088111064006
202104,03-01092,0.4632905060797562
202104,03-01093,0.8097679138639169
202104,03-01094,0.7533995376198214
202104,03-01095,0.6881233273815095
202104,03-01096,0.8377471143244907
202104,03-01097,0.49062389752085606
202104,03-01098,0.7033607347789667
202104,03-01099,0.7135972616502904
202104,03-01100,0.7166287324702859
202104,03-01101,0.6223160532611569
202104,03-01102,0.5678939831903494
202104,03-01103,0.7054092511819067
202104,03-01104,0.9034878909954644
202104,03-01105,0.7006826091397782
202104,03-01106,0.722102245141242
202104,03-01107,0.8109285650564602
202104,03-01108,0.555579800505705
202104,03-01109,0.8259885954893468
202104,03-01110,0.8242229139269828
202104,03-01111,0.6790909139813542
202104,03-01112,0.6889313123760917
202104,03-01113,0.8376618422906391
202104,03-01114,0.5602346133088653
202104,03-01115,0.6348532485160728
202104,03-01116,0.6994487324527586
202104,03-01117,0.7327409361834133
202104,03-01118,0.907584983513155
202104,03-01119,0.9100360807954982
202104,03-01120,0.6310483971103433
202104,03-01121,0.7263828932665065
202104,03-01122,0.4349006357447304
202104,03-01123,0.6721751580249341
202104,03-01124,0.6584613353768388
202104,03-01125,0.5062456956610707
202104,03-01126,0.6212183030502176
202104,03-01127,0.9419153716758145
202104,03-01128,0.7738327438995398
202104,03-01129,0.6390970964530552
202104,03-01130,0.662572036199264
202104,03-01131,0.7808836168880455
202104,03-01132,0.7959986654430663
202104,03-01133,0.8504877807688906
202104,03-01134,0.8376958171488176
202104,03-01135,0.8510590148944764
202104,03-01136,0.8756723609997084
202104,03-01137,0.7265781604836423
202104,03-01138,0.33011170240625365
202104,03-01139,0.9086193900468172
202104,03-01140,0.7405096631684045
202104,03-01141,0.753083082160377
202104,03-01142,0.5221776354090653
202104,03-01143,0.6854984257692541
202104,03-01144,0.6973156496811825
202104,03-01145,0.9353568325717418
202104,03-01146,0.7263734565366159
202104,03-01147,0.8410734090857341
202104,03-01148,0.8812086098944343
202104,03-01149,0.47911672181550213
202104,03-01150,0.44840830132947
202104,03-01151,0.7366216699876368
202104,03-01152,0.6472602304527871
202104,03-01153,0.7001966433255891
202104,03-01154,0.5307163812859597
202104,03-01155,0.5945728252001543
202104,03-01156,0.9161401213287841
202104,03-01157,0.7955125055861995
202104,03-01158,0.6413279298290845
202104,03-01159,0.7401295981248655
202104,03-01160,0.8905347793562234
202104,03-01161,0.6234576246418044
202104,03-01162,0.8668408436880445
202104,03-01163,0.49949668950213766
202104,03-01164,0.6096609168198424
202104,03-01165,0.5616721734525683
202104,03-01166,0.7003289876891676
202104,03-01167,0.8044156304197103
202104,03-01168,0.947762075010133
202104,03-01169,0.7806769947647385
202104,03-01170,0.7307642331363075
202104,03-01171,0.719214672066484
202104,03-01172,0.8213622213620344
202104,03-01173,0.603723774309907
202104,03-01174,0.7746707174006939
202104,03-01175,0.6506677341116801
202104,03-01176,0.8247306200311075
202104,03-01177,0.763794411110302
202104,03-01178,0.5732802008858539
202104,03-01179,0.47452998740088087
202104,03-01180,0.9040876302719095
202104,03-01181,0.593006810993312
202104,03-01182,0.43089132371939304
202104,03-01183,0.8313016128703977
202104,03-01184,0.665664260024352
202104,03-01185,0.6286509092007312
202104,03-01186,0.6435554953047817
202104,03-01187,0.8022363798267974
202104,03-01188,0.7772447424759489
202104,03-01189,0.7811676150905217
202104,03-01190,0.7992466213534195
202104,03-01191,0.6134237315018229
202104,03-01192,0.7194154802141363
202104,03-01193,0.620380284358802
202104,03-01194,0.8238514476027763
202104,03-01195,0.8594251196945021
202104,03-01196,0.8077937461022866
202104,03-01197,0.8311003706717336
202104,03-01198,0.7376926135046923
202104,03-01199,0.819004020861876
202104,03-01200,0.641145056560649
202104,03-01201,0.7688589892376099
202104,03-01202,0.5683078126679224
202104,03-01203,0.732879806202454
202104,03-01204,0.4824134701281844
202104,03-01205,0.8211899724501165
202104,03-01206,0.6629503091432277
202104,03-01207,0.5223400163649542
202104,03-01208,0.7858538116711205
202104,03-01209,0.8264247022211502
202104,03-01210,0.6998113312601795
202104,03-01211,0.7499538071892854
202104,03-01212,0.8237950730954241
202104,03-01213,0.8098837023257254
202104,03-01214,0.6446549629993975
202104,03-01215,0.6073356870194027
202104,03-01216,0.6934561416946735
202104,03-01217,0.6931784813286681
202104,03-01218,0.5511230452667496
202104,03-01219,0.5418080662379285
202104,03-01220,0.7091150509833929
202104,03-01221,0.9257788475947711
202104,03-01222,0.7377781454024028
202104,03-01223,0.598233661939774
202104,03-01224,0.5507466022525312
202104,03-01225,0.7583761431276675
202104,03-01226,0.6747664014019092
202104,03-01227,0.8737046596261111
202104,03-01228,0.6031312803755291
202104,03-01229,0.8334243183297666
202104,03-01230,0.9187894005403056
202104,03-01231,0.8346647602171032
202104,03-01232,0.7952043373554932
202104,03-01233,0.7746137382318022
202104,03-01234,0.621597504203336
202104,03-01235,0.8703092132498965
202104,03-01236,0.6143119877299643
202104,03-01237,0.7446541504630767
202104,03-01238,0.8018559693816151
202104,03-01239,0.6617297509949257
202104,03-01240,0.7278550319584458
202104,03-01241,0.8035760072209421
202104,03-01242,0.9372073371544789
202104,03-01243,0.7931968072277263
202104,03-01244,0.8086565126061879
202104,03-01245,0.815353449490149
202104,03-01246,0.5802840788516314
202104,03-01247,0.6884893427437757
202104,03-01248,0.6631638396334815
202104,03-01249,0.6877732508541914
202104,03-01250,0.8541324856037283
202104,03-01251,0.6784017254859993
202104,03-01252,0.5688941303379006
202104,03-01253,0.8669796207361563
202104,03-01254,0.8646086562933241
202104,03-01255,0.6501919534019686
202104,03-01256,0.630869632282773
202104,03-01257,0.7975270649087918
202104,03-01258,0.784665802687902
202104,03-01259,0.6489266865708544
202104,03-01260,0.8738319716144367
202104,03-01261,0.9096731983202508
202104,03-01262,0.7591645549796809
202104,03-01263,0.8679532876831811
202104,03-01264,0.6646151210505351
202104,03-01265,0.7480393954571308
202104,03-01266,0.8237029132645032
202104,03-01267,0.42269655972166204
202104,03-01268,0.8337120815551385
202104,03-01269,0.8289276904154627
202104,03-01270,0.7849590618218415
202104,03-01271,0.6157026470289949
202104,03-01272,0.7244873744757585
202104,03-01273,0.8655686244387965
202104,03-01274,0.9341765738894472
202104,03-01275,0.8591895618904786
202104,03-01276,0.5752872981568895
202104,03-01277,0.8405863879214399
202104,03-01278,0.8708543794429484
202104,03-01279,0.6459920723987804
202104,03-01280,0.721921466531724
202104,03-01281,0.6406717644650061
202104,03-01282,0.6474244310013733
202104,03-01283,0.6863286033008819
202104,03-01284,0.8968830071824468
202104,03-01285,0.6686299501559546
202104,03-01286,0.6099061720866896
202104,03-01287,0.8851822785472403
202104,03-01288,0.7821541584574051
202104,03-01289,0.7571065459730855
202104,03-01290,0.723657403882765
202104,03-01291,0.8072933723277032
202104,03-01292,0.7292503008912171
202104,03-01293,0.7761965565916236
202104,03-01294,0.8225320390210668
202104,03-01295,0.5417312578739252
202104,03-01296,0.7870686535095021
202104,03-01297,0.8492387438045971
202104,03-01298,0.7519906164990382
202104,03-01299,0.757403889078658
202104,03-01300,0.6218935721373768
202104,03-01301,0.8872520435435057
202104,03-01302,0.873368315476915
202104,03-01303,0.7917390671638906
202104,03-01304,0.8255311424529305
202104,03-01305,0.8742838406133038
202104,03-01306,0.5964463694594003
202104,03-01307,0.6489434788968209
202104,03-01308,0.7275822528983376
202104,03-01309,0.7233380511600322
202104,03-01310,0.8297030948581227
202104,03-01311,0.593972721906348
202104,03-01312,0.5945409791212457
202104,03-01313,0.6883316653797656
202104,03-01314,0.7068170405785834
202104,03-01315,0.7118215272025732
202104,03-01316,0.772641329209167
202104,03-01317,0.6126295399306273
202104,03-01318,0.6481754861041205
202104,03-01319,0.8913047858511469
202104,03-01320,0.7888859721489765
202104,03-01321,0.6699669745331637
202104,03-01322,0.5500490736494597
202104,03-01323,0.9305479225732927
202104,03-01324,0.8307790904160635
202104,03-01325,0.7566140188728605
202104,03-01326,0.7435968074801146
202104,03-01327,0.8738170705704392
202104,03-01328,0.5342387249649149
202104,03-01329,0.5401359334344793
202104,03-01330,0.8689141165010301
202104,03-01331,0.6803788371442905
202104,03-01332,0.6663952461246173
202104,03-01333,0.7809018178822802
202104,03-01334,0.6525848720848851
202104,03-01335,0.7113841207688749
202104,03-01336,0.6247267563001967
202104,03-01337,0.7800981388447945
202104,03-01338,0.734094693691928
202104,03-01339,0.7968276677366388
202104,03-01340,0.8081738938027179
202104,03-01341,0.4403068448456602
202104,03-01342,0.6276378600437962
202104,03-01343,0.4221089357942224
202104,03-01344,0.7510430970488376
202104,03-01345,0.5429463877617628
202104,03-01346,0.6945947788937725
202104,03-01347,0.3953080895236355
202104,03-01348,0.5281141928096817
202104,03-01349,0.7259512896807132
202104,03-01350,0.5353327052205781
202104,03-01351,0.6348652969049636
202104,03-01352,0.729369704391771
202104,03-01353,0.6670089430062469
202104,03-01354,0.8226385250579193
202104,03-01355,0.7926207055619827
202104,03-01356,0.8000666216477726
202104,03-01357,0.8755062458413242
202104,03-01358,0.7408398690983004
202104,03-01359,0.7639089839331219
202104,03-01360,0.8884331231070144
202104,03-01361,0.8685999696088355
202104,03-01362,0.6476136533783173
202104,03-01363,0.5915714225833789
202104,03-01364,0.7681627803947012
202104,03-01365,0.776837088752667
202104,03-01366,0.5993786522540208
202104,03-01367,0.4979541088708827
202104,03-01368,0.734614424728901
202104,03-01369,0.453758288874729
202104,03-01370,0.622942900441916
202104,03-01371,0.7702873655666077
202104,03-01372,0.764214499515287
202104,03-01373,0.6927232740038419
202104,03-01374,0.9201702329059006
202104,03-01375,0.7375893770185079
202104,03-01376,0.8237060201272057
202104,03-01377,0.7891950499188508
202104,03-01378,0.7169779100475151
202104,03-01379,0.5861943239853256
202104,03-01380,0.6538340151575843
202104,03-01381,0.2851672937260566
202104,03-01382,0.6666726022110785
202104,03-01383,0.5756278066061814
202104,03-01384,0.4278658702116768
202104,03-01385,0.8603533193446191
202104,03-01386,0.8391288966019222
202104,03-01387,0.6752091123203727
202104,03-01388,0.6825381836969823
202104,03-01389,0.7667856665776384
202104,03-01390,0.8125945139734551
202104,03-01391,0.7867959690458733
202104,03-01392,0.7338779983412856
202104,03-01393,0.7987894362348313
202104,03-01394,0.5718970894969528
202104,03-01395,0.7411037754399081
202104,03-01396,0.8428303896109901
202104,03-01397,0.7900945708561627
202104,03-01398,0.8685669804908824
202104,03-01399,0.6821707157022636
202104,03-01400,0.6394687257821985
202104,03-01401,0.8249769865088414
202104,03-01402,0.656004197996559
202104,03-01403,0.9343842767282318
202104,03-01404,0.7588084382186541
202104,03-01405,0.87932649084937
202104,03-01406,0.9268634674182044
202104,03-01407,0.645613939640777
202104,03-01408,0.7950209941348262
202104,03-01409,0.7738642472588185
202104,03-01410,0.7792982945187062
202104,03-01411,0.743297126775577
202104,03-01412,0.3801671466942566
202104,03-01413,0.41688844853894386
202104,03-01414,0.7997841827547899
202104,03-01415,0.6501999997505911
202104,03-01416,0.6754570968555295
202104,03-01417,0.8796373937588718
202104,03-01418,0.8914250323080224
202104,03-01419,0.6649202556778394
202104,03-01420,0.7790188842183181
202104,03-01421,0.7399690909570694
202104,03-01422,0.7957724686569706
202104,03-01423,0.8757759784659503
202104,03-01424,0.5963330473696871
202104,03-01425,0.8628848351429954
202104,03-01426,0.8374572589818085
202104,03-01427,0.6857459304897062
202104,03-01428,0.7512763734958219
202104,03-01429,0.7979640157596246
202104,03-01430,0.6381760652279854
202104,03-01431,0.5856079695584369
202104,03-01432,0.9141088838241678
202104,03-01433,0.920390565566168
202104,03-01434,0.7818540149095097
202104,03-01435,0.7281367981793099
202104,03-01436,0.6687790821353957
202104,03-01437,0.8317255543102443
202104,03-01438,0.7896551563482571
202104,03-01439,0.4310683119877453
202104,03-01440,0.446198975549517
202104,03-01441,0.6204017197590916
202104,03-01442,0.8694341830084579
202104,03-01443,0.48690669742413717
202104,03-01444,0.7635524751950138
202104,03-01445,0.7210034337376066
202104,03-01446,0.8180283258619346
202104,03-01447,0.43027631762893986
202104,03-01448,0.8092465162244418
202104,03-01449,0.7164722692117121
202104,03-01450,0.8608912813638246
202104,03-01451,0.9206139667837886
202104,03-01452,0.8089966591478825
202104,03-01453,0.8113439497857131
202104,03-01454,0.3551963797688795
202104,03-01455,0.8874271248643419
202104,03-01456,0.4648774609653069
202104,03-01457,0.6800416949091799
202104,03-01458,0.6884804964628937
202104,03-01459,0.856664152336808
202104,03-01460,0.7524379680589169
202104,03-01461,0.5171852383441989
202104,03-01462,0.7010203418870397
202104,03-01463,0.7888971166952022
202104,03-01464,0.7534112925765567
202104,03-01465,0.684989161044236
202104,03-01466,0.8371427816052748
202104,03-01467,0.524730953721109
202104,03-01468,0.6088722133482679
202104,03-01469,0.7726083651415308
202104,03-01470,0.6048384164660124
202104,03-01471,0.7848284436978621
202104,03-01472,0.6059629948999767
202104,03-01473,0.7965831604219583
202104,03-01474,0.79870662402782
202104,03-01475,0.5188027089106113
202104,03-01476,0.6826061201752829
202104,03-01477,0.789485524594038
202104,03-01478,0.7062189105285024
202104,03-01479,0.8532058302786154
202104,03-01480,0.8134700237894564
202104,03-01481,0.8977169565783435
202104,03-01482,0.8748204285061463
202104,03-01483,0.6133178484746736
202104,03-01484,0.8598276123950354
202104,03-01485,0.8720172127819718
202104,03-01486,0.7245540876537457
202104,03-01487,0.6829205505948859
202104,04-00000,0.9470823889496838
202104,04-00001,0.9909248537127353
202104,04-00002,0.9900480579475217
202104,04-00003,0.9864683399566068
202104,04-00004,0.541238186309236
202104,04-00005,0.8894897796030132
202104,04-00006,0.9692987838199303
202104,04-00007,0.7556220548616837
202104,04-00008,0.9761160875416909
202104,04-00009,0.013389200064886789
202104,04-00010,0.9710025709166439
202104,04-00011,0.9621413354149663
202104,04-00012,0.9876227386814552
202104,04-00013,0.5913682841744541
202104,04-00014,0.7878536649591847
202104,04-00015,0.40804848316944453
202104,04-00016,0.6070597225201391
202104,04-00017,0.6488199616515582
202104,04-00018,0.9571599900399445
202104,04-00019,0.7864736051402851
202104,04-00020,0.8926088660341334
202104,04-00021,0.873662688895119
202104,04-00022,0.9892242958719161
202104,04-00023,0.20198648062308278
202104,04-00024,0.34222172439773324
202104,04-00025,0.8725150034632666
202104,04-00026,0.27499364265970055
202104,04-00027,0.9982136243621461
202104,04-00028,0.4179719022536393
202104,04-00029,0.9259135730513428
202104,04-00030,0.9933642012361419
202104,04-00031,0.8683388352295582
202104,04-00032,0.6702536865601829
202104,04-00033,0.39594818007324983
202104,04-00034,0.5162826101044024
202104,04-00035,0.9894714416785996
202104,04-00036,0.6651171952795801
202104,04-00037,0.9711874535269456
202104,04-00038,0.9911534671970903
202104,04-00039,0.32402566747586764
202104,04-00040,0.49260528137455023
202104,04-00041,0.8996929593510608
202104,04-00042,0.4217812692503188
202104,04-00043,0.9229589769537219
202104,04-00044,0.9117624294896469
202104,04-00045,0.9824851395097915
202104,04-00046,0.9995790440220051
202104,04-00047,0.21832178864509708
202104,04-00048,0.5450972953850743
202104,04-00049,0.9836714671515779
202104,04-00050,0.7478228699793706
202104,04-00051,0.9830543258852004
202104,04-00052,0.851734079624394
202104,04-00053,0.9789409324089502
202104,04-00054,0.9847613181419349
202104,04-00055,0.23790695859433697
202104,04-00056,0.9759683406181666
202104,04-00057,0.9566035914463064
202104,04-00058,0.9865635466782924
202104,04-00059,0.975972945375066
202104,04-00060,0.9245911736381982
202104,04-00061,0.01575872024318426
202104,04-00062,0.8413876065266702
202104,04-00063,0.8884780416247586
202104,04-00064,0.9437391704996022
202104,04-00065,0.9756298770477688
202104,04-00066,0.9866348269135646
202104,04-00067,0.9449683421720025
202104,04-00068,0.9941712207680738
202104,04-00069,0.971509794251276
202104,04-00070,0.32628256798660504
202104,04-00071,0.9920275390770443
202104,04-00072,0.9749776005412815
202104,04-00073,0.8274490552415086
202104,04-00074,0.9420988119659274
202104,04-00075,0.9206036662963908
202104,04-00076,0.2688929999811618
202104,04-00077,0.566735058844631
202104,04-00078,0.9877615643666694
202104,04-00079,0.9556897566892144
202104,04-00080,0.8749939144387997
202104,04-00081,0.9660950310200797
202104,04-00082,0.837903097953228
202104,04-00083,0.9936385788275979
202104,04-00084,0.6490885666889455
202104,04-00085,0.9775179638473853
202104,04-00086,0.09409657124619107
202104,04-00087,0.7714834400153542
202104,04-00088,0.677405471463244
202104,04-00089,0.5659040829154879
202104,04-00090,0.99205314674118
202104,04-00091,0.8789017301032572
202104,04-00092,0.6988045349423417
202104,04-00093,0.9481400861596249
202104,04-00094,0.9827635772550265
202104,04-00095,0.7103683272587401
202104,04-00096,0.7312212283381774
202104,04-00097,0.026215284493419453
202104,04-00098,0.5306339914947755
202104,04-00099,0.9241912423598942
202104,04-00100,0.9962510819793768
202104,04-00101,0.9992056337190952
202104,04-00102,0.018681165939258646
202104,04-00103,0.8925309854352765
202104,04-00104,0.45080126955964483
202104,04-00105,0.912325942347
202104,04-00106,0.9098134104576009
202104,04-00107,0.9703070576515559
202104,04-00108,0.8054106944063921
202104,04-00109,0.9592787945442222
202104,04-00110,0.936895767354279
202104,04-00111,0.567057521136635
202104,04-00112,0.9966142412785033
202104,04-00113,0.9228761980359274
202104,04-00114,0.9930942597478487
202104,04-00115,0.9983484039658923
202104,04-00116,0.9994304773270666
202104,04-00117,0.9165721882543711
202104,04-00118,0.9814151022922323
202104,04-00119,0.3352090702620539
202104,04-00120,0.9598966479891327
202104,04-00121,0.16011980715396587
202104,04-00122,0.9770669859027246
202104,04-00123,0.9074519112653737
202104,04-00124,0.22245125443407415
202104,04-00125,0.950335205495577
202104,04-00126,0.4863480162712067
202104,04-00127,0.049749810605737216
202104,04-00128,0.8980986854525727
202104,04-00129,0.9336099675822724
202104,04-00130,0.8987133464710592
202104,04-00131,0.04016277702986576
202104,04-00132,0.4249918695880436
202104,04-00133,0.7394800652781843
202104,04-00134,0.9572738172597179
202104,04-00135,0.956831703141232
202104,04-00136,0.9147011486915951
202104,04-00137,0.9723383877949425
202104,04-00138,0.06238514804159291
202104,04-00139,0.8979990582392657
202104,04-00140,0.9161566394020374
202104,04-00141,0.9899169789932644
202104,04-00142,0.7937320762077669
202104,04-00143,0.9630678822067432
202104,04-00144,0.9228783662396941
202104,04-00145,0.8371808574321096
202104,04-00146,0.5295459730599252
202104,04-00147,0.8757569720626714
202104,04-00148,0.9276052562218288
202104,04-00149,0.2640933126020263
202104,04-00150,0.9180227723248624
202104,04-00151,0.9882521043352257
202104,04-00152,0.45823621490106303
202104,04-00153,0.535571161026567
202104,04-00154,0.7362584307473169
202104,04-00155,0.3135749753070483
202104,04-00156,0.010863149052376593
202104,04-00157,0.8981359597029107
202104,04-00158,0.9408379508782148
202104,04-00159,0.6573028084350101
202104,04-00160,0.8419191487146519
202104,04-00161,0.6864460245544023
202104,04-00162,0.033538510955438874
202104,04-00163,0.9073835677071818
202104,04-00164,0.8426387662838395
202104,04-00165,0.13559985776847372
202104,04-00166,0.9938787491037381
202104,04-00167,0.9887697580762134
202104,04-00168,0.7117747502753559
202104,04-00169,0.4879185237852869
202104,04-00170,0.6336148072092009
202104,04-00171,0.8035654610889873
202104,04-00172,0.21029132177705265
202104,04-00173,0.7244202096376771
202104,04-00174,0.9730669375074221
202104,04-00175,0.9819302307607577
202104,04-00176,0.9945714701816716
202104,04-00177,0.8949520342996119
202104,04-00178,0.401502744469433
202104,04-00179,0.83884509472769
202104,04-00180,0.997572107419495
202104,04-00181,0.7775762468355337
202104,04-00182,0.91595059810723
202104,04-00183,0.8400108716846224
202104,04-00184,0.9995714452022804
202104,04-00185,0.5066318414218235
202104,04-00186,0.9688431725269254
202104,04-00187,0.9824303202935373
202104,04-00188,0.8735438985445922
202104,04-00189,0.9549147063138119
202104,04-00190,0.6285576540761558
202104,04-00191,0.7972987443686166
202104,04-00192,0.7241321540039379
202104,04-00193,0.7909278310899127
202104,04-00194,0.9526759817046743
202104,04-00195,0.9645570720704635
202104,04-00196,0.6946662660571192
202104,04-00197,0.30563230763765425
202104,04-00198,0.6402427195016935
202104,04-00199,0.9964421672309871
202104,04-00200,0.4175472688828011
202104,04-00201,0.3681273378561534
202104,04-00202,0.8768697501125611
202104,04-00203,0.9986674867539516
202104,04-00204,0.9629525359864732
202104,04-00205,0.37494727334413863
202104,04-00206,0.641190147779099
202104,04-00207,0.08866326288345269
202104,04-00208,0.8550686755566755
202104,04-00209,0.4257388551038032
202104,04-00210,0.9124899457663839
202104,04-00211,0.9711570991629646
202104,04-00212,0.9668391484619432
202104,04-00213,0.9886039402342247
202104,04-00214,0.736242407563374
202104,04-00215,0.7019284064840631
202104,04-00216,0.8789032679605719
202104,04-00217,0.5051604243105394
202104,04-00218,0.8306269060666066
202104,04-00219,0.864629564903826
202104,04-00220,0.8753021438298276
202104,04-00221,0.9872743428951104
202104,04-00222,0.9837288051138688
202104,04-00223,0.5235647994368962
202104,04-00224,0.9639657681168087
202104,04-00225,0.986292672358763
202104,04-00226,0.9954604136594076
202104,04-00227,0.9981427776464399
202104,04-00228,0.8089587676140403
202104,04-00229,0.9786933455985879
202104,04-00230,0.9084026965540036
202104,04-00231,0.9672067681436407
202104,04-00232,0.994995623096109
202104,04-00233,0.9983931115346514
202104,04-00234,0.15764495266007908
202104,04-00235,0.9921472775576891
202104,04-00236,0.9971940131287231
202104,04-00237,0.9877848979731059
202104,04-00238,0.8477699196015132
202104,04-00239,0.14132706016323857
202104,04-00240,0.7357666837310054
202104,04-00241,0.7931353210829432
202104,04-00242,0.9910600667503529
202104,04-00243,0.8421112632141643
202104,04-00244,0.9588906788506366
202104,04-00245,0.5348529400389844
202104,04-00246,0.34858432086490015
202104,04-00247,0.9677673350867234
202104,04-00248,0.05969724859237229
202104,04-00249,0.6340035132540589
202104,04-00250,0.9933210916828278
202104,04-00251,0.9179579589112792
202104,04-00252,0.9390697485858829
202104,04-00253,0.9912977163230432
202104,04-00254,0.8406789587101636
202104,04-00255,0.06445975159261791
202104,04-00256,0.7115494081532477
202104,04-00257,0.330200355314231
202104,04-00258,0.35764575542851196
202104,04-00259,0.1761716810843104
202104,04-00260,0.28781618034703116
202104,04-00261,0.477919386655502
202104,04-00262,0.8362117371240055
202104,04-00263,0.06778207593425106
202104,04-00264,0.7841875983358988
202104,04-00265,0.9531044384743455
202104,04-00266,0.9910238188587628
202104,04-00267,0.9620493472245496
202104,04-00268,0.14843763902386248
202104,04-00269,0.5286298528282365
202104,04-00270,0.7146141634302089
202104,04-00271,0.9961148134698788
202104,04-00272,0.9842875185313557
202104,04-00273,0.011106009558875949
202104,04-00274,0.9994883457717991
202104,04-00275,0.9727730837862442
202104,04-00276,0.7587171175035908
202104,04-00277,0.28460372165003595
202104,04-00278,0.9850055692574758
202104,04-00279,0.21120697892142348
202104,04-00280,0.7974439083616612
202104,04-00281,0.46920575085842275
202104,04-00282,0.8230184148684462
202104,04-00283,0.9805848105222373
202104,04-00284,0.9755724759853477
202104,04-00285,0.07552457126422009
202104,04-00286,0.9857966126904416
202104,04-00287,0.9508316462747605
202104,04-00288,0.9030425141011833
202104,04-00289,0.9324746813579535
202104,04-00290,0.16932016516827894
202104,04-00291,0.9327500453077645
202104,04-00292,0.4345740571803652
202104,04-00293,0.9482635528527571
202104,04-00294,0.6081714871625318
202104,04-00295,0.49886541077662877
202104,04-00296,0.9610628861644248
202104,04-00297,0.7345451270954622
202104,04-00298,0.9835788477456985
202104,04-00299,0.9961535705827776
202104,04-00300,0.7676921566622512
202104,04-00301,0.8349132026142406
202104,04-00302,0.9597917949170445
202104,04-00303,0.2336560060061465
202104,04-00304,0.24004292541315794
202104,04-00305,0.8526875402732363
202104,04-00306,0.7658464959879883
202104,04-00307,0.6221597850912102
202104,04-00308,0.7305072506255058
202104,04-00309,0.250686435457427
202104,04-00310,0.9987743550916606
202104,04-00311,0.7834720575729428
202104,04-00312,0.5864722412758973
202104,04-00313,0.2337071834950929
202104,04-00314,0.8777478306992645
202104,04-00315,0.7009856845412327
202104,04-00316,0.23351485462783392
202104,04-00317,0.13420092306294532
202104,04-00318,0.9877454698307996
202104,04-00319,0.15600165671628244
202104,04-00320,0.28114956147241216
202104,04-00321,0.9378458669910748
202104,04-00322,0.9554177071976523
202104,04-00323,0.00807124215925259
202104,04-00324,0.8633172935321901
202104,04-00325,0.4427800700988868
202104,04-00326,0.9859706551110458
202104,04-00327,0.9251814191634687
202104,04-00328,0.5787474584806735
202104,04-00329,0.9916927744475618
202104,04-00330,0.2825474065303737
202104,04-00331,0.921040827618517
202104,04-00332,0.31166836010082516
202104,04-00333,0.9885835061571187
202104,04-00334,0.9821050979403524
202104,04-00335,0.8137094450334669
202104,04-00336,0.9928678992891137
202104,04-00337,0.9986840649453448
202104,04-00338,0.9919573561623395
202104,04-00339,0.9549682896789954
202104,04-00340,0.9748095312983371
202104,04-00341,0.8397701850477993
202104,04-00342,0.7511036629360651
202104,04-00343,0.14102176957812154
202104,04-00344,0.994954937023606
202104,04-00345,0.7951881520667652
202104,04-00346,0.7834433239518801
202104,04-00347,0.8680273452218786
202104,04-00348,0.08206297220981043
202104,04-00349,0.6041309710306942
202104,04-00350,0.21753086633688576
202104,04-00351,0.8836563387971774
202104,04-00352,0.12487758690676846
202104,04-00353,0.9150734329238983
202104,04-00354,0.9996074061409055
202104,04-00355,0.9920033957296063
202104,04-00356,0.9962915219153365
202104,04-00357,0.19544627845906193
202104,04-00358,0.9866952563275757
202104,04-00359,0.5332819444572617
202104,04-00360,0.39563452014023404
202104,04-00361,0.9292286435760414
202104,04-00362,0.5464367768914293
202104,04-00363,0.8578703015476491
202104,04-00364,0.8790803746209785
202104,04-00365,0.9389543890963846
202104,04-00366,0.9943791390044838
202104,04-00367,0.741268368595052
202104,04-00368,0.3465319044817352
202104,04-00369,0.5774928959261434
202104,04-00370,0.04037129479919396
202104,04-00371,0.7513529194325037
202104,04-00372,0.3541076783990468
202104,04-00373,0.8126405041987895
202104,04-00374,0.9697885563940754
202104,04-00375,0.9609213775084126
202104,04-00376,0.7394516957473005
202104,04-00377,0.6815881921022123
202104,04-00378,0.4366218693734076
202104,04-00379,0.03511894372129643
202104,04-00380,0.9924030281278334
202104,04-00381,0.8585737488212815
202104,04-00382,0.03499352725965753
202104,04-00383,0.9766652393569291
202104,04-00384,0.949062623271661
202104,04-00385,0.997279406313223
202104,04-00386,0.1027865988948951
202104,04-00387,0.9458265107384062
202104,04-00388,0.02757580545967871
202104,04-00389,0.24978661359186768
202104,04-00390,0.952164317855812
202104,04-00391,0.8935224242967335
202104,04-00392,0.9954007458636523
202104,04-00393,0.11309104042445169
202104,04-00394,0.9644693283777649
202104,04-00395,0.9831465719320497
202104,04-00396,0.5937155154466774
202104,04-00397,0.9532804398737079
202104,04-00398,0.9328033654761998
202104,04-00399,0.5413372477700469
202104,04-00400,0.9746791861404389
202104,04-00401,0.9963434084916163
202104,04-00402,0.9943858122599123
202104,04-00403,0.79975258587838
202104,04-00404,0.24564162515052415
202104,04-00405,0.895753078546987
202104,04-00406,0.9488274221747842
202104,04-00407,0.9299270293061036
202104,04-00408,0.7120699423747797
202104,04-00409,0.9142971242731701
202104,04-00410,0.9128304641886354
202104,04-00411,0.08480581205388228
202104,04-00412,0.8133767516203247
202104,04-00413,0.8450045803298711
202104,04-00414,0.7622311669503741
202104,04-00415,0.0949795283015003
202104,04-00416,0.90153034555934
202104,04-00417,0.9938743147787529
202104,04-00418,0.44055760718047393
202104,04-00419,0.9795304941302014
202104,04-00420,0.9329730587504502
202104,04-00421,0.27973342625478015
202104,04-00422,0.9975390185811264
202104,04-00423,0.9192148301496338
202104,04-00424,0.6875093873385145
202104,04-00425,0.5659509199920596
202104,04-00426,0.989359496121296
202104,04-00427,0.8625910863516306
202104,04-00428,0.9970510089981572
202104,04-00429,0.7358975593271865
202104,04-00430,0.9406675501224128
202104,04-00431,0.9983782150667267
202104,04-00432,0.7005499529968998
202104,04-00433,0.9991213280601176
202104,04-00434,0.021254005218213648
202104,04-00435,0.0045366786721564275
202104,04-00436,0.9376562468994768
202104,04-00437,0.9616683177242162
202104,04-00438,0.6644801611333253
202104,04-00439,0.9555929424518065
202104,04-00440,0.5093466544683128
202104,04-00441,0.9166116911903779
202104,04-00442,0.3478296725200261
202104,04-00443,0.8771893974130369
202104,04-00444,0.9869914900987021
202104,04-00445,0.8120006195057496
202104,04-00446,0.9994600727823952
202104,04-00447,0.490551893970094
202104,04-00448,0.712369363785776
202104,04-00449,0.998220886126621
202104,04-00450,0.9532418513249484
202104,04-00451,0.8236265582062648
202104,04-00452,0.9681641044938977
202104,04-00453,0.013283489586818189
202104,04-00454,0.6174393200816349
202104,04-00455,0.6206037554354262
202104,04-00456,0.6545236194725295
202104,04-00457,0.7533048278389016
202104,04-00458,0.4082500995897977
202104,04-00459,0.6480325884492779
202104,04-00460,0.8806434359049784
202104,04-00461,0.9860144062685382
202104,04-00462,0.9808600658093511
202104,04-00463,0.9857078818774165
202104,04-00464,0.21267058858449595
202104,04-00465,0.05923242197989737
202104,04-00466,0.9702642809050894
202104,04-00467,0.8154760326595731
202104,04-00468,0.865215571754021
202104,04-00469,0.029040445538117503
202104,04-00470,0.061581345551804986
202104,04-00471,0.002247502053005472
202104,04-00472,0.06269359636192524
202104,04-00473,0.9922072433499369
202104,04-00474,0.062349671851866996
202104,04-00475,0.06461906559563535
202104,04-00476,0.9860647464202671
202104,04-00477,0.9588300649451141
202104,04-00478,0.007395107004874205
202104,04-00479,0.5233055527942606
202104,04-00480,0.7840968519754359
202104,04-00481,0.2940753222339015
202104,04-00482,0.9950577484118805
202104,04-00483,0.8294055692315064
202104,04-00484,0.26960912012920496
202104,04-00485,0.8371956491321363
202104,04-00486,0.13900221725536804
202104,04-00487,0.5924518283986093
202104,04-00488,0.8243846771274853
202104,04-00489,0.3358257680963494
202104,04-00490,0.980082333013048
202104,04-00491,0.47938252907628237
202104,04-00492,0.17481936864813
202104,04-00493,0.8679328213750369
202104,04-00494,0.9937268364860271
202104,04-00495,0.31916357013297814
202104,04-00496,0.3771485147019211
202104,04-00497,0.9247333863758556
202104,04-00498,0.9955057437907469
202104,04-00499,0.9172289196676267
202104,04-00500,0.46034974965622294
202104,04-00501,0.9058407867742422
202104,04-00502,0.8856064615903981
202104,04-00503,0.9783875027348848
202104,04-00504,0.7024394768310617
202104,04-00505,0.9860095462762374
202104,04-00506,0.9702790751425596
202104,04-00507,0.5736318864231433
202104,04-00508,0.595083439527003
202104,04-00509,0.996190887251811
202104,04-00510,0.9920234847028493
202104,04-00511,0.17942068737883665
202104,04-00512,0.13878468585970577
202104,04-00513,0.11409431773814033
202104,04-00514,0.9940147565074812
202104,04-00515,0.9900329163355689
202104,04-00516,0.6869722242941337
202104,04-00517,0.998705606180197
202104,04-00518,0.9759182927361855
202104,04-00519,0.8136035812935659
202104,04-00520,0.7270688554245022
202104,04-00521,0.9973223559921469
202104,04-00522,0.6815224955682427
202104,04-00523,0.4394578127608256
202104,04-00524,0.2180346834952864
202104,04-00525,0.7324395908937659
202104,04-00526,0.8730047848969132
202104,04-00527,0.9318381113686491
202104,04-00528,0.6491712179575717
202104,04-00529,0.9493749255058448
202104,04-00530,0.7484074941546236
202104,04-00531,0.05049947656933531
202104,04-00532,0.7093297717833515
202104,04-00533,0.7292342081025395
202104,04-00534,0.9387661557227734
202104,04-00535,0.25546552600944805
202104,04-00536,0.9557215343867905
202104,04-00537,0.9315708086551467
202104,04-00538,0.9333713065977391
202104,04-00539,0.9294133214889565
202104,04-00540,0.9952268007604488
202104,04-00541,0.8238780740675883
202104,04-00542,0.3630307775189131
202104,04-00543,0.9916498887267711
202104,04-00544,0.839381830598691
202104,04-00545,0.975410075172791
202104,04-00546,0.9005904138649655
202104,04-00547,0.9564463823689875
202104,04-00548,0.9547189338426945
202104,04-00549,0.932247478944127
202104,04-00550,0.6407463435862683
202104,04-00551,0.99392733177321
202104,04-00552,0.8421984610353661
202104,04-00553,0.4953694905744239
202104,04-00554,0.983956610168779
202104,04-00555,0.46775044027946744
202104,04-00556,0.9782157068103012
202104,04-00557,0.8064866733267507
202104,04-00558,0.9669642329977507
202104,04-00559,0.9768408035475459
202104,04-00560,0.9869031528799154
202104,04-00561,0.846704253436499
202104,04-00562,0.386483433160953
202104,04-00563,0.9805798594036901
202104,04-00564,0.9965829676709838
202104,04-00565,0.9612782451744449
202104,04-00566,0.9883355688862316
202104,04-00567,0.9982794846651082
202104,04-00568,0.8332021510408735
202104,04-00569,0.9685418547127138
202104,04-00570,0.976563849439504
202104,04-00571,0.7814264154818975
202104,04-00572,0.9624586417208147
202104,04-00573,0.9571347640295762
202104,04-00574,0.9350201809128532
202104,04-00575,0.7063968316352304
202104,04-00576,0.22889266162164273
202104,04-00577,0.9990657055658828
202104,04-00578,0.9952049290689491
202104,04-00579,0.980222486331871
202104,04-00580,0.9813022991105069
202104,04-00581,0.9784529434405791
202104,04-00582,0.11415918547938116
202104,04-00583,0.10156992483329537
202104,04-00584,0.012048051519602625
202104,04-00585,0.10969478387513472
202104,04-00586,0.09645292634283005
202104,04-00587,0.9929184676635207
202104,04-00588,0.5652191591747352
202104,04-00589,0.4877517875365794
202104,04-00590,0.970425430286612
202104,04-00591,0.9574205622051912
202104,04-00592,0.8709611275236815
202104,04-00593,0.45314119767757083
202104,04-00594,0.032262447012451734
202104,04-00595,0.764273858698842
202104,04-00596,0.9884885916817896
202104,04-00597,0.857121975184878
202104,04-00598,0.9914025467526785
202104,04-00599,0.8808224635639933
202104,04-00600,0.18225009456568203
202104,04-00601,0.8066578148884652
202104,04-00602,0.9987890896591531
202104,04-00603,0.9904049267133656
202104,04-00604,0.7040415251677391
202104,04-00605,0.988190490994952
202104,04-00606,0.9634198436797786
202104,04-00607,0.9167157366998686
202104,04-00608,0.82621381344636
202104,04-00609,0.899907069521885
202104,04-00610,0.9617289380037701
202104,04-00611,0.7184111962299257
202104,04-00612,0.9940995873950973
202104,04-00613,0.9943209119286982
202104,04-00614,0.9064052523317908
202104,04-00615,0.9975314650234455
202104,04-00616,0.9972003475957985
202104,04-00617,0.84880484904171
202104,04-00618,0.13573223982874286
202104,04-00619,0.9631472785139575
202104,04-00620,0.9377522513363796
202104,04-00621,0.998167707497998
202104,04-00622,0.8733718660926125
202104,04-00623,0.859482731179653
202104,04-00624,0.9248078389617171
202104,04-00625,0.9708466564579021
202104,04-00626,0.9989863818048789
202104,04-00627,0.9670111578450922
202104,04-00628,0.5909552551469905
202104,04-00629,0.8293071487284696
202104,04-00630,0.9410021991139625
202104,04-00631,0.9837272714586018
202104,04-00632,0.9730225568662412
202104,04-00633,0.924298765415105
202104,04-00634,0.9979784522997441
202104,04-00635,0.9934619690010051
202104,04-00636,0.3613525094549516
202104,04-00637,0.997774694235046
202104,04-00638,0.937851812959405
202104,04-00639,0.9887972638779715
202104,04-00640,0.8226776308356291
202104,04-00641,0.4049522185015893
202104,04-00642,0.6846688214629709
202104,04-00643,0.8972132584364786
202104,04-00644,0.9458770584682376
202104,04-00645,0.4448621794608424
202104,04-00646,0.8760241122371747
202104,04-00647,0.9105420131486783
202104,04-00648,0.14555467123224564
202104,04-00649,0.9581340024702253
202104,04-00650,0.2683478715866734
202104,04-00651,0.6776714506563042
202104,04-00652,0.23090960234638605
202104,04-00653,0.42932418237209785
202104,04-00654,0.7007688097208796
202104,04-00655,0.8965247699730258
202104,04-00656,0.3650852237662978
202104,04-00657,0.5756657373874463
202104,04-00658,0.5404387995810692
202104,04-00659,0.73465184686045
202104,04-00660,0.8173720430453345
202104,04-00661,0.9943646865445066
202104,04-00662,0.849121140541962
202104,04-00663,0.9435457465229351
202104,04-00664,0.9442581267491121
202104,04-00665,0.9036741819971765
202104,04-00666,0.9835849974051863
202104,04-00667,0.977447382277244
202104,04-00668,0.49832522253628714
202104,04-00669,0.9995138766721726
202104,04-00670,0.19767013246647575
202104,04-00671,0.8666439259192044
202104,04-00672,0.9906195605473838
202104,04-00673,0.34833126591735253
202104,04-00674,0.9963768416647518
202104,04-00675,0.8782617857409564
202104,04-00676,0.3308117931383335
202104,04-00677,0.294351343079709
202104,04-00678,0.8200443451287313
202104,04-00679,0.8958148702859158
202104,04-00680,0.5000211829089896
202104,04-00681,0.7096478173746406
202104,04-00682,0.8275664557352553
202104,04-00683,0.9914130130819157
202104,04-00684,0.9848426879315761
202104,04-00685,0.6624544852476317
202104,04-00686,0.21777302914505617
202104,04-00687,0.8513701577319304
202104,04-00688,0.9295264357367223
202104,04-00689,0.2303373623914008
202104,04-00690,0.6203528719888646
202104,04-00691,0.9083734652015452
202104,04-00692,0.8575556630718217
202104,04-00693,0.9270467725425658
202104,04-00694,0.19595090634647974
202104,04-00695,0.9147822183725397
202104,04-00696,0.9993669987339412
202104,04-00697,0.9996879006043002
202104,04-00698,0.744362899849658
202104,04-00699,0.943357996497568
202104,04-00700,0.9329746645801534
202104,04-00701,0.579847835221143
202104,04-00702,0.6002363792245283
202104,04-00703,0.9143056714262088
202104,04-00704,0.9139500482275185
202104,04-00705,0.9504300988639848
202104,04-00706,0.9936906014494907
202104,04-00707,0.9310598484582604
202104,04-00708,0.34913447351387994
202104,04-00709,0.7699412654261324
202104,04-00710,0.9680362391066564
202104,04-00711,0.957633476379588
202104,04-00712,0.09719492495751332
202104,04-00713,0.9576384855733037
202104,04-00714,0.676088469090869
202104,04-00715,0.9515436438000846
202104,04-00716,0.30192261834226386
202104,04-00717,0.9858195510556121
202104,04-00718,0.9980162771323915
202104,04-00719,0.8264792938247003
202104,04-00720,0.9350221334734641
202104,04-00721,0.9400555433637398
202104,04-00722,0.2138921949594268
202104,04-00723,0.9610212978875403
202104,04-00724,0.5062103717552922
202104,04-00725,0.9513300198245522
202104,04-00726,0.958678504644942
202104,04-00727,0.9517187696324545
202104,04-00728,0.9956143819993508
202104,04-00729,0.9894908528087297
202104,04-00730,0.09686760620037685
202104,04-00731,0.23660084758470804
202104,04-00732,0.8863840765362644
202104,04-00733,0.9930736716878775
202104,04-00734,0.4159609691625368
202104,04-00735,0.8780644863927861
202104,04-00736,0.15843167527651758
202104,04-00737,0.055541629719939055
202104,04-00738,0.911687691612671
202104,04-00739,0.9708582015483571
202104,04-00740,0.9029862028362909
202104,04-00741,0.9998057245523417
202104,04-00742,0.8394206622445123
202104,04-00743,0.9987283941293466
202104,04-00744,0.9659135407691342
202104,04-00745,0.8072330511081187
202104,04-00746,0.9979703134867798
202104,04-00747,0.975666919857514
202104,04-00748,0.9763872841762893
202104,04-00749,0.9239492427928908
202104,04-00750,0.9898222650145259
202104,04-00751,0.8815264807586013
202104,04-00752,0.36142933690003876
202104,04-00753,0.055498728869054756
202104,04-00754,0.282042754595088
202104,04-00755,0.8302593167397091
202104,04-00756,0.8537354552495157
202104,04-00757,0.8588487552641435
202104,04-00758,0.947930423513778
202104,04-00759,0.9985598353703137
202104,04-00760,0.7273284965926727
202104,04-00761,0.9795191692926625
202104,04-00762,0.2674380289712153
202104,04-00763,0.9773436993454717
202104,04-00764,0.7887554155002813
202104,04-00765,0.5478874725033919
202104,04-00766,0.8994585852098224
202104,04-00767,0.044519571468779745
202104,04-00768,0.3623708639952121
202104,04-00769,0.9448808114996583
202104,04-00770,0.30434176943959007
202104,04-00771,0.9693267761874744
202104,04-00772,0.9838815001687173
202104,04-00773,0.9011514144943663
202104,04-00774,0.6728957375094501
202104,04-00775,0.990156380364824
202104,04-00776,0.9798547361990219
202104,04-00777,0.9929610472635574
202104,04-00778,0.7337302852673536
202104,04-00779,0.968574857878343
202104,04-00780,0.8514469783338349
202104,04-00781,0.5892021572990234
202104,04-00782,0.24680347999338004
202104,04-00783,0.9187107557383737
202104,04-00784,0.9752344627413488
202104,04-00785,0.9356071667367486
202104,04-00786,0.9037257464099785
202104,04-00787,0.9782635855149697
202104,04-00788,0.8642198111891343
202104,04-00789,0.5309793247220136
202104,04-00790,0.8571742400412059
202104,04-00791,0.04259400317804716
202104,04-00792,0.9855806552697582
202104,04-00793,0.974733521325514
202104,04-00794,0.986499844877634
202104,04-00795,0.784849444121032
202104,04-00796,0.6418618282644909
202104,04-00797,0.9643862620835869
202104,04-00798,0.6479972390382469
202104,04-00799,0.03785053522478571
202104,04-00800,0.7446624445728997
202104,04-00801,0.6845963201195188
202104,04-00802,0.05921364176291484
202104,04-00803,0.9411429803283089
202104,04-00804,0.838319124185781
202104,04-00805,0.262369200816441
202104,04-00806,0.9974002712903605
202104,04-00807,0.9378147859738152
202104,04-00808,0.07096974531915129
202104,04-00809,0.8859807173277181
202104,04-00810,0.9925787833795786
202104,04-00811,0.24342785251946536
202104,04-00812,0.9959312900944715
202104,04-00813,0.974434373671884
202104,04-00814,0.9891181154207112
202104,04-00815,0.9871660750774716
202104,04-00816,0.7545108782742141
202104,04-00817,0.7473211495443436
202104,04-00818,0.8122952735154403
202104,04-00819,0.6002429609091018
202104,04-00820,0.995344190935979
202104,04-00821,0.9393430773748155
202104,04-00822,0.7356766525283356
202104,04-00823,0.4432829914896401
202104,04-00824,0.9283557872676721
202104,04-00825,0.15745614011826034
202104,04-00826,0.8629825539804639
202104,04-00827,0.7807525689033366
202104,04-00828,0.5879559489584306
202104,04-00829,0.9750276718049554
202104,04-00830,0.8248641319670523
202104,04-00831,0.029062534118709023
202104,04-00832,0.9892489949736849
202104,04-00833,0.9069036053135788
202104,04-00834,0.957512782453478
202104,04-00835,0.19075629115729129
202104,04-00836,0.7986167842865043
202104,04-00837,0.9806953323071633
202104,04-00838,0.9829720465627944
202104,04-00839,0.9459376855427044
202104,04-00840,0.9862000913910463
202104,04-00841,0.9347400337360648
202104,04-00842,0.8222571039771471
202104,04-00843,0.28743202878556684
202104,04-00844,0.9658566022197456
202104,04-00845,0.4865138043253874
202104,04-00846,0.1862947448982563
202104,04-00847,0.010973639235086097
202104,04-00848,0.9971205911998441
202104,04-00849,0.9717327369334456
202104,04-00850,0.9503691697141334
202104,04-00851,0.912719903355596
202104,04-00852,0.5733982558744484
202104,04-00853,0.37198421354931743
202104,04-00854,0.987892101453565
202104,04-00855,0.9674170950438421
202104,04-00856,0.9587029565786372
202104,04-00857,0.9994452432908009
202104,04-00858,0.09586527356608165
202104,04-00859,0.94357556084481
202104,04-00860,0.519763539223571
202104,04-00861,0.9981150116968186
202104,04-00862,0.847179103451258
202104,04-00863,0.974089324680694
202104,04-00864,0.5934227166661846
202104,04-00865,0.04508212854556397
202104,04-00866,0.10273021863082282
202104,04-00867,0.8660055577299842
202104,04-00868,0.9829841114166442
202104,04-00869,0.7924583614878749
202104,04-00870,0.731818766512497
202104,04-00871,0.938265585310299
202104,04-00872,0.9095953866507277
202104,04-00873,0.948544184458798
202104,04-00874,0.9617157832696045
202104,04-00875,0.911331001676981
202104,04-00876,0.9400646129224491
202104,04-00877,0.9805626457909584
202104,04-00878,0.9930405101045732
202104,04-00879,0.9934324235732748
202104,04-00880,0.9988576724193979
202104,04-00881,0.4204992640203746
202104,04-00882,0.9113196775968877
202104,04-00883,0.8894860729386777
202104,04-00884,0.8547227355312933
202104,04-00885,0.602630006805848
202104,04-00886,0.9738820660260166
202104,04-00887,0.9324571697014759
202104,04-00888,0.8529606221097368
202104,04-00889,0.9436681049249166
202104,04-00890,0.9865498283904522
202104,04-00891,0.9595351725106999
202104,04-00892,0.22181306575632875
202104,04-00893,0.1978247881810517
202104,04-00894,0.848586653895871
202104,04-00895,0.8706710576695565
202104,04-00896,0.41311289820762476
202104,04-00897,0.38441119529047657
202104,04-00898,0.8653110113403116
202104,04-00899,0.975887817539016
202104,04-00900,0.7654863942358276
202104,04-00901,0.5578435434185095
202104,04-00902,0.9716019372017579
202104,04-00903,0.132458490344258
202104,04-00904,0.9832819359376217
202104,04-00905,0.8885952248664362
202104,04-00906,0.6064681934177979
202104,04-00907,0.9915192063683637
202104,04-00908,0.9282570683738061
202104,04-00909,0.6380962943114891
202104,04-00910,0.9986312549668727
202104,04-00911,0.9891451668068837
202104,04-00912,0.7763266762573799
202104,04-00913,0.9429537892217473
202104,04-00914,0.9213063950190968
202104,04-00915,0.058600919012149075
202104,04-00916,0.9973176436533332
202104,04-00917,0.3232009288845512
202104,04-00918,0.9800609776628094
202104,04-00919,0.26676377626093734
202104,04-00920,0.861639146069582
202104,04-00921,0.8798368969410484
202104,04-00922,0.9897751733865124
202104,04-00923,0.9771135272977167
202104,04-00924,0.027685236584112333
202104,04-00925,0.990244869997202
202104,04-00926,0.77434529063742
202104,04-00927,0.4762989236898996
202104,04-00928,0.5466900656783115
202104,04-00929,0.642698286437189
202104,04-00930,0.9769143473852774
202104,04-00931,0.9336202819489189
202104,04-00932,0.6509568883758055
202104,04-00933,0.7895456577207663
202104,04-00934,0.708931126615328
202104,04-00935,0.03494149571217048
202104,04-00936,0.5727554391174027
202104,04-00937,0.9707478259855545
202104,04-00938,0.7710764563181727
202104,04-00939,0.8047658774641038
202104,04-00940,0.9794697568012669
202104,04-00941,0.11135650961374435
202104,04-00942,0.724303574493325
202104,04-00943,0.9149534003886154
202104,04-00944,0.9312413316063046
202104,04-00945,0.9419222457552748
202104,04-00946,0.9156975189479979
202104,04-00947,0.9507271837127746
202104,04-00948,0.8555490877914579
202104,04-00949,0.08934418387366497
202104,04-00950,0.40545308806571084
202104,04-00951,0.9874847914976119
202104,04-00952,0.2790604595767043
202104,04-00953,0.9962928438392324
202104,04-00954,0.9275722237842122
202104,04-00955,0.9433160398691727
202104,04-00956,0.11556566833114489
202104,04-00957,0.5328856543946784
202104,04-00958,0.9994846238923172
202104,04-00959,0.99243425397031
202104,04-00960,0.038620255212619574
202104,04-00961,0.8452533748997899
202104,04-00962,0.9977371656320766
202104,04-00963,0.9972989427859007
202104,04-00964,0.19549239336743485
202104,04-00965,0.8213114974722086
202104,04-00966,0.8495251623549817
202104,04-00967,0.997239448206571
202104,04-00968,0.904926414606074
202104,04-00969,0.6637087138255702
202104,04-00970,0.7894429964789368
202104,04-00971,0.18648756924147425
202104,04-00972,0.6818413091397225
202104,04-00973,0.9694465954823225
202104,04-00974,0.758068324608497
202104,04-00975,0.8049562197896757
202104,04-00976,0.5420233764295074
202104,04-00977,0.996336037966123
202104,04-00978,0.9198432061783106
202104,04-00979,0.9514765447002025
202104,04-00980,0.9593759908628703
202104,04-00981,0.9725291484506212
202104,04-00982,0.009039915899556394
202104,04-00983,0.874482697402073
202104,04-00984,0.9113011816778962
202104,04-00985,0.5380605243252914
202104,04-00986,0.7174354008167763
202104,04-00987,0.9645955126489221
202104,04-00988,0.15726830938510994
202104,04-00989,0.8141669652092784
202104,04-00990,0.335187932435894
202104,04-00991,0.9178883221844696
202104,04-00992,0.2761028320485118
202104,04-00993,0.8841298084031289
202104,04-00994,0.9649354023362231
202104,04-00995,0.99788390194254
202104,04-00996,0.9079653043814702
202104,04-00997,0.3594440029754955
202104,04-00998,0.593068151389606
202104,04-00999,0.9882326859037608
202104,04-01000,0.7062506826792733
202104,04-01001,0.2934952536576804
202104,04-01002,0.607063939762019
202104,04-01003,0.6640013902388364
202104,04-01004,0.5856196701611317
202104,04-01005,0.7214130593959887
202104,04-01006,0.06330344909464486
202104,04-01007,0.9790870344598608
202104,04-01008,0.3971818646836578
202104,04-01009,0.9357255252264141
202104,04-01010,0.998692306605164
202104,04-01011,0.5657410647094828
202104,04-01012,0.8996778466014587
202104,04-01013,0.7936531951117223
202104,04-01014,0.9827983941149625
202104,04-01015,0.0686253296532788
202104,04-01016,0.9236062304555629
202104,04-01017,0.44675979132201143
202104,04-01018,0.33681734186297096
202104,04-01019,0.5473489966988098
202104,04-01020,0.974089773760698
202104,04-01021,0.5568201914662161
202104,04-01022,0.9826064058572214
202104,04-01023,0.9882080373126593
202104,04-01024,0.935377674106386
202104,04-01025,0.7722155993934132
202104,04-01026,0.986724595742872
202104,04-01027,0.43766970366288677
202104,04-01028,0.9412813545351251
202104,04-01029,0.1329431468426703
202104,04-01030,0.9377841743228776
202104,04-01031,0.7856101027544049
202104,04-01032,0.9970729385177142
202104,04-01033,0.9364668200441799
202104,04-01034,0.9836507055914143
202104,04-01035,0.9389913766203754
202104,04-01036,0.990291594142414
202104,04-01037,0.9268893686609961
202104,04-01038,0.9606982059377812
202104,04-01039,0.8640586469821451
202104,04-01040,0.662642789552643
202104,04-01041,0.9798582960049326
202104,04-01042,0.9614348902565306
202104,04-01043,0.8024024670733906
202104,04-01044,0.9384094732348467
202104,04-01045,0.6020578291297536
202104,04-01046,0.8027606460399553
202104,04-01047,0.9768004573689456
202104,04-01048,0.6662324829643865
202104,04-01049,0.9426006645169678
202104,04-01050,0.935226712620428
202104,04-01051,0.9878639351358273
202104,04-01052,0.020124522261514576
202104,04-01053,0.5486392661129449
202104,04-01054,0.8507489861712364
202104,04-01055,0.9854916485196785
202104,04-01056,0.9681096278197491
202104,04-01057,0.31312075912977777
202104,04-01058,0.984999351202989
202104,04-01059,0.9750962923549499
202104,04-01060,0.955641280690548
202104,04-01061,0.7641913995533292
202104,04-01062,0.8950292107199767
202104,04-01063,0.9578779862261748
202104,04-01064,0.9728007399679806
202104,04-01065,0.35932393443391253
202104,04-01066,0.9937686937425644
202104,04-01067,0.9733289875940984
202104,04-01068,0.941092624901095
202104,04-01069,0.8377677800329131
202104,04-01070,0.46875990261338146
202104,04-01071,0.9610284869059547
202104,04-01072,0.7744202594891287
202104,04-01073,0.10400066224661203
202104,04-01074,0.4606894808237588
202104,04-01075,0.9725970162330665
202104,04-01076,0.3457674681723601
202104,04-01077,0.5568202677157964
202104,04-01078,0.8846937566029178
202104,04-01079,0.5288361615625333
202104,04-01080,0.8098305513468433
202104,04-01081,0.8035659072441923
202104,04-01082,0.019791903454478846
202104,04-01083,0.9502377776821106
202104,04-01084,0.9205654173763135
202104,04-01085,0.4283541447199312
202104,04-01086,0.9780115556177252
202104,04-01087,0.9843327422684408
202104,04-01088,0.9395944940520744
202104,04-01089,0.7942234344739639
202104,04-01090,0.21533259536949498
202104,04-01091,0.292182228589634
202104,04-01092,0.9738842669678599
202104,04-01093,0.9358165110182479
202104,04-01094,0.9872739361393668
202104,04-01095,0.6699498819097883
202104,04-01096,0.21020261370637625
202104,04-01097,0.9243281504562856
202104,04-01098,0.9679071890581654
202104,04-01099,0.7836335846366204
202104,04-01100,0.305043573768527
202104,04-01101,0.46473285871186065
202104,04-01102,0.5595577437112642
202104,04-01103,0.9869634259410589
202104,04-01104,0.7417135456346523
202104,04-01105,0.9775691077380408
202104,04-01106,0.761471194144769
202104,04-01107,0.9523787226999391
202104,04-01108,0.9629005880715353
202104,04-01109,0.9883913304464357
202104,04-01110,0.23639132840845403
202104,04-01111,0.8027039381291416
202104,04-01112,0.16172732837065718
202104,04-01113,0.9469911799180833
202104,04-01114,0.9096428236394126
202104,04-01115,0.9930826945209965
202104,04-01116,0.48270263886464015
202104,04-01117,0.8570264925497282
202104,04-01118,0.991549750140726
202104,04-01119,0.7158936873998815
202104,04-01120,0.9986498390920262
202104,04-01121,0.9408752581321072
202104,04-01122,0.453137112882729
202104,04-01123,0.8099444839742526
202104,04-01124,0.30422400556492213
202104,04-01125,0.7974082799242909
202104,04-01126,0.990264277420515
202104,04-01127,0.9294508873575111
202104,04-01128,0.3594457537776784
202104,04-01129,0.48654027333720423
202104,04-01130,0.9521415493986282
202104,04-01131,0.9940336915646831
202104,04-01132,0.7947633076417712
202104,04-01133,0.8942751310447988
202104,04-01134,0.3336329955193667
202104,04-01135,0.9791652769736147
202104,04-01136,0.8912198805176611
202104,04-01137,0.9943180040975091
202104,04-01138,0.8499373612113246
202104,04-01139,0.7166267792635969
202104,04-01140,0.98562064424664
202104,04-01141,0.20316802339159495
202104,04-01142,0.9773026060653963
202104,04-01143,0.007369501477250405
202104,04-01144,0.8746217204962812
202104,04-01145,0.8612012757634233
202104,04-01146,0.9497944662994913
202104,04-01147,0.2910382073235915
202104,04-01148,0.5228484050156323
202104,04-01149,0.861230660496873
202104,04-01150,0.5234071952032381
202104,04-01151,0.3373899921899464
202104,04-01152,0.9975673735604431
202104,04-01153,0.9341824928128573
202104,04-01154,0.20912055118094153
202104,04-01155,0.987829498702352
202104,04-01156,0.5427974582186885
202104,04-01157,0.956520015740546
202104,04-01158,0.9399476949010215
202104,04-01159,0.9256906616265177
202104,04-01160,0.41865861384516984
202104,04-01161,0.8943507829802507
202104,04-01162,0.978224825223548
202104,04-01163,0.4673530466596211
202104,04-01164,0.7046580799434483
202104,04-01165,0.9441861992125928
202104,04-01166,0.46560388650695467
202104,04-01167,0.7439809993998856
202104,04-01168,0.5577000633389576
202104,04-01169,0.9919524165414978
202104,04-01170,0.9814691061140579
202104,04-01171,0.7744305673174363
202104,04-01172,0.3259703583073596
202104,04-01173,0.9723277510729215
202104,04-01174,0.8822027041178301
202104,04-01175,0.9776779512050785
202104,04-01176,0.7660832866032962
202104,04-01177,0.9980970876613198
202104,04-01178,0.9828035925321391
202104,04-01179,0.49615336894806444
202104,04-01180,0.8748852326008518
202104,04-01181,0.9875898293585879
202104,04-01182,0.9473931233578932
202104,04-01183,0.8901212807623209
202104,04-01184,0.9852721466141723
202104,04-01185,0.7607430307142198
202104,04-01186,0.49456947181016786
202104,04-01187,0.39679071567477103
202104,04-01188,0.3816236921105599
202104,04-01189,0.999658357692808
202104,04-01190,0.8852814861432489
202104,04-01191,0.8713766810284338
202104,04-01192,0.9725466810140896
202104,04-01193,0.9889324423849489
202104,04-01194,0.9917528888966036
202104,04-01195,0.9973850603683667
202104,04-01196,0.9085829405525451
202104,04-01197,0.10423958041810687
202104,04-01198,0.9855277009733768
202104,04-01199,0.973472359719323
202104,04-01200,0.8621832948598307
202104,04-01201,0.9809415445732952
202104,04-01202,0.9793497819139915
202104,04-01203,0.9376848104501798
202104,04-01204,0.08771677809945713
202104,04-01205,0.42029038319463036
202104,04-01206,0.9890257339690048
202104,04-01207,0.992904355002741
202104,04-01208,0.9845152093123326
202104,04-01209,0.9207052846395393
202104,04-01210,0.7954689285769252
202104,04-01211,0.5900522652972237
202104,04-01212,0.7015575511258759
202104,04-01213,0.8234006491749781
202104,04-01214,0.9040447827120391
202104,04-01215,0.6566469168709983
202104,04-01216,0.11178874588191748
202104,04-01217,0.9885403177103826
202104,04-01218,0.9659822863577922
202104,04-01219,0.4740896450795917
202104,04-01220,0.9529889667753407
202104,04-01221,0.6045984145620874
202104,04-01222,0.04596580282772008
202104,04-01223,0.9643587026030329
202104,04-01224,0.995404987317713
202104,04-01225,0.12099201340608313
202104,04-01226,0.9883843617677283
202104,04-01227,0.9939484669546239
202104,04-01228,0.8375812403306792
202104,04-01229,0.8216416191367609
202104,04-01230,0.4257483728040491
202104,04-01231,0.20984881666800564
202104,04-01232,0.9771488294566377
202104,04-01233,0.9711258487390337
202104,04-01234,0.8148973868497363
202104,04-01235,0.9161904032807864
202104,04-01236,0.2609351901391922
202104,04-01237,0.988191298533029
202104,04-01238,0.9958844013178233
202104,04-01239,0.9713229067735422
202104,04-01240,0.5314362511205595
202104,04-01241,0.9764644226884829
202104,04-01242,0.9911457611842802
202104,04-01243,0.1426494467030365
202104,04-01244,0.8534646228374484
202104,04-01245,0.28543232521998774
202104,04-01246,0.9955280610864521
202104,04-01247,0.9457290866814897
202104,04-01248,0.6670853170231414
202104,04-01249,0.895960292229858
202104,04-01250,0.9781372701048835
202104,04-01251,0.4971238543847989
202104,04-01252,0.8102142793572018
202104,04-01253,0.899613551138677
202104,04-01254,0.9939979812771158
202104,04-01255,0.694843448604176
202104,04-01256,0.9559495882913469
202104,04-01257,0.16654352310841178
202104,04-01258,0.6842954557089962
202104,04-01259,0.8796121686473756
202104,04-01260,0.9174319991706208
202104,04-01261,0.9796706271028766
202104,04-01262,0.8938198406220443
202104,04-01263,0.718757209013112
202104,04-01264,0.822434820627953
202104,04-01265,0.631703174650036
202104,04-01266,0.9823319157244688
202104,04-01267,0.453757634341914
202104,04-01268,0.6047450275620422
202104,04-01269,0.7672093157922353
202104,04-01270,0.665238667772588
202104,04-01271,0.7547096222050302
202104,04-01272,0.30052190543930335
202104,04-01273,0.6055601621435245
202104,04-01274,0.9842057539407036
202104,04-01275,0.19109073133226537
202104,04-01276,0.9948038042460675
202104,04-01277,0.9750112977052976
202104,04-01278,0.9237927426323224
202104,04-01279,0.9762088401775317
202104,04-01280,0.916724148277328
202104,04-01281,0.9937739691642944
202104,04-01282,0.6386702808973106
202104,04-01283,0.5291599879956905
202104,04-01284,0.4281792964122226
202104,04-01285,0.9990949060539724
202104,04-01286,0.805588645048625
202104,04-01287,0.013241869238271772
202104,04-01288,0.918287434702091
202104,04-01289,0.9961025074168086
202104,04-01290,0.9676751647304788
202104,04-01291,0.8441922083068475
202104,04-01292,0.8706698466153775
202104,04-01293,0.3543719022391314
202104,04-01294,0.9761159733831812
202104,04-01295,0.9104821797113559
202104,04-01296,0.7434051958908012
202104,04-01297,0.8232661659443083
202104,04-01298,0.9944431526598326
202104,04-01299,0.8914647502386983
202104,04-01300,0.9562729184301852
202104,04-01301,0.7289017960423448
202104,04-01302,0.9395698253269679
202104,04-01303,0.18386104215641053
202104,04-01304,0.9970862992427101
202104,04-01305,0.981299631481913
202104,04-01306,0.8272261103863995
202104,04-01307,0.9856513295590383
202104,04-01308,0.9730930842994963
202104,04-01309,0.9878889724084858
202104,04-01310,0.9854083072963026
202104,04-01311,0.984497987280103
202104,04-01312,0.8796921910501382
202104,04-01313,0.30782385137963353
202104,04-01314,0.89704683505466
202104,04-01315,0.8885780339901834
202104,04-01316,0.8974488019339203
202104,04-01317,0.842502543117961
202104,04-01318,0.9820017620831011
202104,04-01319,0.8169244608990416
202104,04-01320,0.9743364730755943
202104,04-01321,0.9864803935373785
202104,04-01322,0.7578255558757012
202104,04-01323,0.9099752844372857
202104,04-01324,0.6134892173863558
202104,04-01325,0.24824362395693308
202104,04-01326,0.9948801777373285
202104,04-01327,0.08267355617701626
202104,04-01328,0.9770901237859811
202104,04-01329,0.9170209248529095
202104,04-01330,0.26805995657655846
202104,04-01331,0.9978262900785689
202104,04-01332,0.4970428274550134
202104,04-01333,0.9352656177059027
202104,04-01334,0.9392373766707907
202104,04-01335,0.9866927235732218
202104,04-01336,0.5363071604698829
202104,04-01337,0.5947974700492298
202104,04-01338,0.9877860337727661
202104,04-01339,0.945718681120755
202104,04-01340,0.8321666220231896
202104,04-01341,0.7030920616312738
202104,04-01342,0.9498194763668335
202104,04-01343,0.9657630209712136
202104,04-01344,0.6171311980065737
202104,04-01345,0.9662657488473981
202104,04-01346,0.9717090817392495
202104,04-01347,0.8916546754893231
202104,04-01348,0.9053121368409756
202104,04-01349,0.736138168042533
202104,04-01350,0.09915801225935877
202104,04-01351,0.5109959513399923
202104,04-01352,0.9606807819263745
202104,04-01353,0.9079581930383712
202104,04-01354,0.9538371784793163
202104,04-01355,0.6602617258353571
202104,04-01356,0.886960424554043
202104,04-01357,0.8446916634749875
202104,04-01358,0.9953722939156873
202104,04-01359,0.8720889223536692
202104,04-01360,0.07301782052202856
202104,04-01361,0.9865488675882379
202104,04-01362,0.09324806306894189
202104,04-01363,0.19208419602049775
202104,04-01364,0.8599927966324631
202104,04-01365,0.9892292284713021
202104,04-01366,0.6769919139932764
202104,04-01367,0.698319130603914
202104,04-01368,0.1894833355298602
202104,04-01369,0.8912480825551891
202104,04-01370,0.5950981187986487
202104,04-01371,0.7429314574034961
202104,04-01372,0.9731426474707424
202104,04-01373,0.532874621667189
202104,04-01374,0.9594157314188166
202104,04-01375,0.6868748133854888
202104,04-01376,0.974169641593628
202104,04-01377,0.03615534353023443
202104,04-01378,0.9846988807370524
202104,04-01379,0.9923494369150692
202104,04-01380,0.07346906470767704
202104,04-01381,0.9145895477234116
202104,04-01382,0.2564346867098977
202104,04-01383,0.6682635918361657
202104,04-01384,0.9950765851146253
202104,04-01385,0.9358731999242212
202104,04-01386,0.9858126936212024
202104,04-01387,0.9639071558019554
202104,04-01388,0.4813403185651983
202104,04-01389,0.9983860986692437
202104,04-01390,0.9616495403409334
202104,04-01391,0.9005022943306821
202104,04-01392,0.9803815371703616
202104,04-01393,0.9082333740366297
202104,04-01394,0.9929686178661086
202104,04-01395,0.9862432552670484
202104,04-01396,0.18022663150613977
202104,04-01397,0.10542474695646405
202104,04-01398,0.7205946799215758
202104,04-01399,0.9975694657565488
202104,04-01400,0.6956175562430262
202104,04-01401,0.019666033099127837
202104,04-01402,0.9959146305617196
202104,04-01403,0.9823704005064282
202104,04-01404,0.994807260669644
202104,04-01405,0.9860629349259362
202104,04-01406,0.9744251441168054
202104,04-01407,0.9835943657550064
202104,04-01408,0.9919784013313622
202104,04-01409,0.994455867439966
202104,04-01410,0.9950820504727745
202104,04-01411,0.9951134517138063
202104,04-01412,0.9921747625100864
202104,04-01413,0.9861752202134556
202104,04-01414,0.9258714719114923
202104,04-01415,0.37560810099336095
202104,04-01416,0.9939281913658866
202104,04-01417,0.2803834141675164
202104,04-01418,0.9724053639191205
202104,04-01419,0.8898331653847147
202104,04-01420,0.16112673325675395
202104,04-01421,0.5980407352152857
202104,04-01422,0.44386582895325377
202104,04-01423,0.9940219448828177
202104,04-01424,0.8546645558850923
202104,04-01425,0.987344272415839
202104,04-01426,0.9971246103949084
202104,04-01427,0.9624571882315807
202104,04-01428,0.14219857820873397
202104,04-01429,0.785671985776493
202104,04-01430,0.7235845110125274
202104,04-01431,0.5934137469992322
202104,04-01432,0.7145136551526746
202104,04-01433,0.7878923898020904
202104,04-01434,0.8608542306349308
202104,04-01435,0.9645579534420058
202104,04-01436,0.9834597254804275
202104,04-01437,0.9960382707223856
202104,04-01438,0.9867803685796176
202104,04-01439,0.270490894447545
202104,04-01440,0.7418321113324426
202104,04-01441,0.05186960127948327
202104,04-01442,0.9699305437630921
202104,04-01443,0.8844805743137825
202104,04-01444,0.8063436045254078
202104,04-01445,0.7340167793563579
202104,04-01446,0.7717119209233183
202104,04-01447,0.9943587237367082
202104,04-01448,0.7400765354203152
202104,04-01449,0.7724262906079522
202104,04-01450,0.4600919485345331
202104,04-01451,0.035171797256115356
202104,04-01452,0.03609275800327478
202104,04-01453,0.3158135127366436
202104,04-01454,0.7549643689982528
202104,04-01455,0.9878932654884913
202104,04-01456,0.07602220201381647
202104,04-01457,0.9935492156079093
202104,04-01458,0.9965996295629626
202104,04-01459,0.848104730448279
202104,04-01460,0.9884099463396283
202104,04-01461,0.8557522166687694
202104,04-01462,0.991064013234348
202104,04-01463,0.9778998769078604
202104,04-01464,0.659860097207754
202104,04-01465,0.2787854951810982
202104,04-01466,0.9980803237219849
202104,04-01467,0.994296715201127
202104,04-01468,0.6332970056345615
202104,04-01469,0.9994912586450021
202104,04-01470,0.9734137950847449
202104,04-01471,0.9102832011395929
202104,04-01472,0.9108298110149488
202104,04-01473,0.8294123143830087
202104,04-01474,0.9758425987591729
202104,04-01475,0.9888666704814468
202104,04-01476,0.9320549172761226
202104,04-01477,0.9010404280076825
202104,04-01478,0.9989314530593901
202104,04-01479,0.25224844054900925
202104,04-01480,0.9959743247453204
202104,04-01481,0.38300040213052344
202104,04-01482,0.9882216179059433
202104,04-01483,0.029941636276116183
202104,04-01484,0.8155833898426854
202104,04-01485,0.09765431195806613
202104,04-01486,0.727705899831277
202104,04-01487,0.5193878009318867
202104,04-01488,0.18574507872417012
202104,04-01489,0.16768022740665628
202104,04-01490,0.9947336825614171
202104,04-01491,0.8972493602432888
202104,04-01492,0.9987144101557568
202104,04-01493,0.9958629205167023
202104,04-01494,0.1126149561107213
202104,04-01495,0.42877192876159614
202104,04-01496,0.7622395961221785
202104,04-01497,0.9981049743368935
202104,04-01498,0.04152400450512013
202104,04-01499,0.9605605853287671
202104,04-01500,0.9704359594502091
202104,04-01501,0.9474475717511711
202104,04-01502,0.9919700201707672
202104,04-01503,0.9573500947961864
202104,04-01504,0.04229023702845206
202104,04-01505,0.15978288022015852
202104,04-01506,0.8343105398936204
202104,04-01507,0.02884091117815951
202104,04-01508,0.9476863497275565
202104,04-01509,0.9990163574964744
202104,04-01510,0.9560148110320434
202104,04-01511,0.9010205271086408
202104,04-01512,0.8336586558975416
202104,04-01513,0.9766723964769213
202104,04-01514,0.869785860012016
202104,04-01515,0.10391437606575332
202104,04-01516,0.6091411751793492
202104,04-01517,0.8523579014030922
202104,04-01518,0.9961136456439452
202104,04-01519,0.7702012229776585
202104,04-01520,0.8484161772530061
202104,04-01521,0.3841321302568955
202104,04-01522,0.9830133646048081
202104,04-01523,0.9985614895998665
202104,04-01524,0.6506100712282556
202104,04-01525,0.7563481926938324
202104,04-01526,0.8956067544521465
202104,04-01527,0.5599268187356835
202104,04-01528,0.7254926723359163
202104,04-01529,0.9482729164930166
202104,04-01530,0.5708214043948672
202104,04-01531,0.9517833584418766
202104,04-01532,0.587641600811603
202104,04-01533,0.9839749174691511
202104,04-01534,0.9148848120489326
202104,04-01535,0.5758679190537885
202104,04-01536,0.9719878460366359
202104,04-01537,0.971504427006947
202104,04-01538,0.9526434467770448
202104,04-01539,0.861792417507706
202104,04-01540,0.9211231055115254
202104,04-01541,0.9444516891912255
202104,04-01542,0.9640768036309216
202104,04-01543,0.8402833261309336
202104,04-01544,0.9930708860463308
202104,04-01545,0.9515206565608199
202104,04-01546,0.9465152656757476
202104,04-01547,0.9927459438822305
202104,04-01548,0.8044566969308548
202104,04-01549,0.6202332051135259
202104,04-01550,0.8798370301124335
202104,04-01551,0.026663677118556342
202104,04-01552,0.34948815988367465
202104,04-01553,0.918176053305104
202104,04-01554,0.8755143799191694
202104,04-01555,0.8306409668085435
202104,04-01556,0.7497569930301625
202104,04-01557,0.9774756479594521
202104,04-01558,0.8498728184159448
202104,04-01559,0.7413333095579004
202104,04-01560,0.18519149062133572
202104,04-01561,0.1755026361119458
202104,04-01562,0.3738630172143401
202104,04-01563,0.9753828038389003
202104,04-01564,0.8438449293892609
202104,04-01565,0.9709446032036432
202104,04-01566,0.9712026991700698
202104,04-01567,0.690586831323265
202104,04-01568,0.9951783280635791
202104,04-01569,0.962047396169303
202104,04-01570,0.6091336965242791
202104,04-01571,0.9903050548064972
202104,04-01572,0.801935645026002
202104,04-01573,0.9971669777864312
202104,04-01574,0.9020531482056199
202104,04-01575,0.3618858589022532
202104,04-01576,0.04681580769825408
202104,04-01577,0.9843558786223265
202104,04-01578,0.8833722776965564
202104,04-01579,0.9712118529298389
202104,04-01580,0.6465344395623354
202104,04-01581,0.9081144254565798
202104,04-01582,0.9911303955020515
202104,04-01583,0.5865604208431036
202104,04-01584,0.756755526567157
202104,04-01585,0.9743136320463428
202104,04-01586,0.9466780964483609
202104,04-01587,0.38997560659702146
202104,04-01588,0.8846943373925952
202104,04-01589,0.08899356596699734
202104,04-01590,0.8723095954977248
202104,04-01591,0.8170069203791239
202104,04-01592,0.9249772006131514
202104,04-01593,0.9857297124990263
202104,04-01594,0.9910696042219407
202104,04-01595,0.9838171235566295
202104,04-01596,0.12009980251584484
202104,04-01597,0.996623379877876
202104,04-01598,0.8128376775612975
202104,04-01599,0.9711136672922505
202104,04-01600,0.9849917513866598
202104,04-01601,0.011697567499433303
202104,04-01602,0.9881155104560362
202104,04-01603,0.7673874172847204
202104,04-01604,0.8252925528047204
202104,04-01605,0.9962481754979972
202104,04-01606,0.9126698575117226
202104,04-01607,0.6224652865700148
202104,04-01608,0.9406319424313307
202104,04-01609,0.7553537275632766
202104,04-01610,0.9656568986706958
202104,04-01611,0.957322047692347
202104,04-01612,0.6563221167477161
202104,04-01613,0.9568318956393744
202104,04-01614,0.05674542239333188
202104,04-01615,0.9671485473978779
202104,04-01616,0.9311732798066278
202104,04-01617,0.07881030100724919
202104,04-01618,0.9840551240009884
202104,04-01619,0.06837278115890966
202104,04-01620,0.32304083747698864
202104,04-01621,0.7291383316354667
202104,04-01622,0.9600963633068802
202104,04-01623,0.9442379947322881
202104,04-01624,0.04752789738628726
202104,04-01625,0.06211902904093595
202104,04-01626,0.2009291123968161
202104,04-01627,0.22613321819612608
202104,04-01628,0.9964965873103717
202104,04-01629,0.4122435252349853
202104,04-01630,0.9053486591308415
202104,04-01631,0.9980823289619187
202104,04-01632,0.9552272214016753
202104,04-01633,0.5998351467878664
202104,04-01634,0.855461478349154
202104,04-01635,0.9893068684638676
202104,04-01636,0.8469487196031588
202104,04-01637,0.9922442612439719
202104,04-01638,0.9215701109674149
202104,04-01639,0.8279664470638601
202104,04-01640,0.9429179066373181
202104,04-01641,0.9964410506348271
202104,04-01642,0.9953814669229037
202104,04-01643,0.7097951563700734
202104,04-01644,0.9857724950414143
202104,04-01645,0.614670924532756
202104,04-01646,0.995955169070569
202104,04-01647,0.4587906638285572
202104,04-01648,0.9787172954242125
202104,04-01649,0.9886723945360458
202104,04-01650,0.8652726104384089
202104,04-01651,0.6355320251559832
202104,04-01652,0.3114190166114751
202104,04-01653,0.9562420387508288
202104,04-01654,0.9894025544444465
202104,04-01655,0.1883612604362473
202104,04-01656,0.27669668964558614
202104,04-01657,0.9772393738341062
202104,04-01658,0.9985408624981852
202104,04-01659,0.8949439638816258
202104,04-01660,0.9853260244342253
202104,04-01661,0.9176690112731855
202104,04-01662,0.9986582143941141
202104,04-01663,0.7703059756665114
202104,04-01664,0.8153544302953382
202104,04-01665,0.9370628342654171
202104,04-01666,0.999142733413481
202104,04-01667,0.9744005916929903
202104,04-01668,0.9967258643639797
202104,04-01669,0.8636211353086132
202104,04-01670,0.57482765168174
202104,04-01671,0.9939797688177254
202104,04-01672,0.9887961575497338
202104,04-01673,0.9304240974311052
202104,04-01674,0.9652744582470171
202104,04-01675,0.08330010174716566
202104,04-01676,0.08617069306368227
202104,04-01677,0.968604817394063
202104,04-01678,0.4142420044898478
202104,04-01679,0.44463809421750394
202104,04-01680,0.5914223028087632
202104,04-01681,0.9074620909414358
202104,04-01682,0.8094971693384797
202104,04-01683,0.6054698577772377
202104,04-01684,0.9770047658071224
202104,04-01685,0.9903635151189258
202104,04-01686,0.9151388889833312
202104,04-01687,0.8927067885357406
202104,04-01688,0.5113860004388241
202104,04-01689,0.643011653265289
202104,04-01690,0.9045475341032856
202104,04-01691,0.5055058380306131
202104,04-01692,0.5443506890430484
202104,04-01693,0.9808225488823431
202104,04-01694,0.974697685642792
202104,04-01695,0.9733522215826401
202104,04-01696,0.5430318044670676
202104,04-01697,0.1915863131487592
202104,04-01698,0.3439836417426563
202104,04-01699,0.9652885035783432
202104,04-01700,0.9965996623230203
202104,04-01701,0.9139660803033444
202104,04-01702,0.943082306931953
202104,04-01703,0.7659660149893193
202104,04-01704,0.5923884823942466
202104,04-01705,0.9381104558676485
202104,04-01706,0.9994947191152245
202104,04-01707,0.8677870256985883
202104,04-01708,0.9039078203754397
202104,04-01709,0.9462041905565036
202104,04-01710,0.5818406015918336
202104,04-01711,0.6663119869786156
202104,04-01712,0.9902722271718998
202104,04-01713,0.5177785695411072
202104,04-01714,0.8992603786725374
202104,04-01715,0.9901732420448034
202104,04-01716,0.8727039950663861
202104,04-01717,0.8821202201336521
202104,04-01718,0.6278708784740034
202104,04-01719,0.8996233615324867
202104,04-01720,0.4375711579697099
202104,04-01721,0.9357374424928179
202104,04-01722,0.9673916087842548
202104,04-01723,0.5668517109052202
202104,04-01724,0.9057244448525089
202104,04-01725,0.9563952024533985
202104,04-01726,0.97820458286457
202104,04-01727,0.5840196998106216
202104,04-01728,0.9841796305269194
202104,04-01729,0.9577260497567703
202104,04-01730,0.4490303728993186
202104,04-01731,0.8017338563398233
202104,04-01732,0.6210934849123946
202104,04-01733,0.9123630425936282
202104,04-01734,0.9961150852493762
202104,04-01735,0.6802388196036793
202104,04-01736,0.7883089293423928
202104,04-01737,0.7327007222211107
202104,04-01738,0.9890184597236573
202104,04-01739,0.9467489750014975
202104,04-01740,0.23688177389229292
202104,04-01741,0.4259793286105471
202104,04-01742,0.9970643941883127
202104,04-01743,0.588110512575052
202104,04-01744,0.9800791856875165
202104,04-01745,0.5410005285127191
202104,04-01746,0.566264575426732
202104,04-01747,0.9785764603647946
202104,04-01748,0.40445661417559153
202104,04-01749,0.9789224739873683
202104,04-01750,0.8432663426028718
202104,04-01751,0.9195122520801337
202104,04-01752,0.8086373668060465
202104,04-01753,0.9208062451295715
202104,04-01754,0.9496747782311726
202104,04-01755,0.7881439316447719
202104,04-01756,0.5784210299894217
202104,04-01757,0.19086897942587386
202104,04-01758,0.9138948375031433
202104,04-01759,0.9475451873407978
202104,04-01760,0.9922244844450389
202104,04-01761,0.9441417130179846
202104,04-01762,0.9141516226956793
202104,04-01763,0.28151790979382724
202104,04-01764,0.936126076978802
202104,04-01765,0.5485896172585641
202104,04-01766,0.7741317712504624
202104,04-01767,0.9335105469619676
202104,04-01768,0.36037374192270305
202104,04-01769,0.9607497232009912
202104,04-01770,0.9705118805243877
202104,04-01771,0.5184639802287315
202104,04-01772,0.9913836795165509
202104,04-01773,0.425714380151092
202104,04-01774,0.9838821090163825
202104,04-01775,0.9898990332655505
202104,04-01776,0.48451143341796393
202104,04-01777,0.8714337801657629
202104,04-01778,0.4769295961180685
202104,04-01779,0.4625940918918489
202104,04-01780,0.8361441456822357
202104,04-01781,0.890652341586582
202104,04-01782,0.5987615101037177
202104,04-01783,0.9486500549722383
202104,04-01784,0.4483634602580112
202104,04-01785,0.9153947072183398
202104,04-01786,0.3263421545914368
202104,04-01787,0.15279537552525144
202104,04-01788,0.9820986556400151
202104,04-01789,0.03438574446574878
202104,04-01790,0.9466755042281991
202104,04-01791,0.9870970381642703
202104,04-01792,0.779956169005143
202104,04-01793,0.9144575827785466
202104,04-01794,0.5458793227135194
202104,04-01795,0.6515022243927422
202104,04-01796,0.6922400199015208
202104,04-01797,0.5255261377342115
202104,04-01798,0.9975658032203649
202104,04-01799,0.0664694279237093
202104,04-01800,0.9657508689163049
202104,04-01801,0.46391698165001866
202104,04-01802,0.9368515631080676
202104,04-01803,0.974019640747621
202104,04-01804,0.8816247891864978
202104,04-01805,0.9390648220297321
202104,04-01806,0.5398003189350299
202104,04-01807,0.976726309735327
202104,04-01808,0.991033862353813
202104,04-01809,0.926242992083512
202104,04-01810,0.996983963623283
202104,04-01811,0.8208035610808511
202104,04-01812,0.9774905713877533
202104,04-01813,0.6299151621014909
202104,04-01814,0.3776174448710361
202104,04-01815,0.3879956435754999
202104,04-01816,0.7893195748093151
202104,04-01817,0.9258234981753362
202104,04-01818,0.997725597467718
202104,04-01819,0.520931143155903
202104,04-01820,0.9358741970883597
202104,04-01821,0.1249669904380977
202104,04-01822,0.8098362624076868
202104,04-01823,0.32818741878109436
202104,04-01824,0.9895483918801988
202104,04-01825,0.9975960651751025
202104,04-01826,0.9535759680307916
202104,04-01827,0.5878033324219405
202104,04-01828,0.9843384294708815
202104,04-01829,0.14006496236154098
202104,04-01830,0.9998248094136498
202104,04-01831,0.7980213401982933
202104,04-01832,0.9313788431821179
202104,04-01833,0.9443803676977941
202104,04-01834,0.6115563141716837
202104,04-01835,0.9803229314404541
202104,04-01836,0.9506912496764582
202104,04-01837,0.6701667649206735
202104,04-01838,0.9812801441882171
202104,04-01839,0.9492872062824796
202104,04-01840,0.8367438163556528
202104,04-01841,0.7694447842781014
202104,04-01842,0.9285030248053591
202104,04-01843,0.07169266765843142
202104,04-01844,0.706486470807541
202104,04-01845,0.7805844350732621
202104,04-01846,0.9930544656658683
202104,04-01847,0.8569359873682737
202104,04-01848,0.8953940768471854
202104,04-01849,0.9957868121636813
202104,04-01850,0.9604938297677877
202104,04-01851,0.985757342112691
202104,04-01852,0.08626805929989259
202104,04-01853,0.9661143531175188
202104,04-01854,0.8914120680122837
202104,04-01855,0.9182391014491731
202104,04-01856,0.9851803666488628
202104,04-01857,0.8621918303042386
202104,04-01858,0.0556766892015362
202104,04-01859,0.9891025087030726
202104,04-01860,0.8371396987361273
202104,04-01861,0.5775681825788838
202104,04-01862,0.6253098298048732
202104,04-01863,0.20438089744247392
202104,04-01864,0.7987182305226359
202104,04-01865,0.3070109203928493
202104,04-01866,0.3343960691204056
202104,04-01867,0.7383971379687153
202104,04-01868,0.6417759007982362
202104,04-01869,0.9359430945115751
202104,04-01870,0.48419045899967667
202104,04-01871,0.9660771700053026
202104,04-01872,0.9909161223254546
202104,04-01873,0.14657636162409693
202104,04-01874,0.9956399335554805
202104,04-01875,0.6327808033118378
202104,04-01876,0.8462654942673987
202104,04-01877,0.12973126718952693
202104,04-01878,0.9861854070639255
202104,04-01879,0.9935048430729833
202104,04-01880,0.9871537258501684
202104,04-01881,0.9727613783564751
202104,04-01882,0.6495782441659974
202104,04-01883,0.8032674343751333
202104,04-01884,0.990154667219406
202104,04-01885,0.9976891722269399
202104,04-01886,0.705611698278137
202104,04-01887,0.6842650253765817
202104,04-01888,0.10205423124830461
202104,04-01889,0.835803911089412
202104,04-01890,0.9124290595579052
202104,04-01891,0.9986684639662331
202104,04-01892,0.9635058244913538
202104,04-01893,0.7964933678527891
202104,04-01894,0.8810540807109737
202104,04-01895,0.8605630480759762
202104,04-01896,0.27822319725987743
202104,04-01897,0.9085589417488943
202104,04-01898,0.9771732712511452
202104,04-01899,0.6730181698943203
202104,04-01900,0.6254078155419228
202104,04-01901,0.9819505140410502
202104,04-01902,0.9625379086399416
202104,04-01903,0.9691224057147021
202104,04-01904,0.08518792817414246
202104,04-01905,0.996548581406808
202104,04-01906,0.9886691708293333
202104,04-01907,0.9689242988081618
202104,04-01908,0.7655533288564459
202104,04-01909,0.41007098904538564
202104,04-01910,0.8692204459608653
202104,04-01911,0.2545056954574951
202104,04-01912,0.9853294580287626
202104,04-01913,0.938065575787787
202104,04-01914,0.9489768475195526
202104,04-01915,0.9949793956649721
202104,04-01916,0.5996315907410141
202104,04-01917,0.2508626214169929
202104,04-01918,0.3056680783170158
202104,04-01919,0.9992178385179428
202104,04-01920,0.7345268024775781
202104,04-01921,0.6019753125156765
202104,04-01922,0.9984717576673549
202104,04-01923,0.9732415772629809
202104,04-01924,0.7156673884783784
202104,04-01925,0.9995132800918235
202104,04-01926,0.9666738951171938
202104,04-01927,0.788975473337812
202104,04-01928,0.9396775903540687
202104,04-01929,0.8327632685984648
202104,04-01930,0.864878964041857
202104,04-01931,0.9860966676913114
202104,04-01932,0.9490904323073686
202104,04-01933,0.9788431752609614
202104,04-01934,0.9302390780632712
202104,04-01935,0.9792307713730525
202104,04-01936,0.4553791184177098
202104,04-01937,0.9833673879557012
202104,04-01938,0.6957788395173807
202104,04-01939,0.9935700006593735
202104,04-01940,0.9733246375677741
202104,04-01941,0.9807044409942789
202104,04-01942,0.8908870048969884
202104,04-01943,0.9612386460597974
202104,04-01944,0.9892603414010529
202104,04-01945,0.9978721251358197
202104,04-01946,0.998396146850709
202104,04-01947,0.11355641603120088
202104,04-01948,0.8987199706968637
202104,04-01949,0.9918716898292134
202104,04-01950,0.8683395629558278
202104,04-01951,0.9828730423498842
202104,04-01952,0.903855253714895
202104,04-01953,0.9140524147454264
202104,04-01954,0.9800105479154736
202104,04-01955,0.9730569596299681
202104,04-01956,0.7539027681604992
202104,04-01957,0.9986136745976933
202104,04-01958,0.7768216067226195
202104,04-01959,0.7583715907552124
202104,04-01960,0.7312152096880244
202104,04-01961,0.916741366435706
202104,04-01962,0.9889015425578994
202104,04-01963,0.9308909105218366
202104,04-01964,0.9469520146126633
202104,04-01965,0.9885101477406935
202104,04-01966,0.9854171679434628
202104,04-01967,0.7196454257069888
202104,04-01968,0.9727953673509281
202104,04-01969,0.9769673924609282
202104,04-01970,0.21348737626524023
202104,04-01971,0.9882001180075111
202104,04-01972,0.9757846273319497
202104,04-01973,0.9695351646435336
202104,04-01974,0.9936404751571072
202104,04-01975,0.3610476172922796
202104,04-01976,0.9848728508912997
202104,04-01977,0.19297713167521857
202104,04-01978,0.12638166384226066
202104,04-01979,0.8728646752545467
202104,04-01980,0.9798440106821856
202104,04-01981,0.8028752004064786
202104,04-01982,0.9898063392245607
202104,04-01983,0.977374829631994
202104,04-01984,0.3688570235697991
202104,04-01985,0.9703120785106667
202104,04-01986,0.9872590583195792
202104,04-01987,0.9904417654859539
202104,04-01988,0.8503205987433288
202104,04-01989,0.9110158710382699
202104,04-01990,0.9345184038622639
202104,04-01991,0.18553077391374156
202104,04-01992,0.7803589031223352
202104,04-01993,0.6042033009706952
202104,04-01994,0.6330920301705567
202104,04-01995,0.5445509568864234
202104,04-01996,0.959459672629139
202104,04-01997,0.9739994763854308
202104,04-01998,0.9776967048632842
202104,04-01999,0.07437702137690082
202104,04-02000,0.910969133153794
202104,04-02001,0.9982149715768613
202104,04-02002,0.7549987788993904
202104,04-02003,0.9961314351412015
202104,04-02004,0.10111604353524242
202104,04-02005,0.35775790848620764
202104,04-02006,0.9712370101172934
202104,04-02007,0.9955778009484474
202104,04-02008,0.9887806555187096
202104,04-02009,0.9899170415544801
202104,04-02010,0.9977861276292909
202104,04-02011,0.7664951570324279
202104,04-02012,0.9975285692469884
202104,04-02013,0.9879627279953331
202104,04-02014,0.9977477702747598
202104,04-02015,0.3984790908294173
202104,04-02016,0.8995169635929978
202104,04-02017,0.9848813681213034
202104,04-02018,0.9961054674017862
202104,04-02019,0.9618382388713472
202104,04-02020,0.8991037456791514
202104,04-02021,0.9966358048557452
202104,04-02022,0.9970785373146026
202104,04-02023,0.9764077079521585
202104,04-02024,0.4419611020876622
202104,04-02025,0.5984395350904688
202104,04-02026,0.9949855313130563
202104,04-02027,0.9531769960934318
202104,04-02028,0.9922609143519342
202104,04-02029,0.9475099538977967
202104,04-02030,0.5937754557886822
202104,04-02031,0.981690300452847
202104,04-02032,0.6274794836562253
202104,04-02033,0.7120835815548139
202104,04-02034,0.8788991141562105
202104,04-02035,0.48929677964486507
202104,04-02036,0.786097803768072
202104,04-02037,0.41346472372275767
202104,04-02038,0.587541257748377
202104,04-02039,0.32542009507259884
202104,04-02040,0.784583675406156
202104,04-02041,0.9028761850861546
202104,04-02042,0.9755180064507906
202104,04-02043,0.9901171015475074
202104,04-02044,0.986842883887918
202104,04-02045,0.6528958753050662
202104,04-02046,0.4860378695697366
202104,04-02047,0.8351108704489232
202104,04-02048,0.2853889657859036
202104,04-02049,0.3664601136650444
202104,04-02050,0.9446235504948006
202104,04-02051,0.7157067697900101
202104,04-02052,0.07200385465252263
202104,04-02053,0.9760178589271647
202104,04-02054,0.9760748102086838
202104,04-02055,0.6400018875803402
202104,04-02056,0.9852958962966603
202104,04-02057,0.9341694616154925
202104,04-02058,0.9771000404285239
202104,04-02059,0.9095030334170207
202104,04-02060,0.8800372269037173
202104,04-02061,0.9076937439085906
202104,04-02062,0.9051341870699504
202104,04-02063,0.22175435425921802
202104,04-02064,0.989702824934023
202104,04-02065,0.9658333375621612
202104,04-02066,0.974718823359769
202104,04-02067,0.9087262263903083
202104,04-02068,0.9886997318237243
202104,04-02069,0.9993053475427461
202104,04-02070,0.8067036281458083
202104,04-02071,0.9029113054251938
202104,04-02072,0.9959844367175691
202104,04-02073,0.8527804418833511
202104,04-02074,0.41372057670361045
202104,04-02075,0.9641103949587828
202104,04-02076,0.9954176623176009
202104,04-02077,0.21285859337623927
202104,04-02078,0.9316841561768984
202104,04-02079,0.5111089575316111
202104,04-02080,0.6339031287284167
202104,04-02081,0.6531903756153098
202104,04-02082,0.22169333183640505
202104,04-02083,0.6497743468326952
202104,04-02084,0.9711106421664515
202104,04-02085,0.6035388578198333
202104,04-02086,0.7473095127694909
202104,04-02087,0.7503363638032045
202104,04-02088,0.980996724309414
202104,04-02089,0.6921629781160792
202104,04-02090,0.9502228772954481
202104,04-02091,0.01727838667787988
202104,04-02092,0.9691872902931996
202104,04-02093,0.9295922797156008
202104,04-02094,0.38102158752101123
202104,04-02095,0.9985733714485563
202104,04-02096,0.9916962679873204
202104,04-02097,0.7444568855346884
202104,04-02098,0.17807723644691276
202104,04-02099,0.9248855505642547
202104,04-02100,0.5319554152831111
202104,04-02101,0.8750707542698123
202104,04-02102,0.976860174057721
202104,04-02103,0.38286532425483943
202104,04-02104,0.9808532278353526
202104,04-02105,0.9675598287262541
202104,04-02106,0.2656120082455491
202104,04-02107,0.9937461541740619
202104,04-02108,0.8635109630174624
202104,04-02109,0.7948165715435734
202104,04-02110,0.9878612777215118
202104,04-02111,0.9759516119250506
202104,04-02112,0.9648850610340983
202104,04-02113,0.6671218990574287
202104,04-02114,0.5336496760966591
202104,04-02115,0.9735560714187973
202104,04-02116,0.4403597635132528
202104,04-02117,0.6076355880402551
202104,04-02118,0.8408654688414254
202104,04-02119,0.9903791946027932
202104,04-02120,0.524346290022527
202104,04-02121,0.751002457207273
202104,04-02122,0.24053047158797639
202104,04-02123,0.6113908858974431
202104,04-02124,0.03181298575091026
202104,04-02125,0.6548885231423781
202104,04-02126,0.957679574585146
202104,04-02127,0.873711825763377
202104,04-02128,0.9854599468677365
202104,04-02129,0.35185896530145655
202104,04-02130,0.9813756250177883
202104,04-02131,0.7721214274906918
202104,04-02132,0.7162661531405028
202104,04-02133,0.931218070810611
202104,04-02134,0.9845410582923796
202104,04-02135,0.9486010650437355
202104,04-02136,0.8894098492000363
202104,04-02137,0.9850528543839813
202104,04-02138,0.992646674972818
202104,04-02139,0.8217853082128449
202104,04-02140,0.7426522025365955
202104,04-02141,0.9847381484833755
202104,04-02142,0.9899844748157602
202104,04-02143,0.798035969237389
202104,04-02144,0.9414708691799581
202104,04-02145,0.9381678188517123
202104,04-02146,0.8288657805601715
202104,04-02147,0.5550983988754711
202104,04-02148,0.8210195917648531
202104,04-02149,0.8149815677438814
202104,04-02150,0.9742097549270047
202104,04-02151,0.5582452427406818
202104,04-02152,0.5927982535382056
202104,04-02153,0.9358331159550609
202104,04-02154,0.436213527391504
202104,04-02155,0.9952130341883005
202104,04-02156,0.7111324769616834
202104,04-02157,0.9570231492031567
202104,04-02158,0.9691639588957779
202104,04-02159,0.03610426245194199
202104,04-02160,0.9986837439177192
202104,04-02161,0.9964931689376899
202104,04-02162,0.7443586337662202
202104,04-02163,0.9907625777799617
202104,04-02164,0.21878875297629385
202104,04-02165,0.9897194577450652
202104,04-02166,0.9141621626878654
202104,04-02167,0.9950183605225774
202104,04-02168,0.6079511397596415
202104,04-02169,0.9785895491038219
202104,04-02170,0.9956790328831727
202104,04-02171,0.0714270258098768
202104,04-02172,0.9557926276718832
202104,04-02173,0.5279634562384362
202104,04-02174,0.21050158723593457
202104,04-02175,0.507026229984918
202104,04-02176,0.9063830817953005
202104,04-02177,0.9452809524034645
202104,04-02178,0.9966245431408993
202104,04-02179,0.4808418147493477
202104,04-02180,0.5859062307215387
202104,04-02181,0.8188335668416983
202104,04-02182,0.993844517030542
202104,04-02183,0.8493820909010583
202104,04-02184,0.5379802745361875
202104,04-02185,0.9835172725242736
202104,04-02186,0.994540806013487
202104,04-02187,0.9371520823224754
202104,04-02188,0.9480977659471759
202104,04-02189,0.03132847372499774
202104,04-02190,0.8458603802789211
202104,04-02191,0.6336866144141864
202104,04-02192,0.9231626394027171
202104,04-02193,0.9819754608530736
202104,04-02194,0.9238400236791259
202104,04-02195,0.9983587197054073
202104,04-02196,0.944418660749966
202104,04-02197,0.9963573253322451
202104,04-02198,0.9067589359633214
202104,04-02199,0.997346897534905
202104,04-02200,0.987260104235016
202104,04-02201,0.9885017964966729
202104,04-02202,0.997993661929518
202104,04-02203,0.7609039284723019
202104,04-02204,0.9560110470446826
202104,04-02205,0.738082177711771
202104,04-02206,0.4875133109077131
202104,04-02207,0.9313222909322806
202104,04-02208,0.9021598761303574
202104,04-02209,0.4618656437958604
202104,04-02210,0.48341058474799165
202104,04-02211,0.7545210306448534
202104,04-02212,0.6242114004251065
202104,04-02213,0.6989836339231219
202104,04-02214,0.968426295507416
202104,04-02215,0.04293814394547886
202104,04-02216,0.7291987058920586
202104,04-02217,0.9812443579570234
202104,04-02218,0.11306481645218273
202104,04-02219,0.6743511390089153
202104,04-02220,0.7426441694090706
202104,04-02221,0.8166043058272155
202104,04-02222,0.8497904228098893
202104,04-02223,0.3363901555046715
202104,04-02224,0.34015089290061296
202104,04-02225,0.9910726887384653
202104,04-02226,0.985557677717683
202104,04-02227,0.22918510079544246
202104,04-02228,0.9942685509128929
202104,04-02229,0.9955326797242458
202104,04-02230,0.9628920473570342
202104,04-02231,0.9672296821205855
202104,04-02232,0.9481707684078639
202104,04-02233,0.9970844930985343
202104,04-02234,0.9881627610374375
202104,04-02235,0.8704049489036227
202104,04-02236,0.997674049719216
202104,04-02237,0.7689052549761314
202104,04-02238,0.9326842762535247
202104,04-02239,0.9775158846844486
202104,04-02240,0.9822870935657314
202104,04-02241,0.8134713549101038
202104,04-02242,0.9881233336325659
202104,04-02243,0.9590355384247917
202104,04-02244,0.9901730528051201
202104,04-02245,0.2559513664695608
202104,04-02246,0.14667438733903893
202104,04-02247,0.7674389365213813
202104,04-02248,0.8974098934343406
202104,04-02249,0.9953450018288434
202104,04-02250,0.5356777976613681
202104,04-02251,0.7708532392285146
202104,04-02252,0.9947484283800888
202104,04-02253,0.8905338253959211
202104,04-02254,0.9624734771812431
202104,04-02255,0.9186497136941072
202104,04-02256,0.9860406903065052
202104,04-02257,0.998470168978064
202104,04-02258,0.5551701835826728
202104,04-02259,0.9352216575468708
202104,04-02260,0.9415184750033078
202104,04-02261,0.9775502240513263
202104,04-02262,0.21568420052966225
202104,04-02263,0.9922749229912986
202104,04-02264,0.9375892992073636
202104,04-02265,0.9609677958682861
202104,04-02266,0.978851320462009
202104,04-02267,0.9545031107613935
202104,04-02268,0.7909756884245789
202104,04-02269,0.9143373538769812
202104,04-02270,0.9680380152896915
202104,04-02271,0.9852338246121722
202104,04-02272,0.8280530214248515
202104,04-02273,0.9902335822306628
202104,04-02274,0.4268083933039718
202104,04-02275,0.8261339105244428
202104,04-02276,0.9984408809194143
202104,04-02277,0.996179588622262
202104,04-02278,0.7171814065549015
202104,04-02279,0.7927902351986157
202104,04-02280,0.7132625605927283
202104,04-02281,0.24736132070278047
202104,04-02282,0.9949242169970011
202104,04-02283,0.7893680836026966
202104,04-02284,0.9986579431003927
202104,04-02285,0.960985162402586
202104,04-02286,0.4293718477613847
202104,04-02287,0.9893434305153949
202104,04-02288,0.9922910841083359
202104,04-02289,0.33433106141350327
202104,04-02290,0.2801573894377094
202104,04-02291,0.27496990669985905
202104,04-02292,0.9953359723484572
202104,04-02293,0.660298536830986
202104,04-02294,0.8658275956195653
202104,04-02295,0.9938151602205519
202104,04-02296,0.499536536621383
202104,04-02297,0.7744718475267967
202104,04-02298,0.39987854796158323
202104,04-02299,0.787546411245042
202104,04-02300,0.9995944597033017
202104,04-02301,0.17436591742032892
202104,04-02302,0.5554481039209868
202104,04-02303,0.1829287221160113
202104,04-02304,0.7145017007441161
202104,04-02305,0.9426181187231322
202104,04-02306,0.9944781072307818
202104,04-02307,0.9766357609704288
202104,04-02308,0.34660633469682506
202104,04-02309,0.9273476708575218
202104,04-02310,0.9015370483074208
202104,04-02311,0.9774237716300785
202104,04-02312,0.7258079481493631
202104,04-02313,0.9549987723392172
202104,04-02314,0.9853769544245897
202104,04-02315,0.8757072543550096
202104,04-02316,0.7848834001574357
202104,04-02317,0.08466237123596998
202104,04-02318,0.41695943259886664
202104,04-02319,0.6230124255662454
202104,04-02320,0.9971609501744375
202104,04-02321,0.9599705233103504
202104,04-02322,0.2156139703568984
202104,04-02323,0.973841106825059
202104,04-02324,0.11889929740119524
202104,04-02325,0.3795501026324311
202104,04-02326,0.6394230891728592
202104,04-02327,0.9752271740074505
202104,04-02328,0.753481388652372
202104,04-02329,0.8978838834665672
202104,04-02330,0.7835296997773639
202104,04-02331,0.3782492803134126
202104,04-02332,0.7491665337564691
202104,04-02333,0.5801974275860495
202104,04-02334,0.9988825123172201
202104,04-02335,0.08296023571332171
202104,04-02336,0.9968803282373717
202104,04-02337,0.7515678800703649
202104,04-02338,0.735403671834395
202104,04-02339,0.9871081300755651
202104,04-02340,0.8503201197569701
202104,04-02341,0.8783032635285135
202104,04-02342,0.8596278717012977
202104,04-02343,0.9135344194413599
202104,04-02344,0.10294118478651004
202104,04-02345,0.7280262351303526
202104,04-02346,0.9948340633999584
202104,04-02347,0.6846994354806859
202104,04-02348,0.7233036620147587
202104,04-02349,0.9984298772585928
202104,04-02350,0.6140939948452859
202104,04-02351,0.054426184238155886
202104,04-02352,0.008131231678082886
202104,04-02353,0.9788613974378882
202104,04-02354,0.973775265146454
202104,04-02355,0.9906926983691322
202104,04-02356,0.9360804919686678
202104,04-02357,0.9780365560457066
202104,04-02358,0.9549877184452373
202104,04-02359,0.9974145845061078
202104,04-02360,0.9993372190840747
202104,04-02361,0.7631561255105279
202104,04-02362,0.5660902594279283
202104,04-02363,0.5629062228309442
202104,04-02364,0.931209822702584
202104,04-02365,0.7006685278081608
202104,04-02366,0.9583712575225847
202104,04-02367,0.21312642625886963
202104,04-02368,0.6783098256324732
202104,04-02369,0.10796669513781898
202104,04-02370,0.9041289046690675
202104,04-02371,0.9522477108404315
202104,04-02372,0.9688570861187893
202104,04-02373,0.8354663015456318
202104,04-02374,0.9366450581930952
202104,04-02375,0.9930969765837937
202104,04-02376,0.6501823625463099
202104,04-02377,0.8546862112879552
202104,04-02378,0.39477090612776494
202104,04-02379,0.47620678352908374
202104,04-02380,0.8945153956870194
202104,04-02381,0.9405176337359117
202104,04-02382,0.8988675869285233
202104,04-02383,0.5208598880476739
202104,04-02384,0.994549704888949
202104,04-02385,0.7426132949189911
202104,04-02386,0.3722243711373703
202104,04-02387,0.6826686223024864
202104,04-02388,0.9809382419298259
202104,04-02389,0.9843553423277726
202104,04-02390,0.9141164783827078
202104,04-02391,0.7880319386778432
202104,04-02392,0.7603299121549231
202104,04-02393,0.960966366513089
202104,04-02394,0.7849313878999148
202104,04-02395,0.5286938083919324
202104,04-02396,0.6208325940994063
202104,04-02397,0.9992247014313461
202104,04-02398,0.24807009395381324
202104,04-02399,0.4436238047696161
202104,04-02400,0.9957610180747967
202104,04-02401,0.894807315601309
202104,04-02402,0.7490829537022545
202104,04-02403,0.46744884841072226
202104,04-02404,0.8826324839179891
202104,04-02405,0.9992206319882335
202104,04-02406,0.6281059730660027
202104,04-02407,0.6854165476952674
202104,04-02408,0.988871613228587
202104,04-02409,0.6939902462079919
202104,04-02410,0.9633690585644015
202104,04-02411,0.8914658454363399
202104,04-02412,0.686169872759166
202104,04-02413,0.9971652066877364
202104,04-02414,0.9985712037536871
202104,04-02415,0.9921237741020378
202104,04-02416,0.9360899509960283
202104,04-02417,0.22707531045583848
202104,04-02418,0.9680655299783352
202104,04-02419,0.9455358064864924
202104,04-02420,0.0024595582964518667
202104,04-02421,0.9613335722437495
202104,04-02422,0.02228523433938612
202104,04-02423,0.8708802829494774
202104,04-02424,0.4805808679226624
202104,04-02425,0.9219236596845433
202104,04-02426,0.8887039777287766
202104,04-02427,0.7781767362210135
202104,04-02428,0.7425460571789302
202104,04-02429,0.8917582614178553
202104,04-02430,0.9982550103935455
202104,04-02431,0.9540792587738677
202104,04-02432,0.8965483377175716
202104,04-02433,0.944171753266023
202104,04-02434,0.7259080206670897
202104,04-02435,0.9961879138807523
202104,04-02436,0.9427303339909044
202104,04-02437,0.06195883333039568
202104,04-02438,0.6615299334464165
202104,04-02439,0.47580912092911143
202104,04-02440,0.9350788229850893
202104,04-02441,0.9217792279109662
202104,04-02442,0.5243949973410541
202104,04-02443,0.21944749354587087
202104,04-02444,0.8558758507524837
202104,04-02445,0.9024688850544392
202104,04-02446,0.9728137269893775
202104,04-02447,0.5919971129022815
202104,04-02448,0.9041640072256151
202104,04-02449,0.9073490966373128
202104,04-02450,0.4485697977060364
202104,04-02451,0.8958729774341175
202104,04-02452,0.05368712415870683
202104,04-02453,0.7214589944785087
202104,04-02454,0.9262098110001327
202104,04-02455,0.999104534820627
202104,04-02456,0.7823539698159307
202104,04-02457,0.8531918237288953
202104,04-02458,0.6655382469926867
202104,04-02459,0.9023175025892713
202104,04-02460,0.9722373438827366
202104,04-02461,0.779639787085366
202104,04-02462,0.6174748686414533
202104,04-02463,0.9128009803754211
202104,04-02464,0.9678864464855891
202104,04-02465,0.5790936092721972
202104,04-02466,0.7716319954621266
202104,04-02467,0.8116463540036079
202104,04-02468,0.9431847766362154
202104,04-02469,0.9347327688148424
202104,04-02470,0.9920784925166278
202104,04-02471,0.9448927716787516
202104,04-02472,0.5452845807392611
202104,04-02473,0.5345131105327026
202104,04-02474,0.8411603267810445
202104,04-02475,0.489969497097744
202104,04-02476,0.9434393948484174
202104,04-02477,0.10575801602783562
202104,04-02478,0.9943903038271056
202104,04-02479,0.5352414323174736
202104,04-02480,0.06760774241153714
202104,04-02481,0.9021696145096771
202104,04-02482,0.14041692731492364
202104,04-02483,0.8087261913890756
202104,04-02484,0.988833807985927
202104,04-02485,0.25219528723049484
202104,04-02486,0.7657456844163906
202104,04-02487,0.9428644474297732
202104,04-02488,0.9743017093123941
202104,04-02489,0.8998927472120568
202104,04-02490,0.9149116270006676
202104,04-02491,0.8185636275401871
202104,04-02492,0.5081117411527446
202104,04-02493,0.9960134162341784
202104,04-02494,0.9399363417817898
202104,04-02495,0.5179089651843702
202104,04-02496,0.017505213602750463
202104,04-02497,0.33843111151161165
202104,04-02498,0.20781369997126645
202104,04-02499,0.9985124284696617
202104,04-02500,0.7436872604923751
202104,04-02501,0.9854170943764017
202104,04-02502,0.8589485557216194
202104,04-02503,0.9047528322849694
202104,04-02504,0.3109786339258598
202104,04-02505,0.8679604992126957
202104,04-02506,0.7796189761136302
202104,04-02507,0.0200576685724542
202104,04-02508,0.9984935850359228
202104,04-02509,0.9595273106051067
202104,04-02510,0.6082360379067743
202104,04-02511,0.9748640177258426
202104,04-02512,0.9948565563971584
202104,04-02513,0.04124194184865597
202104,04-02514,0.8520352057746889
202104,04-02515,0.981280539963719
202104,04-02516,0.9449102144962082
202104,04-02517,0.952686114079202
202104,04-02518,0.8283983396385105
202104,04-02519,0.04182336196937604
202104,04-02520,0.4728795819920283
202104,04-02521,0.9789315190784936
202104,04-02522,0.9896511317351865
202104,04-02523,0.967389378214955
202104,04-02524,0.9473958516086699
202104,04-02525,0.9932531480640542
202104,04-02526,0.8279469227071681
202104,04-02527,0.8097240338195888
202104,04-02528,0.9397439710365189
202104,04-02529,0.9137026368889615
202104,04-02530,0.9785286997055673
202104,04-02531,0.7964779498588951
202104,04-02532,0.9157676929080686
202104,04-02533,0.9589403912745277
202104,04-02534,0.8841579516399366
202104,04-02535,0.8304445065316658
202104,04-02536,0.8972229878718363
202104,04-02537,0.9578152789904055
202104,04-02538,0.7957152629339441
202104,04-02539,0.9776532650219313
202104,04-02540,0.9886812894900135
202104,04-02541,0.9782878238246435
202104,04-02542,0.9784465809471025
202104,04-02543,0.9902575898015488
202104,04-02544,0.5089741539480492
202104,04-02545,0.9673154119124443
202104,04-02546,0.5513710839621477
202104,04-02547,0.4544431941306441
202104,04-02548,0.9765291647913694
202104,04-02549,0.6408875094207995
202104,04-02550,0.6405127153715945
202104,04-02551,0.99780037228593
202104,04-02552,0.8930020345336969
202104,04-02553,0.7743795977757613
202104,04-02554,0.9258806450551063
202104,04-02555,0.2830107712121337
202104,04-02556,0.2806064184940325
202104,04-02557,0.6768488912479943
202104,04-02558,0.3478024723737106
202104,04-02559,0.17857037024489938
202104,04-02560,0.8501200204729192
202104,04-02561,0.9428734063428572
202104,04-02562,0.9923706803286757
202104,04-02563,0.9723308624953291
202104,04-02564,0.24258959454325338
202104,04-02565,0.9976988073127772
202104,04-02566,0.9908241527745341
202104,04-02567,0.8021233870291645
202104,04-02568,0.09351027295219182
202104,04-02569,0.9670833348963345
202104,04-02570,0.10977689595094764
202104,04-02571,0.9597106208399567
202104,04-02572,0.925178545125138
202104,04-02573,0.6842046643987171
202104,04-02574,0.9856021979834414
202104,04-02575,0.9634833034446153
202104,04-02576,0.9984803105732742
202104,04-02577,0.00970250437769762
202104,04-02578,0.381528602700704
202104,04-02579,0.15573901418470754
202104,04-02580,0.9464536183066655
202104,04-02581,0.623656333565692
202104,04-02582,0.7058686157246558
202104,04-02583,0.5112333790541056
202104,04-02584,0.8937314904537879
202104,04-02585,0.9946459466355391
202104,04-02586,0.7463158734522586
202104,04-02587,0.8602161432071554
202104,04-02588,0.9965609968872051
202104,04-02589,0.45901754526254873
202104,04-02590,0.9879759631046124
202104,04-02591,0.8741161124013805
202104,04-02592,0.6967036200366756
202104,04-02593,0.9921417702160062
202104,04-02594,0.37653903783602555
202104,04-02595,0.4573162624882192
202104,04-02596,0.980163855115597
202104,04-02597,0.7836984451010294
202104,04-02598,0.9291528247207937
202104,04-02599,0.6608580129760696
202104,04-02600,0.15951127646018334
202104,04-02601,0.7223455065077988
202104,04-02602,0.9484771294568072
202104,04-02603,0.035235763154584994
202104,04-02604,0.9032758266016977
202104,04-02605,0.9570040008129598
202104,04-02606,0.9945557359456375
202104,04-02607,0.9277774164687875
202104,04-02608,0.6882963649840428
202104,04-02609,0.7627109136889272
202104,04-02610,0.9762231337877285
202104,04-02611,0.9168469400905318
202104,04-02612,0.8690457022058412
202104,04-02613,0.4443053643548911
202104,04-02614,0.7349927577734756
202104,04-02615,0.9356036663814493
202104,04-02616,0.6840564823759467
202104,04-02617,0.873767296070726
202104,04-02618,0.29832237269577516
202104,04-02619,0.1771001123067867
202104,04-02620,0.5523580475052644
202104,04-02621,0.2172858872180064
202104,04-02622,0.8261333088473315
202104,04-02623,0.9988813076445802
202104,04-02624,0.7781906114580782
202104,04-02625,0.3492911627607651
202104,04-02626,0.8062112420148874
202104,04-02627,0.832906819713976
202104,04-02628,0.9479466133282379
202104,04-02629,0.9569992150007884
202104,04-02630,0.9943251413800455
202104,04-02631,0.40433529717935707
202104,04-02632,0.3197676701174528
202104,04-02633,0.965153212793233
202104,04-02634,0.6122905805724658
202104,04-02635,0.6008727761841561
202104,04-02636,0.6059583223914067
202104,04-02637,0.8757366332395818
202104,04-02638,0.9931104828692194
202104,04-02639,0.5801313538935273
202104,04-02640,0.9451715111293688
202104,04-02641,0.9492729486882374
202104,04-02642,0.973288317164475
202104,04-02643,0.8499950913356783
202104,04-02644,0.35220715752786946
202104,04-02645,0.5362820949892372
202104,04-02646,0.13201149262514167
202104,04-02647,0.9782814503154573
202104,04-02648,0.9372980324367984
202104,04-02649,0.9501883348478591
202104,04-02650,0.599318809607691
202104,04-02651,0.8682719016072783
202104,04-02652,0.9827960710299836
202104,04-02653,0.6679252402377024
202104,04-02654,0.990813668813946
202104,04-02655,0.7972116703540094
202104,04-02656,0.27106811626604865
202104,04-02657,0.1276834792194831
202104,04-02658,0.3447504710080165
202104,04-02659,0.8991337315370457
202104,04-02660,0.9975455536044793
202104,04-02661,0.8484973487527335
202104,04-02662,0.9240184433931534
202104,04-02663,0.041978021836809
202104,04-02664,0.15415493278927397
202104,04-02665,0.9825973601763299
202104,04-02666,0.1622340086773887
202104,04-02667,0.8028258883895827
202104,04-02668,0.9082940928781646
202104,04-02669,0.9631831808420559
202104,04-02670,0.8979035040348256
202104,04-02671,0.7665225868022494
202104,04-02672,0.8390390163383007
202104,04-02673,0.6105986954863523
202104,04-02674,0.8984465295444232
202104,04-02675,0.6497774514963839
202104,04-02676,0.9798120900146253
202104,04-02677,0.7738601822243892
202104,04-02678,0.40936363563997175
202104,04-02679,0.001620580776507418
202104,04-02680,0.8041807046113704
202104,04-02681,0.5980632332506369
202104,04-02682,0.7815653330912173
202104,04-02683,0.2330321960595115
202104,04-02684,0.9330726450340795
202104,04-02685,0.7691969271598078
202104,04-02686,0.775204667837448
202104,04-02687,0.9238914268181668
202104,04-02688,0.6212245424120095
202104,04-02689,0.526020120680368
202104,04-02690,0.994484581391701
202104,04-02691,0.9547537565799502
202104,04-02692,0.9204780164055822
202104,04-02693,0.09812731730051048
202104,04-02694,0.5309010415015029
202104,04-02695,0.649165777435633
202104,04-02696,0.5691001938486011
202104,04-02697,0.99310507415572
202104,04-02698,0.2590792080747841
202104,04-02699,0.970480047399956
202104,04-02700,0.8618213609915136
202104,04-02701,0.9808544561517281
202104,04-02702,0.5557753452742694
202104,04-02703,0.14886054127512013
202104,04-02704,0.9249310176197649
202104,04-02705,0.9038245822187337
202104,04-02706,0.8851589982456506
202104,04-02707,0.982564305051553
202104,04-02708,0.7646210845291717
202104,04-02709,0.738314056987388
202104,04-02710,0.8201725176435998
202104,04-02711,0.9668963610537729
202104,04-02712,0.996555505131036
202104,04-02713,0.638199227121637
202104,04-02714,0.9890212301159965
202104,04-02715,0.6922922378638056
202104,04-02716,0.9774366170389134
202104,04-02717,0.9970053989788346
202104,04-02718,0.8871087088173084
202104,04-02719,0.9277818405448596
202104,04-02720,0.9826341115216757
202104,04-02721,0.7972340501381002
202104,04-02722,0.9910290130690681
202104,04-02723,0.9935257603172841
202104,04-02724,0.824853433356578
202104,04-02725,0.9955319817173248
202104,04-02726,0.7795852804599012
202104,04-02727,0.9454376087958198
202104,04-02728,0.20020655236612558
202104,04-02729,0.7921819543124112
202104,04-02730,0.9925537350325883
202104,04-02731,0.005043114431472393
202104,04-02732,0.9775423981467322
202104,04-02733,0.9910598006454268
202104,04-02734,0.962491009429546
202104,04-02735,0.44743861720465383
202104,04-02736,0.18760365055727923
202104,04-02737,0.9493787707643642
202104,04-02738,0.921792202999319
202104,04-02739,0.8808569209006762
202104,04-02740,0.9256096706539879
202104,04-02741,0.9084736439893916
202104,04-02742,0.9552275321112101
202104,04-02743,0.9927564599029843
202104,04-02744,0.2641526979973475
202104,04-02745,0.6863447478845375
202104,04-02746,0.6383567679603451
202104,04-02747,0.776942340027752
202104,04-02748,0.5748404689304926
202104,04-02749,0.7347006677337564
202104,04-02750,0.9889264585956616
202104,04-02751,0.16369066531929288
202104,04-02752,0.8138357265218329
202104,04-02753,0.6054218203714168
202104,04-02754,0.9904960627379107
202104,04-02755,0.5695745884161658
202104,04-02756,0.853987017264019
202104,04-02757,0.9169306348126971
202104,04-02758,0.7642514739887272
202104,04-02759,0.9949086706476747
202104,04-02760,0.9867751618432021
202104,04-02761,0.0328856762704496
202104,04-02762,0.9592326088032765
202104,04-02763,0.8183141691255851
202104,04-02764,0.07629530371100018
202104,04-02765,0.8817753378150058
202104,04-02766,0.9363690430773554
202104,04-02767,0.8622224039819519
202104,04-02768,0.1558472827727493
202104,04-02769,0.9923861466491207
202104,04-02770,0.6562861814090771
202104,04-02771,0.2032314099350611
202104,04-02772,0.2496164501782201
202104,04-02773,0.9768615665421129
202104,04-02774,0.9356649007584107
202104,04-02775,0.7353550183646267
202104,04-02776,0.8969726879808378
202104,04-02777,0.9893843197940603
202104,04-02778,0.8384889575881964
202104,04-02779,0.48084648169117533
202104,04-02780,0.11190643160815175
202104,04-02781,0.20426705837475423
202104,04-02782,0.10022449044539733
202104,04-02783,0.7718037116834191
202104,04-02784,0.5578270471918589
202104,04-02785,0.8687867587176378
202104,04-02786,0.9946010873479149
202104,04-02787,0.6911146516396486
202104,04-02788,0.16660032794602606
202104,04-02789,0.7055207853883155
202104,04-02790,0.8821999390020873
202104,04-02791,0.18975682843713498
202104,04-02792,0.9776909281619872
202104,04-02793,0.981864517246471
202104,04-02794,0.9505101438176756
202104,04-02795,0.9522784007076311
202104,04-02796,0.8098931000591552
202104,04-02797,0.8044631815098153
202104,04-02798,0.9693677831968602
202104,04-02799,0.6209194330621394
202104,04-02800,0.5643754265318205
202104,04-02801,0.994412301024356
202104,04-02802,0.9169333985734084
202104,04-02803,0.36395102363766
202104,04-02804,0.9771561446637733
202104,04-02805,0.9969385276603477
202104,04-02806,0.6799598896636854
202104,04-02807,0.6299491779955587
202104,04-02808,0.99788055796792
202104,04-02809,0.9231831487959891
202104,04-02810,0.3614142534021902
202104,04-02811,0.06374802653715798
202104,04-02812,0.3797369857201129
202104,04-02813,0.8212078393961441
202104,04-02814,0.3162858828416802
202104,04-02815,0.9819487389366205
202104,04-02816,0.9542712784557089
202104,04-02817,0.6505012860352376
202104,04-02818,0.8452387719588332
202104,04-02819,0.9911705703414789
202104,04-02820,0.6978790037924605
202104,04-02821,0.5439254455168063
202104,04-02822,0.4580155196668976
202104,04-02823,0.6586859809951133
202104,04-02824,0.9921045165414238
202104,04-02825,0.8002429093385435
202104,04-02826,0.2625185311960845
202104,04-02827,0.2857602019471531
202104,04-02828,0.4624406237876898
202104,04-02829,0.9800564318488192
202104,04-02830,0.7953013308226704
202104,04-02831,0.4103857467439762
202104,04-02832,0.8172501844481795
202104,04-02833,0.24788366260084224
202104,04-02834,0.8307081660572506
202104,04-02835,0.7628564043831695
202104,04-02836,0.26130038365769714
202104,04-02837,0.18919990151098406
202104,04-02838,0.9890734595679178
202104,04-02839,0.904294163084976
202104,04-02840,0.5927654066221905
202104,04-02841,0.9278393587591494
202104,04-02842,0.697066964657828
202104,04-02843,0.9830624525940612
202104,04-02844,0.4340362600498748
202104,04-02845,0.9648662571859761
202104,04-02846,0.9735201421883374
202104,04-02847,0.7181998750323207
202104,04-02848,0.9915721205481646
202104,04-02849,0.9917805249126902
202104,04-02850,0.9058455085782383
202104,04-02851,0.7315211944656391
202104,04-02852,0.9975231201576291
202104,04-02853,0.9886811797470507
202104,04-02854,0.9560884367376052
202104,04-02855,0.9922276538031696
202104,04-02856,0.9799803537997629
202104,04-02857,0.9924438404940025
202104,04-02858,0.9936502112223421
202104,04-02859,0.037340241521135714
202104,04-02860,0.9995817740283073
202104,04-02861,0.9990927610345716
202104,04-02862,0.10436651777986883
202104,04-02863,0.956418770912613
202104,04-02864,0.7610446736709051
202104,04-02865,0.9973757533032535
202104,04-02866,0.9853152498042896
202104,04-02867,0.9870083171498311
202104,04-02868,0.9981840306536272
202104,04-02869,0.21977486098954366
202104,04-02870,0.6410950878361984
202104,04-02871,0.9761455132472155
202104,04-02872,0.4234758389102108
202104,04-02873,0.5479507588957734
202104,04-02874,0.09650649957724529
202104,04-02875,0.6801514901758513
202104,04-02876,0.9789557096655094
202104,04-02877,0.5086080284473181
202104,04-02878,0.9020990658483691
202104,04-02879,0.9966857800011945
202104,04-02880,0.885749651586772
202104,04-02881,0.050458875546019334
202104,04-02882,0.07705552940826241
202104,04-02883,0.9715057920305564
202104,04-02884,0.22760203106840624
202104,04-02885,0.9930425811825273
202104,04-02886,0.9745285140974295
202104,04-02887,0.996204094163186
202104,04-02888,0.9958379555244786
202104,04-02889,0.9940104785805803
202104,04-02890,0.9872861408164271
202104,04-02891,0.9989948053048684
202104,04-02892,0.5365792410501479
202104,04-02893,0.44085418708201024
202104,04-02894,0.6449663533609368
202104,04-02895,0.5681810399040889
202104,04-02896,0.996978084967625
202104,04-02897,0.9748932114958313
202104,04-02898,0.6970295372318388
202104,04-02899,0.571343500112122
202104,04-02900,0.9899762634418552
202104,04-02901,0.9490503854450038
202104,04-02902,0.7600346526167063
202104,04-02903,0.25798918083814276
202104,04-02904,0.9384584447400098
202104,04-02905,0.016057391279441162
202104,04-02906,0.7490332563433689
202104,04-02907,0.7981567314512149
202104,04-02908,0.671516402906521
202104,04-02909,0.7123132089763462
202104,04-02910,0.9145832599571116
202104,04-02911,0.7594301179445351
202104,04-02912,0.9885490942166424
202104,04-02913,0.9972043013974752
202104,04-02914,0.995999560905763
202104,04-02915,0.8753063490890788
202104,04-02916,0.18824287547565718
202104,04-02917,0.9939342140309821
202104,04-02918,0.7379669401542839
202104,04-02919,0.04592563608820601
202104,04-02920,0.8751488170631031
202104,04-02921,0.7958399953806212
202104,04-02922,0.8733324888525725
202104,04-02923,0.34902674511569964
202104,04-02924,0.6449431133003524
202104,04-02925,0.9994971835829553
202104,04-02926,0.9307535983537121
202104,04-02927,0.6798608812024537
202104,04-02928,0.9844240794506404
202104,04-02929,0.8953549632500304
202104,04-02930,0.9971695721450934
202104,04-02931,0.5793584482337324
202104,04-02932,0.9259212972191627
202104,04-02933,0.9676234341589262
202104,04-02934,0.5643374952154839
202104,04-02935,0.04487765862249251
202104,04-02936,0.044870296656396136
202104,04-02937,0.8627000695685098
202104,04-02938,0.9556344548613269
202104,04-02939,0.9948075030725834
202104,04-02940,0.003396603476731135
202104,04-02941,0.37143996345019403
202104,04-02942,0.9826491947828881
202104,04-02943,0.0357497537966123
202104,04-02944,0.331176230110694
202104,04-02945,0.9579640382593252
202104,04-02946,0.0826055261016376
202104,04-02947,0.9837781730774817
202104,04-02948,0.9655197388197072
202104,04-02949,0.8018605870357061
202104,04-02950,0.5399979975595874
202104,04-02951,0.9048841897016825
202104,04-02952,0.1482524393503632
202104,04-02953,0.9049985520822289
202104,04-02954,0.27078956447696123
202104,04-02955,0.10157830905867041
202104,04-02956,0.6495100091314906
202104,04-02957,0.993682793549367
202104,04-02958,0.9406780049226162
202104,04-02959,0.9803260907229642
202104,04-02960,0.8874772553153338
202104,04-02961,0.6999068093775092
202104,04-02962,0.9413588950131003
202104,04-02963,0.9406962785771393
202104,04-02964,0.8132957209722157
202104,04-02965,0.9889062773002539
202104,04-02966,0.9927412728545435
202104,04-02967,0.7405697756890829
202104,04-02968,0.45994586807248494
202104,04-02969,0.9661090447185197
202104,04-02970,0.9140331850595073
202104,04-02971,0.998721595961187
202104,04-02972,0.9875844289984197
202104,04-02973,0.9559582303827768
202104,04-02974,0.96886774578481
202104,04-02975,0.9906304000424294
202104,04-02976,0.6110895866213267
202104,04-02977,0.9990872211689613
202104,04-02978,0.7575309415959716
202104,04-02979,0.6456357284625825
202104,04-02980,0.5764070137688464
202104,04-02981,0.9742923704299307
202104,04-02982,0.9931359112767144
202104,04-02983,0.7846938277193624
202104,04-02984,0.9738842996066766
202104,04-02985,0.9867351867476445
202104,04-02986,0.9489607446054217
202104,04-02987,0.9949128632619213
202104,04-02988,0.7309691113146635
202104,04-02989,0.44405927680606794
202104,04-02990,0.962631798728167
202104,04-02991,0.9969357221545827
202104,04-02992,0.7020904057258593
202104,04-02993,0.9869319601229061
202104,04-02994,0.02240072092194151
202104,04-02995,0.5588758605252163
202104,04-02996,0.9627894666467669
202104,04-02997,0.330907213181435
202104,04-02998,0.2022472645601743
202104,04-02999,0.9833273788936187
202104,04-03000,0.910007242240639
202104,04-03001,0.9941018363836837
202104,04-03002,0.17554846973775
202104,04-03003,0.7694421287971956
202104,04-03004,0.29591074830055986
202104,04-03005,0.4587515555024565
202104,04-03006,0.5310801690410216
202104,04-03007,0.9359190328551193
202104,04-03008,0.963824237262736
202104,04-03009,0.7538475432274171
202104,04-03010,0.7821864988090412
202104,04-03011,0.986486555904101
202104,04-03012,0.9311050772260447
202104,04-03013,0.9954154192112463
202104,04-03014,0.9307388852753001
202104,04-03015,0.9944999323051904
202104,04-03016,0.975322151569505
202104,04-03017,0.3041481070772077
202104,04-03018,0.3176524814908276
202104,04-03019,0.9953349806801329
202104,04-03020,0.9642629176344962
202104,04-03021,0.8749228718879795
202104,04-03022,0.9955846311447857
202104,04-03023,0.8083477502893193
202104,04-03024,0.9980857878319583
202104,04-03025,0.17717631837926573
202104,04-03026,0.7367524588726015
202104,04-03027,0.019944030692438004
202104,04-03028,0.9947052267936026
202104,04-03029,0.7792685986994194
202104,04-03030,0.586488279140467
202104,04-03031,0.26178327293555376
202104,04-03032,0.9609622787815926
202104,04-03033,0.9567571261213315
202104,04-03034,0.9944320152777066
202104,04-03035,0.22278198190213322
202104,04-03036,0.9469877578661089
202104,04-03037,0.9162261822943583
202104,04-03038,0.061211068621630525
202104,04-03039,0.9469447338408771
202104,04-03040,0.8577138312429053
202104,04-03041,0.870223603317516
202104,04-03042,0.11547488128739848
202104,04-03043,0.32474209796985476
202104,04-03044,0.7984545659619099
202104,04-03045,0.8786521677919147
202104,04-03046,0.8170451325726152
202104,04-03047,0.9729857838162285
202104,04-03048,0.9972694856944985
202104,04-03049,0.8866156008376428
202104,04-03050,0.9985987927960593
202104,04-03051,0.9991413247216038
202104,04-03052,0.9659449313343457
202104,04-03053,0.8143324520386339
202104,04-03054,0.7404077427232675
202104,04-03055,0.9859818502342189
202104,04-03056,0.651213166426394
202104,04-03057,0.7793816845229148
202104,04-03058,0.9889141470063717
202104,04-03059,0.7869090358649824
202104,04-03060,0.14988232542777566
202104,04-03061,0.9876885506891234
202104,04-03062,0.2988107675346878
202104,04-03063,0.6001122071852352
202104,04-03064,0.19866868199040494
202104,04-03065,0.9514231618132923
202104,04-03066,0.9968259400707302
202104,04-03067,0.9394376744675006
202104,04-03068,0.9915768442508703
202104,04-03069,0.9826723648201022
202104,04-03070,0.10439625975783037
202104,04-03071,0.08130422363390662
202104,04-03072,0.6148425540092477
202104,04-03073,0.9957989331663369
202104,04-03074,0.9972928221723633
202104,04-03075,0.9904092361853103
202104,04-03076,0.6925079872104888
202104,04-03077,0.9959729331995971
202104,04-03078,0.884521399004828
202104,04-03079,0.8988249781622443
202104,04-03080,0.7109341095315433
202104,04-03081,0.45929848110546884
202104,04-03082,0.848851907488235
202104,04-03083,0.9940422613995072
202104,04-03084,0.9491281274112997
202104,04-03085,0.20480824526403069
202104,04-03086,0.9619700540931744
202104,04-03087,0.840714305713476
202104,04-03088,0.8649084970028247
202104,04-03089,0.9320893835302229
202104,04-03090,0.5770706090035185
202104,04-03091,0.08116079648244212
202104,04-03092,0.9832421288542715
202104,04-03093,0.6462336469250561
202104,04-03094,0.28129111359919784
202104,04-03095,0.9163241528210865
202104,04-03096,0.3499030500495336
202104,04-03097,0.8410322250903757
202104,04-03098,0.1808025549367242
202104,04-03099,0.9285904998947577
202104,04-03100,0.2061003236941675
202104,04-03101,0.7749088290866736
202104,04-03102,0.9872588397672458
202104,04-03103,0.7809368231781029
202104,04-03104,0.5094119487570793
202104,04-03105,0.9939035222546174
202104,04-03106,0.996422063628556
202104,04-03107,0.3718111435430915
202104,04-03108,0.9987618034519774
202104,04-03109,0.828379575503824
202104,04-03110,0.7326922537783426
202104,04-03111,0.9818403780115997
202104,04-03112,0.8846064814976587
202104,04-03113,0.6124671073021161
202104,04-03114,0.9899789363861858
202104,04-03115,0.9254469843209037
202104,04-03116,0.9997026945277089
202104,04-03117,0.15465345357841775
202104,04-03118,0.7078259209810297
202104,04-03119,0.23573812484938853
202104,04-03120,0.13962048298497587
202104,04-03121,0.9422968413518031
202104,04-03122,0.9901289486754259
202104,04-03123,0.9799227908693681
202104,04-03124,0.5197991021077487
202104,04-03125,0.7578533974529531
202104,04-03126,0.20765757230085777
202104,04-03127,0.9664067491243163
202104,04-03128,0.6431759810578901
202104,04-03129,0.7157996956151552
202104,04-03130,0.9445338274429633
202104,04-03131,0.9924230490855267
202104,04-03132,0.15999032025089363
202104,04-03133,0.9019288830769008
202104,04-03134,0.781565457680475
202104,04-03135,0.97780893832925
202104,04-03136,0.27155218669015624
202104,04-03137,0.8359166726402079
202104,04-03138,0.6691335412274529
202104,04-03139,0.49051442605703216
202104,04-03140,0.9758426051099757
202104,04-03141,0.9819418778302402
202104,04-03142,0.5385058542140356
202104,04-03143,0.9316928745589219
202104,04-03144,0.6225621733324338
202104,04-03145,0.7410084580346543
202104,04-03146,0.201297126319792
202104,04-03147,0.2690371924261358
202104,04-03148,0.9960905360163353
202104,04-03149,0.7938336698881306
202104,04-03150,0.5352309924146824
202104,04-03151,0.9899521184025306
202104,04-03152,0.7736861768183091
202104,04-03153,0.9765558678440796
202104,04-03154,0.9931799569287318
202104,04-03155,0.9739024703909906
202104,04-03156,0.7932488539701444
202104,04-03157,0.977163179069596
202104,04-03158,0.24858132862409923
202104,04-03159,0.9888029755261775
202104,04-03160,0.7089460160700983
202104,04-03161,0.8966782094429905
202104,04-03162,0.9058923482341
202104,04-03163,0.956044467815188
202104,04-03164,0.6139784965947316
202104,04-03165,0.927504541417512
202104,04-03166,0.17872378827102162
202104,04-03167,0.6397655757731959
202104,04-03168,0.04972582527451138
202104,04-03169,0.8987734257500938
202104,04-03170,0.20845997694142643
202104,04-03171,0.7984572261963436
202104,04-03172,0.9499529295278804
202104,04-03173,0.5575396362235103
202104,04-03174,0.9934746459526624
202104,04-03175,0.9557676468983543
202104,04-03176,0.26090682764566153
202104,04-03177,0.5497939710900509
202104,04-03178,0.6727746921489244
202104,04-03179,0.5661861464597973
202104,04-03180,0.03509313531445333
202104,04-03181,0.9166272373810842
202104,04-03182,0.7595645511741081
202104,04-03183,0.6544358098637595
202104,04-03184,0.7708674034270087
202104,04-03185,0.995224636739962
202104,04-03186,0.5131957808458742
202104,04-03187,0.9786414691645499
202104,04-03188,0.16248661646422638
202104,04-03189,0.7484345997674177
202104,04-03190,0.9055121583629951
202104,04-03191,0.13277622523967825
202104,04-03192,0.5815468238483581
202104,04-03193,0.7844440058907651
202104,04-03194,0.7557337897742442
202104,04-03195,0.6016853824126351
202104,04-03196,0.6921538692470192
202104,04-03197,0.9587227032687121
202104,04-03198,0.8464221048755178
202104,04-03199,0.9658572487787713
202104,04-03200,0.9919386083559072
202104,04-03201,0.9982398371085804
202104,04-03202,0.9311535801853704
202104,04-03203,0.5439986671073388
202104,04-03204,0.7869227462992429
202104,04-03205,0.671094615336607
202104,04-03206,0.8833418729106612
202104,04-03207,0.5943270989566845
202104,04-03208,0.9292837299733409
202104,04-03209,0.937755859841201
202104,04-03210,0.985783216669414
202104,04-03211,0.5430698028383
202104,04-03212,0.9822924711837135
202104,04-03213,0.9939185556589935
202104,04-03214,0.9838149104698086
202104,04-03215,0.051641222582879
202104,04-03216,0.9250075754609371
202104,04-03217,0.999001662912759
202104,04-03218,0.9113342807613475
202104,04-03219,0.1803675797099379
202104,04-03220,0.9557227725324399
202104,04-03221,0.9979577685688963
202104,04-03222,0.8395052703549742
202104,04-03223,0.47452770186581295
202104,04-03224,0.9960498682326866
202104,04-03225,0.9985985792407996
202104,04-03226,0.7181059225972829
202104,04-03227,0.8394747638310867
202104,04-03228,0.9959623972742401
202104,04-03229,0.8356662184194371
202104,04-03230,0.7005740417766967
202104,04-03231,0.9005834496269056
202104,04-03232,0.745279257641157
202104,04-03233,0.9987171655061989
202104,04-03234,0.9908810063451878
202104,04-03235,0.8326321566944119
202104,04-03236,0.7437777411781274
202104,04-03237,0.9913036911702882
202104,04-03238,0.3505993336354547
202104,04-03239,0.09268461099686794
202104,04-03240,0.9570076568595804
202104,04-03241,0.27382640345271836
202104,04-03242,0.695726224283757
202104,04-03243,0.9913029040254313
202104,04-03244,0.7354420541518433
202104,04-03245,0.9000046172351047
202104,04-03246,0.9749580937900951
202104,04-03247,0.9876443287394316
202104,04-03248,0.9806902315851815
202104,04-03249,0.9990652842596311
202104,04-03250,0.3589615070772728
202104,04-03251,0.179263394776434
202104,04-03252,0.9734718483082946
202104,04-03253,0.9754038745893466
202104,04-03254,0.6498656105563531
202104,04-03255,0.9283087134783479
202104,04-03256,0.8474311372958151
202104,04-03257,0.7456099753876904
202104,04-03258,0.7215730875816047
202104,04-03259,0.8068198582666876
202104,04-03260,0.6673253552596117
202104,04-03261,0.09228908355071705
202104,04-03262,0.797491223500377
202104,04-03263,0.991654096567814
202104,04-03264,0.9871576985005273
202104,04-03265,0.9389025527724928
202104,04-03266,0.94733215317942
202104,04-03267,0.9742668623500285
202104,04-03268,0.6622324784081233
202104,04-03269,0.9906857131957841
202104,04-03270,0.966613831552597
202104,04-03271,0.25766050466396134
202104,04-03272,0.25220995708712124
202104,04-03273,0.9798145148779834
202104,04-03274,0.9788758223117929
202104,04-03275,0.9801197188913447
202104,04-03276,0.9496465229714213
202104,04-03277,0.3128542985771315
202104,04-03278,0.9345768311844267
202104,04-03279,0.9648735037830318
202104,04-03280,0.9041582668107425
202104,04-03281,0.9834246213777519
202104,04-03282,0.9984273402610173
202104,04-03283,0.9616572735790558
202104,04-03284,0.9986363904471317
202104,04-03285,0.9433375961955175
202104,04-03286,0.9968908112703087
202104,04-03287,0.4820815544075248
202104,04-03288,0.9261223434325778
202104,04-03289,0.9059447416375869
202104,04-03290,0.9832506395887706
202104,04-03291,0.9858874511671492
202104,04-03292,0.996705013671649
202104,04-03293,0.9993253420324466
202104,04-03294,0.7235530893253742
202104,04-03295,0.9977979505541037
202104,04-03296,0.979576547378425
202104,04-03297,0.1737361508749813
202104,04-03298,0.774651599481224
202104,04-03299,0.9949843666580661
202104,04-03300,0.9703822031348942
202104,04-03301,0.20510466548884354
202104,04-03302,0.9731378674933701
202104,04-03303,0.7664852695738396
202104,04-03304,0.7702484267005146
202104,04-03305,0.901296776224843
202104,04-03306,0.09151564872089318
202104,04-03307,0.10463613801866904
202104,04-03308,0.5740136198402801
202104,04-03309,0.7466817787710193
202104,04-03310,0.05075012368200172
202104,04-03311,0.995653525009314
202104,04-03312,0.7072946512996025
202104,04-03313,0.3301730415858525
202104,04-03314,0.3782403185466767
202104,04-03315,0.6626770051543911
202104,04-03316,0.5455598831574114
202104,04-03317,0.3080907902552871
202104,04-03318,0.783948320110002
202104,04-03319,0.4778903767531314
202104,04-03320,0.1956575610295787
202104,04-03321,0.7637047855716902
202104,04-03322,0.994131273364855
202104,04-03323,0.9542593965528358
202104,04-03324,0.9869130800646009
202104,04-03325,0.9945792937453707
202104,04-03326,0.8739709899644309
202104,04-03327,0.9983968418734599
202104,04-03328,0.9940455533063741
202104,04-03329,0.5797529353352848
202104,04-03330,0.476349558618425
202104,04-03331,0.1598134244939394
202104,04-03332,0.7681759729231372
202104,04-03333,0.9870430598554955
202104,04-03334,0.997549216955434
202104,04-03335,0.5201328336597875
202104,04-03336,0.9248115989683675
202104,04-03337,0.9747121618565954
202104,04-03338,0.8548145379667036
202104,04-03339,0.6893479001620008
202104,04-03340,0.890168511644884
202104,04-03341,0.8428960972175393
202104,04-03342,0.9532272149099021
202104,04-03343,0.5051017707245966
202104,04-03344,0.9588122375851362
202104,04-03345,0.9948195068615623
202104,04-03346,0.5966950505419727
202104,04-03347,0.9817669781239068
202104,04-03348,0.9860355471095716
202104,04-03349,0.903418432930664
202104,04-03350,0.9934504115722013
202104,04-03351,0.8991254625350528
202104,04-03352,0.9215723105251125
202104,04-03353,0.7950123564524668
202104,04-03354,0.9253500527996259
202104,04-03355,0.9885974066466131
202104,04-03356,0.9901492351017983
202104,04-03357,0.9606291130622624
202104,04-03358,0.7973777852747529
202104,04-03359,0.9398374456537142
202104,04-03360,0.25456157586098266
202104,04-03361,0.9683697520453236
202104,04-03362,0.27486953382465906
202104,04-03363,0.3777449489020025
202104,04-03364,0.9905653133990351
202104,04-03365,0.9896476994049725
202104,04-03366,0.8329972865644347
202104,04-03367,0.8500459329339952
202104,04-03368,0.9288636753401291
202104,04-03369,0.9987079051510385
202104,04-03370,0.9891781840109699
202104,04-03371,0.9990424809705303
202104,04-03372,0.3466314594917115
202104,04-03373,0.7163481539552967
202104,04-03374,0.9163754172691699
202104,04-03375,0.462151616060044
202104,04-03376,0.9957155326243033
202104,04-03377,0.9607707226068644
202104,04-03378,0.9035606690103901
202104,04-03379,0.9920760898631237
202104,04-03380,0.8108441471018134
202104,04-03381,0.2302728281388861
202104,04-03382,0.9048927185106574
202104,04-03383,0.27461579664512087
202104,04-03384,0.9967848626940052
202104,04-03385,0.9942939194957333
202104,04-03386,0.861892909070911
202104,04-03387,0.9564375211059307
202104,04-03388,0.9660497573399276
202104,04-03389,0.9982277133594054
202104,04-03390,0.8749372356669417
202104,04-03391,0.9630053270567153
202104,04-03392,0.9860063692731706
202104,04-03393,0.9777694225266014
202104,04-03394,0.17195109952927282
202104,04-03395,0.947767780508849
202104,04-03396,0.7491391794410386
202104,04-03397,0.7441253231320167
202104,04-03398,0.6356311774534676
202104,04-03399,0.5263074479300294
202104,04-03400,0.00850117980172362
202104,04-03401,0.9367593637785708
202104,04-03402,0.04793538939216002
202104,04-03403,0.9613998533733145
202104,04-03404,0.3270107329527685
202104,04-03405,0.721887381581914
202104,04-03406,0.7410706276490788
202104,04-03407,0.9782378770221593
202104,04-03408,0.9011918416463729
202104,04-03409,0.7180894183670947
202104,04-03410,0.560503837648298
202104,04-03411,0.5579962817738144
202104,04-03412,0.32463040022656503
202104,04-03413,0.0825920510840215
202104,04-03414,0.4355865338376028
202104,04-03415,0.5409534167667328
202104,04-03416,0.9796272860886459
202104,04-03417,0.6173967983182408
202104,04-03418,0.27105372315467674
202104,04-03419,0.8566331302682532
202104,04-03420,0.2044432043488517
202104,04-03421,0.9970871284214033
202104,04-03422,0.5380215008852536
202104,04-03423,0.9934745493014925
202104,04-03424,0.9676430647170484
202104,04-03425,0.8081362077964769
202104,04-03426,0.633925477746918
202104,04-03427,0.7884414492504269
202104,04-03428,0.18695663502520624
202104,04-03429,0.9953987514170346
202104,04-03430,0.941370788904334
202104,04-03431,0.9626027413957565
202104,04-03432,0.9977616350045703
202104,04-03433,0.507293306446502
202104,04-03434,0.26600966085127886
202104,04-03435,0.7971419138654102
202104,04-03436,0.9241611268022443
202104,04-03437,0.4461496525500481
202104,04-03438,0.9815945686146826
202104,04-03439,0.9915754146179243
202104,04-03440,0.5293795750504648
202104,04-03441,0.7509151291793873
202104,04-03442,0.7149835121793702
202104,04-03443,0.1030492623247682
202104,04-03444,0.619671231385615
202104,04-03445,0.9769304324827035
202104,04-03446,0.9618416366103913
202104,04-03447,0.9325103857935375
202104,04-03448,0.5462877795885273
202104,04-03449,0.3790391002655203
202104,04-03450,0.91673221637096
202104,04-03451,0.9758877804939557
202104,04-03452,0.9860035645641125
202104,04-03453,0.40628009063820447
202104,04-03454,0.6814084221101658
202104,04-03455,0.8916693946435327
202104,04-03456,0.9516031717828624
202104,04-03457,0.9396949540979457
202104,04-03458,0.9143588121424834
202104,04-03459,0.8081924615534419
202104,04-03460,0.9581450413344698
202104,04-03461,0.6772646790775945
202104,04-03462,0.7998862893416996
202104,04-03463,0.9098782992225681
202104,04-03464,0.9363335782510764
202104,04-03465,0.7053721744706429
202104,04-03466,0.11936960642726034
202104,04-03467,0.9817364652190466
202104,04-03468,0.8715139955912866
202104,04-03469,0.9960244192257884
202104,04-03470,0.7656853969787946
202104,04-03471,0.9879650974120691
202104,04-03472,0.4638669126455803
202104,04-03473,0.978356674117824
202104,04-03474,0.3760973986031829
202104,04-03475,0.9960995746645411
202104,04-03476,0.9896413654459344
202104,04-03477,0.7039433355116413
202104,04-03478,0.9983192635762218
202104,04-03479,0.5518956818188843
202104,04-03480,0.9775555373300032
202104,04-03481,0.9904869316879461
202104,04-03482,0.9965435349710612
202104,04-03483,0.9533379765118754
202104,04-03484,0.027122159276519738
202104,04-03485,0.9056994351004988
202104,04-03486,0.6274034482419406
202104,04-03487,0.9900614554135099
202104,04-03488,0.9673684549253886
202104,04-03489,0.6422092417296648
202104,04-03490,0.8846668069402683
202104,04-03491,0.20057650932836518
202104,04-03492,0.9988552997656276
202104,04-03493,0.23781519144542249
202104,04-03494,0.8298601327006362
202104,04-03495,0.17255529604695122
202104,04-03496,0.9691606136945459
202104,04-03497,0.1520948822867332
202104,04-03498,0.9944890210938796
202104,04-03499,0.9899832186612597
202104,04-03500,0.9976683877380746
202104,04-03501,0.9799800868041549
202104,04-03502,0.35940988498715293
202104,04-03503,0.11933800603878159
202104,04-03504,0.5347231717662771
202104,04-03505,0.9832370696532394
202104,04-03506,0.6720230570802518
202104,04-03507,0.987337857490042
202104,04-03508,0.38766167069453206
202104,04-03509,0.4633821089546681
202104,04-03510,0.8389294357553391
202104,04-03511,0.8925088894007372
202104,04-03512,0.7649918399795174
202104,04-03513,0.711162405022771
202104,04-03514,0.9827240405270391
202104,04-03515,0.8590045577129239
202104,04-03516,0.9960738163657133
202104,04-03517,0.8108860645356069
202104,04-03518,0.9298686692329361
202104,04-03519,0.9230039108879278
202104,04-03520,0.24529968343107791
202104,04-03521,0.966640063901895
202104,04-03522,0.007924084929065591
202104,04-03523,0.9120140118734433
202104,04-03524,0.9047838704402694
202104,04-03525,0.9744023132110313
202104,04-03526,0.9996312580378403
202104,04-03527,0.7651532216751838
202104,04-03528,0.9941630297209421
202104,04-03529,0.9672387647586068
202104,04-03530,0.5372274847659329
202104,04-03531,0.9965814454305522
202104,04-03532,0.8694762499649363
202104,04-03533,0.9919454323061185
202104,04-03534,0.7736359168863016
202104,04-03535,0.9962914471107959
202104,04-03536,0.5385588258144663
202104,04-03537,0.9949636678481159
202104,04-03538,0.6685495258809995
202104,04-03539,0.15735787881885577
202104,04-03540,0.8067404564035978
202104,04-03541,0.4601800847277016
202104,04-03542,0.6673238772381429
202104,04-03543,0.03800632000996982
202104,04-03544,0.8841324419687611
202104,04-03545,0.9544007085291362
202104,04-03546,0.9447374940259095
202104,04-03547,0.9337734052980657
202104,04-03548,0.7129917147781835
202104,04-03549,0.04560457453795971
202104,04-03550,0.7066266694639238
202104,04-03551,0.8683798263287013
202104,04-03552,0.12565721552874246
202104,04-03553,0.2593247773131774
202104,04-03554,0.9290904432751286
202104,04-03555,0.8123444700927254
202104,04-03556,0.9801187362797259
202104,04-03557,0.29384764677508396
202104,04-03558,0.8296940579010328
202104,04-03559,0.5854381075169888
202104,04-03560,0.9756623303860091
202104,04-03561,0.9827808793138798
202104,04-03562,0.7381958777823648
202104,04-03563,0.9210730558726522
202104,04-03564,0.9337324323503462
202104,04-03565,0.9837164408541783
202104,04-03566,0.8272737765245353
202104,04-03567,0.45643061330905066
202104,04-03568,0.9915350359655283
202104,04-03569,0.4860661614463127
202104,04-03570,0.12913700310686477
202104,04-03571,0.5617023950169296
202104,04-03572,0.9797339156770914
202104,04-03573,0.6587940999242884
202104,04-03574,0.8251637454517448
202104,04-03575,0.9631857612217091
202104,04-03576,0.6851489809987275
202104,04-03577,0.9733875890509042
202104,04-03578,0.9623550304858322
202104,04-03579,0.8605886301667702
202104,04-03580,0.8487605559272625
202104,04-03581,0.7977683407403063
202104,04-03582,0.7843265787663186
202104,04-03583,0.9839940413007687
202104,04-03584,0.9904889365125111
202104,04-03585,0.892395092519112
202104,04-03586,0.9118182428514144
202104,04-03587,0.4653639190989209
202104,04-03588,0.9743621382071015
202104,04-03589,0.7554475876113814
202104,04-03590,0.9921839254197005
202104,04-03591,0.9983479684064123
202104,04-03592,0.6702782868119943
202104,04-03593,0.657427887185002
202104,04-03594,0.26113775707304204
202104,04-03595,0.6236494515898573
202104,04-03596,0.47741755778774186
202104,04-03597,0.7497066554784593
202104,04-03598,0.6461511909865086
202104,04-03599,0.9876189785187462
202104,04-03600,0.5807231706031631
202104,04-03601,0.014788452443030451
202104,04-03602,0.04285624083345862
202104,04-03603,0.9804680917322918
202104,04-03604,0.9572411072763329
202104,04-03605,0.8091079293039819
202104,04-03606,0.993926388300372
202104,04-03607,0.9702503502754781
202104,04-03608,0.9786070876007489
202104,04-03609,0.5583430594327256
202104,04-03610,0.9865887877095046
202104,04-03611,0.8860001289736528
202104,04-03612,0.9914167686618799
202104,04-03613,0.9292282389934651
202104,04-03614,0.9788494258965533
202104,04-03615,0.996954066366949
202104,04-03616,0.8894977725355117
202104,04-03617,0.82089089642242
202104,04-03618,0.8040255663920077
202104,04-03619,0.8255494384772639
202104,04-03620,0.9517884156415057
202104,04-03621,0.9475368135457714
202104,04-03622,0.8941446834834992
202104,04-03623,0.9731018242444299
202104,04-03624,0.15170514830203782
202104,04-03625,0.8119641887326599
202104,04-03626,0.9602463131520297
202104,04-03627,0.8128684528170441
202104,04-03628,0.7578079730094108
202104,04-03629,0.9831960335257902
202104,04-03630,0.7615418162998051
202104,04-03631,0.9788287882320349
202104,04-03632,0.9793511449616343
202104,04-03633,0.5612518887856796
202104,04-03634,0.09613572549076561
202104,04-03635,0.4242210940203043
202104,04-03636,0.979042283112577
202104,04-03637,0.6382277238807267
202104,04-03638,0.9888871791577496
202104,04-03639,0.9283389812487912
202104,04-03640,0.989351841133927
202104,04-03641,0.9901433020090223
202104,04-03642,0.9842073740563065
202104,04-03643,0.7431664053665011
202104,04-03644,0.7572850270065999
202104,04-03645,0.4156839744083097
202104,04-03646,0.9576505670076101
202104,04-03647,0.9816363882762372
202104,04-03648,0.6860036949626455
202104,04-03649,0.9947660278467856
202104,04-03650,0.9992359766027981
202104,04-03651,0.8184809814026189
202104,04-03652,0.06813394839198611
202104,04-03653,0.6724256612515397
202104,04-03654,0.9409478451163841
202104,04-03655,0.8682995901022887
202104,04-03656,0.8951192179186357
202104,04-03657,0.3586168449384634
202104,04-03658,0.8121119241269319
202104,04-03659,0.5747929351874121
202104,04-03660,0.5836752170124244
202104,04-03661,0.06443524703815051
202104,04-03662,0.9833220434028196
202104,04-03663,0.9819070509720141
202104,04-03664,0.39977294811646247
202104,04-03665,0.13517853627426216
202104,04-03666,0.9129121198683858
202104,04-03667,0.9805010418156286
202104,04-03668,0.9843232255531762
202104,04-03669,0.5960287328195014
202104,04-03670,0.9747885010673903
202104,04-03671,0.9335645284787704
202104,04-03672,0.9965434750853813
202104,04-03673,0.9816591882011437
202104,04-03674,0.2604259770262406
202104,04-03675,0.13153393311866143
202104,04-03676,0.9183079093676356
202104,04-03677,0.9988732979907722
202104,04-03678,0.8420402905585098
202104,04-03679,0.9009384718707714
202104,04-03680,0.9353817836246202
202104,04-03681,0.3937187284666583
202104,04-03682,0.6716028923791126
202104,04-03683,0.38131804422015375
202104,04-03684,0.6075455554054366
202104,04-03685,0.9734428760686898
202104,04-03686,0.01697615617608792
202104,04-03687,0.9567452879095262
202104,04-03688,0.9611467931704264
202104,04-03689,0.9915629279488452
202104,04-03690,0.11225388591240625
202104,04-03691,0.3793765274307902
202104,04-03692,0.8725651311147253
202104,04-03693,0.41726638176534087
202104,04-03694,0.9790505524391669
202104,04-03695,0.057310615217550015
202104,04-03696,0.8682553840470085
202104,04-03697,0.7237903771002698
202104,04-03698,0.9848343822477825
202104,04-03699,0.9147378529603999
202104,04-03700,0.998452701154542
202104,04-03701,0.511105108198265
202104,04-03702,0.910186188127967
202104,04-03703,0.9749177224715476
202104,04-03704,0.9993476237051284
202104,04-03705,0.09511886740842963
202104,04-03706,0.8624243591393664
202104,04-03707,0.19300109374035235
202104,04-03708,0.9290689299426996
202104,04-03709,0.9662988651094777
202104,04-03710,0.8315727952388501
202104,04-03711,0.9020264218969241
202104,04-03712,0.2718694263048739
202104,04-03713,0.98555790274142
202104,04-03714,0.9961267148340043
202104,04-03715,0.7026612531983175
202104,04-03716,0.9756838582905779
202104,04-03717,0.9833232077953179
202104,04-03718,0.9867491692500117
202104,04-03719,0.997958483437329
202104,04-03720,0.9936496988935288
202104,04-03721,0.9972504895555908
202104,04-03722,0.943658839806272
202104,04-03723,0.6078589945701858
202104,04-03724,0.9114332172939956
202104,04-03725,0.8905307372256507
202104,04-03726,0.13515126750736822
202104,04-03727,0.9524373933913126
202104,04-03728,0.9885238143619888
202104,04-03729,0.6130501267970123
202104,04-03730,0.6282194819676695
202104,04-03731,0.9930446470710416
202104,04-03732,0.9955371116101046
202104,04-03733,0.8661247913262107
202104,04-03734,0.7307970004440846
202104,04-03735,0.9894982723696967
202104,04-03736,0.989140490229461
202104,04-03737,0.8217323789577904
202104,04-03738,0.9981140232169113
202104,04-03739,0.533936324325802
202104,04-03740,0.9884944869150718
202104,04-03741,0.39631133324622214
202104,04-03742,0.22495139849549273
202104,04-03743,0.9946897518816996
202104,04-03744,0.6535510798468346
202104,04-03745,0.9952106343528434
202104,04-03746,0.746043190920281
202104,04-03747,0.8944202761383204
202104,04-03748,0.9923287892694802
202104,04-03749,0.400804316245915
202104,04-03750,0.933558496001479
202104,04-03751,0.7247796820699212
202104,04-03752,0.311336341170406
202104,04-03753,0.8490356085612519
202104,04-03754,0.9955980063757538
202104,04-03755,0.17037678678961288
202104,04-03756,0.9461435772954001
202104,04-03757,0.8157731140522904
202104,04-03758,0.818058233919568
202104,04-03759,0.9795623765042132
202104,04-03760,0.8702085138234308
202104,04-03761,0.926387419828414
202104,04-03762,0.8602251409654068
202104,04-03763,0.03337091612669932
202104,04-03764,0.9971074472289438
202104,04-03765,0.7166682018629111
202104,04-03766,0.05053265463220653
202104,04-03767,0.9710880932417721
202104,04-03768,0.9882428059242376
202104,04-03769,0.4453784034088488
202104,04-03770,0.9718192893260602
202104,04-03771,0.9636159666878434
202104,04-03772,0.9873288677961637
202104,04-03773,0.8793634991472269
202104,04-03774,0.9878510808641383
202104,04-03775,0.5242578507231853
202104,04-03776,0.9793102027897611
202104,04-03777,0.9680893472896135
202104,04-03778,0.9877813337063552
202104,04-03779,0.7095626853029808
202104,04-03780,0.9906583236244636
202104,04-03781,0.1144953535773087
202104,04-03782,0.16647969085333822
202104,04-03783,0.9754836329969826
202104,04-03784,0.7143068024784699
202104,04-03785,0.9914350187875935
202104,04-03786,0.5783814071995054
202104,04-03787,0.28020026147303145
202104,04-03788,0.9306016196916618
202104,04-03789,0.11402753903571565
202104,04-03790,0.9968458764957672
202104,04-03791,0.9610040514538285
202104,04-03792,0.636800666028133
202104,04-03793,0.9989054969158002
202104,04-03794,0.4822079908940702
202104,04-03795,0.48443010924156066
202104,04-03796,0.9951129928108573
202104,04-03797,0.41965351089450925
202104,04-03798,0.9980421035017445
202104,04-03799,0.5157175894875122
202104,04-03800,0.6122791661412897
202104,04-03801,0.7620047327051491
202104,04-03802,0.9672701397830282
202104,04-03803,0.9652825275848237
202104,04-03804,0.9083874333282757
202104,04-03805,0.976339390167355
202104,04-03806,0.41587176317021923
202104,04-03807,0.9500610187591135
202104,04-03808,0.9237172200105243
202104,04-03809,0.9775384662230406
202104,04-03810,0.9479852060854262
202104,04-03811,0.9840136239062636
202104,04-03812,0.5158507998761346
202104,04-03813,0.06783879616551793
202104,04-03814,0.9803202362491671
202104,04-03815,0.9929253625184048
202104,04-03816,0.9926022921237599
202104,04-03817,0.8221495089670069
202104,04-03818,0.9832373776900922
202104,04-03819,0.9789261081178302
202104,04-03820,0.9634588403701392
202104,04-03821,0.014376884216880728
202104,04-03822,0.9892656467743287
202104,04-03823,0.603413435598927
202104,04-03824,0.9564882183695903
202104,04-03825,0.854305058893698
202104,04-03826,0.9274045504752526
202104,04-03827,0.9542399419048179
202104,04-03828,0.9388187261677959
202104,04-03829,0.485071523216464
202104,04-03830,0.8920243944134137
202104,04-03831,0.4332270376297141
202104,04-03832,0.9832265249004332
202104,04-03833,0.41162060498795183
202104,04-03834,0.5351461310322003
202104,04-03835,0.9673458060843451
202104,04-03836,0.9987968382172289
202104,04-03837,0.6380946108908944
202104,04-03838,0.4527414713057621
202104,04-03839,0.8578650763391339
202104,04-03840,0.943814626230773
202104,04-03841,0.7025199055753235
202104,04-03842,0.9382825471244263
202104,04-03843,0.6846709354858818
202104,04-03844,0.9980331120318618
202104,04-03845,0.93568193138451
202104,04-03846,0.936343144561609
202104,04-03847,0.9962692588894815
202104,04-03848,0.6497021710610434
202104,04-03849,0.7734256897411007
202104,04-03850,0.9927014877666664
202104,04-03851,0.9778362380740778
202104,04-03852,0.8520692087614742
202104,04-03853,0.4386441660925322
202104,04-03854,0.46169324314484556
202104,04-03855,0.9893035193875538
202104,04-03856,0.740864239120276
202104,04-03857,0.47314957271878544
202104,04-03858,0.9562980774849228
202104,04-03859,0.958075049647189
202104,04-03860,0.5447313532753268
202104,04-03861,0.9948033613714109
202104,04-03862,0.751496020808607
202104,04-03863,0.26103267982639994
202104,04-03864,0.8780770414969401
202104,04-03865,0.9583540616514706
202104,04-03866,0.9091644415000664
202104,04-03867,0.8693349250194973
202104,04-03868,0.9596222477771541
202104,04-03869,0.5738998972842525
202104,04-03870,0.996573067265739
202104,04-03871,0.01358051968239568
202104,04-03872,0.9607738410939917
202104,04-03873,0.7846762598034629
202104,04-03874,0.9978679771868244
202104,04-03875,0.7535959841446876
202104,04-03876,0.976726428638049
202104,04-03877,0.3604415909888494
202104,04-03878,0.9967042338778173
202104,04-03879,0.7306381592307739
202104,04-03880,0.6706955833546654
202104,04-03881,0.9831826883608372
202104,04-03882,0.9045009111779491
202104,04-03883,0.9991674607085284
202104,04-03884,0.4928393145927965
202104,04-03885,0.7403264179717362
202104,04-03886,0.9832868872224971
202104,04-03887,0.6289400402442946
202104,04-03888,0.9566876050394071
202104,04-03889,0.38816322688943367
202104,04-03890,0.6472126862287172
202104,04-03891,0.7841120573421866
202104,04-03892,0.9296255702355752
202104,04-03893,0.46758726506236464
202104,04-03894,0.9867618899032682
202104,04-03895,0.9808543866577054
202104,04-03896,0.8998313656447853
202104,04-03897,0.025053400034764767
202104,04-03898,0.3183534297393427
202104,04-03899,0.9254413176511029
202104,04-03900,0.8896317976526378
202104,04-03901,0.9898102310874123
202104,04-03902,0.708812299646903
202104,04-03903,0.015468038096969361
202104,04-03904,0.379246354646041
202104,04-03905,0.9737629204761217
202104,04-03906,0.7530772611228097
202104,04-03907,0.32493267064703113
202104,04-03908,0.9990345708779603
202104,04-03909,0.9139855967874048
202104,04-03910,0.8568335016237857
202104,04-03911,0.9127209743042898
202104,04-03912,0.8139050826194939
202104,04-03913,0.9804339427635669
202104,04-03914,0.998818527996537
202104,04-03915,0.9786030652610394
202104,04-03916,0.988924821282651
202104,04-03917,0.9735088838153211
202104,04-03918,0.17577555015777563
202104,04-03919,0.4421771084018544
202104,04-03920,0.8679815718836447
202104,04-03921,0.9509770422527886
202104,04-03922,0.35462463908978503
202104,04-03923,0.7153956218868845
202104,04-03924,0.9700518902506934
202104,04-03925,0.42622142576076416
202104,04-03926,0.7492988204905475
202104,04-03927,0.4005339554815857
202104,04-03928,0.1925270877431722
202104,04-03929,0.7622102403471995
202104,04-03930,0.4779605261809934
202104,04-03931,0.1922309321925373
202104,04-03932,0.964044160297186
202104,04-03933,0.8194282994888997
202104,04-03934,0.38880246752184716
202104,04-03935,0.9020085263576796
202104,04-03936,0.8262401953178373
202104,04-03937,0.8291366001360874
202104,04-03938,0.997571733783445
202104,04-03939,0.9651294582891339
202104,04-03940,0.44773779270366443
202104,04-03941,0.9403798427695967
202104,04-03942,0.8600070994399055
202104,04-03943,0.982739681870453
202104,04-03944,0.9971773225325128
202104,04-03945,0.9192955600392643
202104,04-03946,0.9795492426291522
202104,04-03947,0.9903050757340192
202104,04-03948,0.35457915538121954
202104,04-03949,0.92223541891676
202104,04-03950,0.9281902232871749
202104,04-03951,0.6410586570108391
202104,04-03952,0.9611370270941033
202104,04-03953,0.9941833817175009
202104,04-03954,0.9411711795174283
202104,04-03955,0.5335250206358693
202104,04-03956,0.1700297375801977
202104,04-03957,0.7450404354116755
202104,04-03958,0.9892918813896512
202104,04-03959,0.8109553750863029
202104,04-03960,0.10776428202798714
202104,04-03961,0.9909649373941078
202104,04-03962,0.9908098409983653
202104,04-03963,0.99439840098752
202104,04-03964,0.573758435379734
202104,04-03965,0.7081988040569894
202104,04-03966,0.986504446373102
202104,04-03967,0.07860809798811817
202104,04-03968,0.9880805780135054
202104,04-03969,0.6861456238721083
202104,04-03970,0.5710478617046452
202104,04-03971,0.9731108608842434
202104,04-03972,0.9803611003832144
202104,04-03973,0.9905439539295703
202104,04-03974,0.10881126830641485
202104,04-03975,0.878728505941858
202104,04-03976,0.8796325793645554
202104,04-03977,0.07270852980666612
202104,04-03978,0.9852013658798302
202104,04-03979,0.8193743393041213
202104,04-03980,0.9991193210491046
202104,04-03981,0.5186650008696994
202104,04-03982,0.46901527709598945
202104,04-03983,0.9594449053369423
202104,04-03984,0.9599284868964812
202104,04-03985,0.9567162488566013
202104,04-03986,0.165900720750181
202104,04-03987,0.9983827416351729
202104,04-03988,0.9959727871317496
202104,04-03989,0.32106526493020693
202104,04-03990,0.2871326725401972
202104,04-03991,0.91365323833077
202104,04-03992,0.996010555225728
202104,04-03993,0.09964687610312724
202104,04-03994,0.7865178113616381
202104,04-03995,0.9815337457997653
202104,04-03996,0.8939889806357036
202104,04-03997,0.4911175403136293
202104,04-03998,0.9648682337763801
202104,04-03999,0.8217779158356271
202104,04-04000,0.9749061162756418
202104,04-04001,0.6191678678971024
202104,04-04002,0.5654784941348056
202104,04-04003,0.996066964202388
202104,04-04004,0.7279001470261813
202104,04-04005,0.2433680563479851
202104,04-04006,0.45059516888932416
202104,04-04007,0.11322362560298375
202104,04-04008,0.9990700791668333
202104,04-04009,0.9995963993706957
202104,04-04010,0.8755102741059255
202104,04-04011,0.5365701549618314
202104,04-04012,0.12393205096905457
202104,04-04013,0.8397714085624826
202104,04-04014,0.9764836206436114
202104,04-04015,0.23661317462469436
202104,04-04016,0.09228115655675492
202104,04-04017,0.9871389850252126
202104,04-04018,0.9433393073879071
202104,04-04019,0.020364813406684168
202104,04-04020,0.9655270179657274
202104,04-04021,0.9315208423760789
202104,04-04022,0.179323168844421
202104,04-04023,0.8435038495884462
202104,04-04024,0.9905668978048768
202104,04-04025,0.9709778174362526
202104,04-04026,0.9316636249340678
202104,04-04027,0.995709144785498
202104,04-04028,0.531771277067142
202104,04-04029,0.9493185459992555
202104,04-04030,0.6460701486339038
202104,04-04031,0.9977506330871844
202104,04-04032,0.5506047484743911
202104,04-04033,0.9965423411251625
202104,04-04034,0.7986481153205577
202104,04-04035,0.5342294050858888
202104,04-04036,0.8666310607301916
202104,04-04037,0.6650511198597924
202104,04-04038,0.9792741999860102
202104,04-04039,0.9991251069207061
202104,04-04040,0.91392391808781
202104,04-04041,0.3939480398748946
202104,04-04042,0.9589548468500532
202104,04-04043,0.09591692907981307
202104,04-04044,0.8682258549643248
202104,04-04045,0.2949772049701395
202104,04-04046,0.669746306744896
202104,04-04047,0.8461537157395019
202104,04-04048,0.9803367186598985
202104,04-04049,0.9787612793248668
202104,04-04050,0.9633078445217251
202104,04-04051,0.9716472547332305
202104,04-04052,0.9459615852952289
202104,04-04053,0.6594827835782394
202104,04-04054,0.16504346234630607
202104,04-04055,0.7722015043704007
202104,04-04056,0.8984319002366971
202104,04-04057,0.994106991517709
202104,04-04058,0.5664258149803096
202104,04-04059,0.9455743091676185
202104,04-04060,0.9146155841835056
202104,04-04061,0.992713587356811
202104,04-04062,0.8856548459121518
202104,04-04063,0.21369157740824482
202104,04-04064,0.9434905385827062
202104,04-04065,0.9985089259134258
202104,04-04066,0.2917448413939552
202104,04-04067,0.9989997155002124
202104,04-04068,0.6218405305088465
202104,04-04069,0.9718063571620058
202104,04-04070,0.5637229160860932
202104,04-04071,0.650544765742697
202104,04-04072,0.06979299328278886
202104,04-04073,0.9319853376672516
202104,04-04074,0.77205035775864
202104,04-04075,0.12507315135425232
202104,04-04076,0.9904342379119844
202104,04-04077,0.9786828626597223
202104,04-04078,0.38062295206483654
202104,04-04079,0.4053835501935752
202104,04-04080,0.2629311187875357
202104,04-04081,0.42021389871755005
202104,04-04082,0.9718148363880696
202104,04-04083,0.9891136722426673
202104,04-04084,0.9222822657752204
202104,04-04085,0.3145728599029342
202104,04-04086,0.3719024710046769
202104,04-04087,0.7610840869551893
202104,04-04088,0.8947429377271524
202104,04-04089,0.9588505467436177
202104,04-04090,0.8869795136212635
202104,04-04091,0.022472376686247075
202104,04-04092,0.9490676479338273
202104,04-04093,0.5686762691760511
202104,04-04094,0.9964186507648793
202104,04-04095,0.064728603163308
202104,04-04096,0.30383632514169207
202104,04-04097,0.3423680024783591
202104,04-04098,0.8359198962915619
202104,04-04099,0.09800528636499922
202104,04-04100,0.9986662639559686
202104,04-04101,0.972814550332022
202104,04-04102,0.1020768137841989
202104,04-04103,0.9299131356024678
202104,04-04104,0.8692365882940817
202104,04-04105,0.42738506234838514
202104,04-04106,0.9728154236949048
202104,04-04107,0.4632979096946365
202104,04-04108,0.3014928649434843
202104,04-04109,0.8095309793488913
202104,04-04110,0.06367028997498939
202104,04-04111,0.9495685891439045
202104,04-04112,0.686350632929633
202104,04-04113,0.41095809617648227
202104,04-04114,0.41446738773559877
202104,04-04115,0.9728208904236955
202104,04-04116,0.873602892238939
202104,04-04117,0.8563375659271317
202104,04-04118,0.7153268088769499
202104,04-04119,0.6540537177022483
202104,04-04120,0.7814131624543372
202104,04-04121,0.10164833064277125
202104,04-04122,0.950262191816715
202104,04-04123,0.9915123759341744
202104,04-04124,0.984055810079515
202104,04-04125,0.2049812095650637
202104,04-04126,0.8561875577932921
202104,04-04127,0.9498703817573291
202104,04-04128,0.9689498665693177
202104,04-04129,0.9143628771876847
202104,04-04130,0.9933094628493713
202104,04-04131,0.9931088181235151
202104,04-04132,0.15949016866094232
202104,04-04133,0.9936990141579488
202104,04-04134,0.9887934821614942
202104,04-04135,0.5806768120179572
202104,04-04136,0.6940213397002785
202104,04-04137,0.995298454248793
202104,04-04138,0.7055494281791014
202104,04-04139,0.9304143493617911
202104,04-04140,0.7726737944694532
202104,04-04141,0.9406750993889881
202104,04-04142,0.9880858888784905
202104,04-04143,0.8611269434753528
202104,04-04144,0.9952572518054942
202104,04-04145,0.876296838506669
202104,04-04146,0.7169877794326912
202104,04-04147,0.9134541635280007
202104,04-04148,0.947991499236758
202104,04-04149,0.7139196099126045
202104,04-04150,0.9601408991607951
202104,04-04151,0.22745461243585666
202104,04-04152,0.9255473518230292
202104,04-04153,0.9915243593576222
202104,04-04154,0.8566145847298994
202104,04-04155,0.012609804530942018
202104,04-04156,0.6801373462853814
202104,04-04157,0.9962892203434733
202104,04-04158,0.8256801117919169
202104,04-04159,0.8954067853442168
202104,04-04160,0.4213517118228409
202104,04-04161,0.8569485463050617
202104,04-04162,0.8678957299122956
202104,04-04163,0.29251891832694965
202104,04-04164,0.8349050694260132
202104,04-04165,0.9710489635237383
202104,04-04166,0.6030401496360966
202104,04-04167,0.6610594373857115
202104,04-04168,0.38255652184126065
202104,04-04169,0.993118179301474
202104,04-04170,0.9938796713871583
202104,04-04171,0.2284261340076393
202104,04-04172,0.6712999039205492
202104,04-04173,0.976238911144786
202104,04-04174,0.8318828683056204
202104,04-04175,0.10764001572347469
202104,04-04176,0.9537031632099623
202104,04-04177,0.9613148513485601
202104,04-04178,0.1141438288743293
202104,04-04179,0.08688336540862368
202104,04-04180,0.6987312578474008
202104,04-04181,0.9847902620820935
202104,04-04182,0.9783509897510871
202104,04-04183,0.9991392445000901
202104,04-04184,0.15884031060593856
202104,04-04185,0.9728520763143352
202104,04-04186,0.9578232118252196
202104,04-04187,0.765895128014913
202104,04-04188,0.34162813176504814
202104,04-04189,0.4368802130860848
202104,04-04190,0.6378529110529203
202104,04-04191,0.9975916002658232
202104,04-04192,0.03429436408415733
202104,04-04193,0.9155535309064247
202104,04-04194,0.844541140346418
202104,04-04195,0.9701441015965847
202104,04-04196,0.8136207601106334
202104,04-04197,0.27988680492625717
202104,04-04198,0.9927959392497254
202104,04-04199,0.8445293985685504
202104,04-04200,0.9708439275417633
202104,04-04201,0.9856439468717054
202104,04-04202,0.8420819832167284
202104,04-04203,0.9327952449273194
202104,04-04204,0.9394391637146146
202104,04-04205,0.9809096243859698
202104,04-04206,0.9501044771560663
202104,04-04207,0.1363326161670758
202104,04-04208,0.8158396205494716
202104,04-04209,0.9996397410399784
202104,04-04210,0.9963379785529842
202104,04-04211,0.1719572641689498
202104,04-04212,0.9556442035299884
202104,04-04213,0.6040110974762
202104,04-04214,0.965305061585136
202104,04-04215,0.6059781373314093
202104,04-04216,0.9221480090044858
202104,04-04217,0.9962227556428255
202104,04-04218,0.6407868262138211
202104,04-04219,0.4893594572969191
202104,04-04220,0.6352640561061215
202104,04-04221,0.16662667502017622
202104,04-04222,0.9702295594575948
202104,04-04223,0.6988762150433152
202104,04-04224,0.946040331459236
202104,04-04225,0.14316218937291986
202104,04-04226,0.8611542204875291
202104,04-04227,0.154452249488194
202104,04-04228,0.7764393445851306
202104,04-04229,0.6949486346896675
202104,04-04230,0.9525528243129644
202104,04-04231,0.4364430790551176
202104,04-04232,0.9744006551301272
202104,04-04233,0.8545188991152067
202104,04-04234,0.9815009394961428
202104,04-04235,0.1316018323052473
202104,04-04236,0.2414833503285785
202104,04-04237,0.8878618626633897
202104,04-04238,0.010616375136327273
202104,04-04239,0.9763647327311002
202104,04-04240,0.9934604201091796
202104,04-04241,0.9783541574283221
202104,04-04242,0.9771730690688124
202104,04-04243,0.9959851406824254
202104,04-04244,0.17398771004781266
202104,04-04245,0.7604262758945748
202104,04-04246,0.9993634882671818
202104,04-04247,0.444908116032427
202104,04-04248,0.9692914161832995
202104,04-04249,0.5447026615688518
202104,04-04250,0.920951634154285
202104,04-04251,0.9751314259663828
202104,04-04252,0.996843984766648
202104,04-04253,0.7503496219956008
202104,04-04254,0.9792189937950955
202104,04-04255,0.7925213140596368
202104,04-04256,0.9137477431727998
202104,04-04257,0.9902865188598794
202104,04-04258,0.8737994284114479
202104,04-04259,0.5512874823382004
202104,04-04260,0.9662290021405702
202104,04-04261,0.3942056722534503
202104,04-04262,0.98340731494432
202104,04-04263,0.8074391666708467
202104,04-04264,0.9870034259493813
202104,04-04265,0.9811072230832727
202104,04-04266,0.829128017535833
202104,04-04267,0.9792982306723479
202104,04-04268,0.993936478518226
202104,04-04269,0.41327526631661693
202104,04-04270,0.9435899951865934
202104,04-04271,0.9455760780490305
202104,04-04272,0.7881238744220432
202104,04-04273,0.9441237869989544
202104,04-04274,0.9664126671315678
202104,04-04275,0.9903141851420194
202104,04-04276,0.923529428091087
202104,04-04277,0.9139229998709907
202104,04-04278,0.57380823095473
202104,04-04279,0.5171202984238049
202104,04-04280,0.5223594298063329
202104,04-04281,0.9837596735719925
202104,04-04282,0.908818308742248
202104,04-04283,0.9983653315497569
202104,04-04284,0.9866198933839474
202104,04-04285,0.9866785009195016
202104,04-04286,0.9798699821230387
202104,04-04287,0.09701583275832261
202104,04-04288,0.6363238834186343
202104,04-04289,0.997246947786663
202104,04-04290,0.9985516126288252
202104,04-04291,0.9963296338423748
202104,04-04292,0.18998543182732872
202104,04-04293,0.9954345295735646
202104,04-04294,0.9837170761768401
202104,04-04295,0.8229343119534267
202104,04-04296,0.8976838472357656
202104,04-04297,0.013384579220096124
202104,04-04298,0.8616619837450443
202104,04-04299,0.974510162634256
202104,04-04300,0.9607809377679118
202104,04-04301,0.9986161278168961
202104,04-04302,0.4920719806464938
202104,04-04303,0.9698302091338128
202104,04-04304,0.4424907837804718
202104,04-04305,0.4876424877268709
202104,04-04306,0.333631748348301
202104,04-04307,0.8721428879206926
202104,04-04308,0.690221142162484
202104,04-04309,0.9908908200471017
202104,04-04310,0.9734320807260899
202104,04-04311,0.10412806969154675
202104,04-04312,0.1188912828303688
202104,04-04313,0.8166837591388587
202104,04-04314,0.8979147945765379
202104,04-04315,0.7064191881894121
202104,04-04316,0.6778115130359936
202104,04-04317,0.3405325084796571
202104,04-04318,0.9580275278428926
202104,04-04319,0.036124226803264915
202104,04-04320,0.6066019780869756
202104,04-04321,0.9784819056390162
202104,04-04322,0.981894974440381
202104,04-04323,0.6736715644099225
202104,04-04324,0.9905796835960474
202104,04-04325,0.9858694006416937
202104,04-04326,0.7009476397944849
202104,04-04327,0.9817328555204173
202104,04-04328,0.8664661264616801
202104,04-04329,0.8184468790417058
202104,04-04330,0.9518943235610173
202104,04-04331,0.6990757068762021
202104,04-04332,0.5403424804612666
202104,04-04333,0.9972675006399614
202104,04-04334,0.9963024721674135
202104,04-04335,0.9671722347061494
202104,04-04336,0.9952932871327009
202104,04-04337,0.9851973765999271
202104,04-04338,0.7825544546061959
202104,04-04339,0.028342968489200118
202104,04-04340,0.8346661669865297
202104,04-04341,0.9709723378267257
202104,04-04342,0.924051706544855
202104,04-04343,0.9746462740504259
202104,04-04344,0.3280874474784562
202104,04-04345,0.9777266412724372
202104,04-04346,0.94597621727272
202104,04-04347,0.10134775377503515
202104,04-04348,0.997739070955666
202104,04-04349,0.4367526733031619
202104,04-04350,0.9249296868886755
202104,04-04351,0.7314959527473397
202104,04-04352,0.4099581601930295
202104,04-04353,0.8427032539386797
202104,04-04354,0.9836520291995532
202104,04-04355,0.9998246743676626
202104,04-04356,0.8603658668731354
202104,04-04357,0.9727411351623367
202104,04-04358,0.8852280386830631
202104,04-04359,0.9730475058901528
202104,04-04360,0.9682224686915858
202104,04-04361,0.9913017821453646
202104,04-04362,0.7038539901638919
202104,04-04363,0.6592107346607933
202104,04-04364,0.6578980081280552
202104,04-04365,0.9947613272452769
202104,04-04366,0.9423003787690162
202104,04-04367,0.8948997296400187
202104,04-04368,0.6919043407145941
202104,04-04369,0.9643127301208309
202104,04-04370,0.5362750375779763
202104,04-04371,0.6457251710724987
202104,04-04372,0.8845658482252818
202104,04-04373,0.1047805892655306
202104,04-04374,0.9055106580083786
202104,04-04375,0.8639205556054966
202104,04-04376,0.9721554398339983
202104,04-04377,0.988694445613965
202104,04-04378,0.978798849041241
202104,04-04379,0.9042278612989152
202104,04-04380,0.9639597104083946
202104,04-04381,0.9446521683177151
202104,04-04382,0.9926837573346804
202104,04-04383,0.6309456246452306
202104,04-04384,0.9514223183052459
202104,04-04385,0.9956183603619638
202104,04-04386,0.9816394628394756
202104,04-04387,0.9476834221456565
202104,04-04388,0.9904840163884782
202104,04-04389,0.6827898583290509
202104,04-04390,0.9937590755310357
202104,04-04391,0.024920891061409444
202104,04-04392,0.8424334845336912
202104,04-04393,0.7127300104583225
202104,04-04394,0.7011828601892317
202104,04-04395,0.7562431825924477
202104,04-04396,0.8994738742293911
202104,04-04397,0.8558015646884151
202104,04-04398,0.8000738310985733
202104,04-04399,0.98697150879753
202104,04-04400,0.09771978725921043
202104,04-04401,0.8552152063922006
202104,04-04402,0.6882671920298158
202104,04-04403,0.7972778252957285
202104,04-04404,0.9826532268906526
202104,04-04405,0.7528856212631705
202104,04-04406,0.6871096669891693
202104,04-04407,0.9787818296810346
202104,04-04408,0.9990521272406587
202104,04-04409,0.05418245042244129
202104,04-04410,0.9272504796516153
202104,04-04411,0.6872643302887828
202104,04-04412,0.974594120086591
202104,04-04413,0.9673550134648555
202104,04-04414,0.9923526616340083
202104,04-04415,0.9092270471854441
202104,04-04416,0.994943672367723
202104,04-04417,0.9876752463823562
202104,04-04418,0.798454143872005
202104,04-04419,0.9899769807283941
202104,04-04420,0.8766059177636117
202104,04-04421,0.5524822224055835
202104,04-04422,0.9765625199166394
202104,04-04423,0.014513451361796461
202104,04-04424,0.9989290433386238
202104,04-04425,0.9853063352194893
202104,04-04426,0.8051058320333755
202104,04-04427,0.9763932533397358
202104,04-04428,0.9293720406460642
202104,04-04429,0.7657243739153532
202104,04-04430,0.7646094750818522
202104,04-04431,0.7941097854449238
202104,04-04432,0.8152410219019973
202104,04-04433,0.2788328590386583
202104,04-04434,0.8542589076615211
202104,04-04435,0.981283080614358
202104,04-04436,0.1685390723559777
202104,04-04437,0.778706968652121
202104,04-04438,0.9827834123247958
202104,04-04439,0.9473288406728974
202104,04-04440,0.9768175841469561
202104,04-04441,0.9996437069723256
202104,04-04442,0.8219374511796528
202104,04-04443,0.48503916905436545
202104,04-04444,0.6908016447830029
202104,04-04445,0.6002166316347454
202104,04-04446,0.39571764515910846
202104,04-04447,0.43604230963911433
202104,04-04448,0.9912808557886993
202104,04-04449,0.9970003454503202
202104,04-04450,0.5633697483974902
202104,04-04451,0.9424594678047333
202104,04-04452,0.15137620158979362
202104,04-04453,0.9962453572468045
202104,04-04454,0.9830852119300045
202104,04-04455,0.7676259028851509
202104,04-04456,0.8527102737239213
202104,04-04457,0.13448520385973983
202104,04-04458,0.9947143637388209
202104,04-04459,0.8302350689195829
202104,04-04460,0.8520525011994788
202104,04-04461,0.14050739115644628
202104,04-04462,0.8173643207165654
202104,04-04463,0.9915128916627852
202104,04-04464,0.7258667457644487
202104,04-04465,0.8778142404541893
202104,04-04466,0.1568409786805427
202104,04-04467,0.7229140893220477
202104,04-04468,0.0766204158502786
202104,04-04469,0.7350664169010545
202104,04-04470,0.7866339350725394
202104,04-04471,0.9838655604814229
202104,04-04472,0.6902577085278813
202104,04-04473,0.9146031394218971
202104,04-04474,0.022291256507448017
202104,04-04475,0.9967643504851421
202104,04-04476,0.8475894467364604
202104,04-04477,0.9986730790226946
202104,04-04478,0.9905594321609896
202104,04-04479,0.541011456479169
202104,04-04480,0.9364738730547137
202104,04-04481,0.5295516072081966
202104,04-04482,0.6479764011897036
202104,04-04483,0.8648586267699987
202104,04-04484,0.9370038892293927
202104,04-04485,0.9731811443100751
202104,04-04486,0.9809901570011891
202104,04-04487,0.9911853052414901
202104,04-04488,0.9732878698061277
202104,04-04489,0.7446368100625366
202104,04-04490,0.3381065114193588
202104,04-04491,0.12030916313962632
202104,04-04492,0.9177061302065995
202104,04-04493,0.20716204023550608
202104,04-04494,0.88485613660387
202104,04-04495,0.45684240326550024
202104,04-04496,0.2069323420731087
202104,04-04497,0.17821732207685667
202104,04-04498,0.9889385949104669
202104,04-04499,0.927946417986545
202104,04-04500,0.9275521787887685
202104,04-04501,0.9490049811710098
202104,04-04502,0.995879313857339
202104,04-04503,0.9994836819694963
202104,04-04504,0.9868808123371533
202104,04-04505,0.9994225598659878
202104,04-04506,0.9489186601992388
202104,04-04507,0.7746136305786714
202104,04-04508,0.7860922507744347
202104,04-04509,0.3458816974213122
202104,04-04510,0.9448720257484688
202104,04-04511,0.5178471734707665
202104,04-04512,0.8577122603608737
202104,04-04513,0.6518191110934124
202104,04-04514,0.44265112946074536
202104,04-04515,0.7913284240425886
202104,04-04516,0.7719293889019292
202104,04-04517,0.9171950223513258
202104,04-04518,0.9064843721082582
202104,04-04519,0.9944694390443147
202104,04-04520,0.7229184146623684
202104,04-04521,0.16682821913727114
202104,04-04522,0.9527070169331213
202104,04-04523,0.6549882724274018
202104,04-04524,0.7887339745449481
202104,04-04525,0.8274888009785342
202104,04-04526,0.9956207952908005
202104,04-04527,0.9188125081968823
202104,04-04528,0.9309251709969488
202104,04-04529,0.03330750203152233
202104,04-04530,0.9295158181325145
202104,04-04531,0.6768628562456963
202104,04-04532,0.9777193572949249
202104,04-04533,0.4931296564026693
202104,04-04534,0.8935195058943445
202104,04-04535,0.785495260053989
202104,04-04536,0.41877976373614256
202104,04-04537,0.7756642806713846
202104,04-04538,0.8621107314096262
202104,04-04539,0.31858427459910416
202104,04-04540,0.9600620049307151
202104,04-04541,0.9147502275811994
202104,04-04542,0.8269268788310298
202104,04-04543,0.9117270115219474
202104,04-04544,0.738384044837123
202104,04-04545,0.9899040530322042
202104,04-04546,0.9235234587147068
202104,04-04547,0.9794123980026115
202104,04-04548,0.9504234277478587
202104,04-04549,0.692218038767641
202104,04-04550,0.9806687611209227
202104,04-04551,0.7613280393930053
202104,04-04552,0.8821271906247946
202104,04-04553,0.06989684938979565
202104,04-04554,0.6391279190014415
202104,04-04555,0.96676523167475
202104,04-04556,0.7955329287137309
202104,04-04557,0.4405152938791617
202104,04-04558,0.9823943538382809
202104,04-04559,0.9248554885646261
202104,04-04560,0.7040425756997435
202104,04-04561,0.8585675369260288
202104,04-04562,0.5393975868582856
202104,04-04563,0.9809210149241415
202104,04-04564,0.8498278382238414
202104,04-04565,0.9879755696018391
202104,04-04566,0.9726182070545113
202104,04-04567,0.8793992390427322
202104,04-04568,0.8283136262049935
202104,04-04569,0.9908427825931464
202104,04-04570,0.10154769452172727
202104,04-04571,0.9473828706459984
202104,04-04572,0.9973419221371143
202104,04-04573,0.36716309246091294
202104,04-04574,0.8170535457360927
202104,04-04575,0.6674734709080621
202104,04-04576,0.7980357813278552
202104,04-04577,0.26514936599649863
202104,04-04578,0.9744915328865299
202104,04-04579,0.24856574846680032
202104,04-04580,0.9973389037651792
202104,04-04581,0.9861686888503651
202104,04-04582,0.8593163309438125
202104,04-04583,0.9619587652153926
202104,04-04584,0.8475103179990909
202104,04-04585,0.9563651637027792
202104,04-04586,0.9378841931136918
202104,04-04587,0.13166915358126569
202104,04-04588,0.9715264570762951
202104,04-04589,0.35755302936210454
202104,04-04590,0.8288280474967449
202104,04-04591,0.7168098136329247
202104,04-04592,0.1401013814287203
202104,04-04593,0.9915465354777464
202104,04-04594,0.9933989699995441
202104,04-04595,0.3315581744551139
202104,04-04596,0.42476776400714555
202104,04-04597,0.20304327073701783
202104,04-04598,0.49832171683770843
202104,04-04599,0.9256323051103676
202104,04-04600,0.10722860310170328
202104,04-04601,0.986550591686579
202104,04-04602,0.9137137503687921
202104,04-04603,0.9882215972488948
202104,04-04604,0.9589304261266083
202104,04-04605,0.7777925678753491
202104,04-04606,0.8022893991577
202104,04-04607,0.9818994761149172
202104,04-04608,0.9213727157046213
202104,04-04609,0.7972142134193292
202104,04-04610,0.9693319552753351
202104,04-04611,0.9885361604945524
202104,04-04612,0.9901189590484074
202104,04-04613,0.8331365570022516
202104,04-04614,0.4414645514706067
202104,04-04615,0.1303394342495615
202104,04-04616,0.8369859557378079
202104,04-04617,0.6028247722527951
202104,04-04618,0.9510856538370667
202104,04-04619,0.9968287877806397
202104,04-04620,0.7952622737560107
202104,04-04621,0.874817819309719
202104,04-04622,0.7020805774382904
202104,04-04623,0.887403667850339
202104,04-04624,0.8555860314731794
202104,04-04625,0.23163163191289696
202104,04-04626,0.4223171028971758
202104,04-04627,0.9413434238853349
202104,04-04628,0.9785408823477373
202104,04-04629,0.8642836650646428
202104,04-04630,0.9814041999120108
202104,04-04631,0.9303852314335194
202104,04-04632,0.7682077044511141
202104,04-04633,0.9780792538498846
202104,04-04634,0.7390765981442455
202104,04-04635,0.7906889783020725
202104,04-04636,0.7429547204171868
202104,04-04637,0.9734415243006235
202104,04-04638,0.6392798204031814
202104,04-04639,0.4559897793946105
202104,04-04640,0.8351815880233979
202104,04-04641,0.9266499468868441
202104,04-04642,0.4357771686755131
202104,04-04643,0.9939796060125016
202104,04-04644,0.9062132478824929
202104,04-04645,0.8495006868787917
202104,04-04646,0.8371046014741788
202104,04-04647,0.518172497564447
202104,04-04648,0.9432759143705681
202104,04-04649,0.07426805710671698
202104,04-04650,0.5055184769316541
202104,04-04651,0.8603009503678336
202104,04-04652,0.9965289394035198
202104,04-04653,0.861862764106893
202104,04-04654,0.9955978994617167
202104,04-04655,0.14782684827135442
202104,04-04656,0.980108901856929
202104,04-04657,0.10349132127364735
202104,04-04658,0.4587132830338876
202104,04-04659,0.043957882694538895
202104,04-04660,0.04733720538223671
202104,04-04661,0.9020996976876164
202104,04-04662,0.7587775203374245
202104,04-04663,0.9671786831696495
202104,04-04664,0.9984177056320518
202104,04-04665,0.9917212044726996
202104,04-04666,0.9683279169606333
202104,04-04667,0.05031008109962496
202104,04-04668,0.8859613867102449
202104,04-04669,0.9884983089143571
202104,04-04670,0.7811796731765169
202104,04-04671,0.9574903782037709
202104,04-04672,0.8672756847894533
202104,04-04673,0.9743335283221977
202104,04-04674,0.9649745075413377
202104,04-04675,0.707730701359458
202104,04-04676,0.9676101515703218
202104,04-04677,0.9961999003802178
202104,04-04678,0.8601175675735784
202104,04-04679,0.9573740783166199
202104,04-04680,0.9386064859629633
202104,04-04681,0.9866853910260505
202104,04-04682,0.9213383660364048
202104,04-04683,0.9673065121986719
202104,04-04684,0.6862150574235224
202104,04-04685,0.49363732798865007
202104,04-04686,0.6843358413423704
202104,04-04687,0.9973838408654857
202104,04-04688,0.9496291064982507
202104,04-04689,0.464697052732771
202104,04-04690,0.8798895111835764
202104,04-04691,0.5908901811229906
202104,04-04692,0.9936201764819488
202104,04-04693,0.5357855869290344
202104,04-04694,0.49736175105604974
202104,04-04695,0.856659504935574
202104,04-04696,0.5397646278911167
202104,04-04697,0.9732710850844566
202104,04-04698,0.8978122322540976
202104,04-04699,0.999068087443683
202104,04-04700,0.7755791056221953
202104,04-04701,0.9030937203798595
202104,04-04702,0.8772539278302012
202104,04-04703,0.9461672066598412
202104,04-04704,0.7751924324780138
202104,04-04705,0.5996696701091452
202104,04-04706,0.9524882856749591
202104,04-04707,0.873657029054758
202104,04-04708,0.8523552360684672
202104,04-04709,0.9988376315516463
202104,04-04710,0.585193715970112
202104,04-04711,0.8358953683247912
202104,04-04712,0.9849087996501873
202104,04-04713,0.9314182109170728
202104,04-04714,0.45527040265586155
202104,04-04715,0.9943560494140701
202104,04-04716,0.0187199108709143
202104,04-04717,0.46481475497939734
202104,04-04718,0.9060758903793478
202104,04-04719,0.99288146978754
202104,04-04720,0.9482532273068729
202104,04-04721,0.988840216897864
202104,04-04722,0.9552423378379753
202104,04-04723,0.9903940100344767
202104,04-04724,0.9832491722947002
202104,04-04725,0.7370029687238057
202104,04-04726,0.9569949518522687
202104,04-04727,0.9955307523542971
202104,04-04728,0.9563995434881909
202104,04-04729,0.8538112889885567
202104,04-04730,0.9120157142448554
202104,04-04731,0.958465388131133
202104,04-04732,0.4860833585246635
202104,04-04733,0.8344521273225566
202104,04-04734,0.08662782381088582
202104,04-04735,0.9892548276078345
202104,04-04736,0.19760117103314861
202104,04-04737,0.9631415430684768
202104,04-04738,0.3448119318809883
202104,04-04739,0.9465938681906204
202104,04-04740,0.7689101947249476
202104,04-04741,0.9526685070433466
202104,04-04742,0.8238695118231711
202104,04-04743,0.9330966774649627
202104,04-04744,0.9718778458738344
202104,04-04745,0.9519912235845993
202104,04-04746,0.36658524217299737
202104,04-04747,0.9007617430623831
202104,04-04748,0.06434335731128146
202104,04-04749,0.9968008522867712
202104,04-04750,0.986807465804227
202104,04-04751,0.9952330196231362
202104,04-04752,0.836338708442072
202104,04-04753,0.9824486852275184
202104,04-04754,0.995089609682101
202104,04-04755,0.18800481763112767
202104,04-04756,0.9848024390785088
202104,04-04757,0.9945158108382824
202104,04-04758,0.4999459126275948
202104,04-04759,0.992454007056956
202104,04-04760,0.6309659526202634
202104,04-04761,0.9893149347065169
202104,04-04762,0.9984392301492996
202104,04-04763,0.9178691023158945
202104,04-04764,0.5455576752240017
202104,04-04765,0.9861182804129647
202104,04-04766,0.6133182463040819
202104,04-04767,0.11481432706999531
202104,04-04768,0.19013874651504215
202104,04-04769,0.006843017655815098
202104,04-04770,0.8302618579721108
202104,04-04771,0.9913612885784151
202104,04-04772,0.990709499117474
202104,04-04773,0.8274930131423396
202104,04-04774,0.8122822767677849
202104,04-04775,0.9576793458574375
202104,04-04776,0.9198824013177039
202104,04-04777,0.7486322509508957
202104,04-04778,0.6073642212215057
202104,04-04779,0.8772431692096081
202104,04-04780,0.013365865707087551
202104,04-04781,0.9060893514181908
202104,04-04782,0.7342842991270718
202104,04-04783,0.996254272005294
202104,04-04784,0.6687755209171722
202104,04-04785,0.9761669632092754
202104,04-04786,0.9773246123492851
202104,04-04787,0.9505596522448141
202104,04-04788,0.8367075043105441
202104,04-04789,0.8412602776269884
202104,04-04790,0.8875177341736613
202104,04-04791,0.9989470466043034
202104,04-04792,0.43918376458633424
202104,04-04793,0.09275374314466679
202104,04-04794,0.9972597986662272
202104,04-04795,0.01061430512135578
202104,04-04796,0.8792698141630435
202104,04-04797,0.9900373782031733
202104,04-04798,0.8740622322942824
202104,04-04799,0.69563353290946
202104,04-04800,0.5685072470792644
202104,04-04801,0.9798461173913386
202104,04-04802,0.9678873000939836
202104,04-04803,0.10555078173658729
202104,04-04804,0.8749366855050955
202104,04-04805,0.9956776963269341
202104,04-04806,0.9361744797408195
202104,04-04807,0.9973352893711205
202104,04-04808,0.9830872435486333
202104,04-04809,0.5827831245740622
202104,04-04810,0.9669285854956456
202104,04-04811,0.7626183211352943
202104,04-04812,0.7873431104452286
202104,04-04813,0.9603640381476172
202104,04-04814,0.8107953162593909
202104,04-04815,0.965703024768257
202104,04-04816,0.13368806329807034
202104,04-04817,0.13216855924417448
202104,04-04818,0.3326380513123579
202104,04-04819,0.8602142772380127
202104,04-04820,0.9323871246372147
202104,04-04821,0.9485057156727453
202104,04-04822,0.9813518040504263
202104,04-04823,0.7480208580774708
202104,04-04824,0.9669589617424552
202104,04-04825,0.9402152590873719
202104,04-04826,0.5400929345094837
202104,04-04827,0.9940050775002329
202104,04-04828,0.00569711223663303
202104,04-04829,0.9918298217043994
202104,04-04830,0.2285465561716987
202104,04-04831,0.9807094384843357
202104,04-04832,0.014459922419648583
202104,04-04833,0.45817950491574266
202104,04-04834,0.9811344678940845
202104,04-04835,0.6147740710884609
202104,04-04836,0.9254209036386656
202104,04-04837,0.9497833402442483
202104,04-04838,0.44550663213990926
202104,04-04839,0.8411047685711941
202104,04-04840,0.9365658084288595
202104,04-04841,0.8810058479333133
202104,04-04842,0.9664049338206353
202104,04-04843,0.013879216511015162
202104,04-04844,0.9804737795352966
202104,04-04845,0.9784163113972981
202104,04-04846,0.9966520495928102
202104,04-04847,0.9492601690273078
202104,04-04848,0.9958640383452986
202104,04-04849,0.9551571971666921
202104,04-04850,0.7153016410119402
202104,04-04851,0.9952843203154319
202104,04-04852,0.32139290463958287
202104,04-04853,0.8186330734700703
202104,04-04854,0.6954310527147851
202104,04-04855,0.9551768769645024
202104,04-04856,0.9431913338212953
202104,04-04857,0.6003744985771747
202104,04-04858,0.7379122475266928
202104,04-04859,0.9941193726803071
202104,04-04860,0.9611771493477598
202104,04-04861,0.9545973844448837
202104,04-04862,0.7816575807488351
202104,04-04863,0.20163352799673787
202104,04-04864,0.943851986223027
202104,04-04865,0.13836224004798495
202104,04-04866,0.9902120265186772
202104,04-04867,0.9489511338056845
202104,04-04868,0.8842903609134528
202104,04-04869,0.7341855239428118
202104,04-04870,0.993788369620204
202104,04-04871,0.9979133215319371
202104,04-04872,0.9745010778069423
202104,04-04873,0.772967672957665
202104,04-04874,0.6360594307343495
202104,04-04875,0.9654820650151424
202104,04-04876,0.00518058812826385
202104,04-04877,0.017099997326312323
202104,04-04878,0.98095359311107
202104,04-04879,0.09360626620547802
202104,04-04880,0.9945667535880764
202104,04-04881,0.9921350807735213
202104,04-04882,0.9937228594661682
202104,04-04883,0.7740250856948615
202104,04-04884,0.7057640528733717
202104,04-04885,0.8361009464536671
202104,04-04886,0.9779830723031597
202104,04-04887,0.8838296605760805
202104,04-04888,0.9128640375937563
202104,04-04889,0.8309030643817049
202104,04-04890,0.9741990126599899
202104,04-04891,0.3511692842644419
202104,04-04892,0.6189424806340142
202104,04-04893,0.8223830020855436
202104,04-04894,0.9918926406209485
202104,04-04895,0.8093919524925496
202104,04-04896,0.9690950236784
202104,04-04897,0.9168341161285668
202104,04-04898,0.8933048013168681
202104,04-04899,0.688139921046817
202104,04-04900,0.2682787314165394
202104,04-04901,0.4323856481795011
202104,04-04902,0.6243661154455096
202104,04-04903,0.987391097176745
202104,04-04904,0.9831434714315215
202104,04-04905,0.7769750923986927
202104,04-04906,0.6143900486408864
202104,04-04907,0.9529895044087268
202104,04-04908,0.2197432299421354
202104,04-04909,0.9173075419660537
202104,04-04910,0.7381810899692951
202104,04-04911,0.9895745523119007
202104,04-04912,0.31337196425334013
202104,04-04913,0.8580549392187491
202104,04-04914,0.3656643121708331
202104,04-04915,0.7934676945586467
202104,04-04916,0.9875776743279939
202104,04-04917,0.8280939246217168
202104,04-04918,0.8695247004539142
202104,04-04919,0.6983061281098074
202104,04-04920,0.18807114606100775
202104,04-04921,0.413713716481115
202104,04-04922,0.8482990152893989
202104,04-04923,0.9973071912014592
202104,04-04924,0.9974973519889562
202104,04-04925,0.7024123482925226
202104,04-04926,0.9973586582906616
202104,04-04927,0.9492595134984443
202104,04-04928,0.9704078044441389
202104,04-04929,0.9562594758457359
202104,04-04930,0.23739471073002713
202104,04-04931,0.9693845209875401
202104,04-04932,0.6177375197427465
202104,04-04933,0.22558718588307258
202104,04-04934,0.9926807701594327
202104,04-04935,0.8328752298133664
202104,04-04936,0.8618820580513347
202104,04-04937,0.9995084000857438
202104,04-04938,0.8995527660106653
202104,04-04939,0.967274411499726
202104,04-04940,0.7156682864335878
202104,04-04941,0.9912040079571096
202104,04-04942,0.8550171746892119
202104,04-04943,0.9780434991433544
202104,04-04944,0.9553636049874519
202104,04-04945,0.14240585382454218
202104,04-04946,0.9933362824093427
202104,04-04947,0.9796647808203359
202104,04-04948,0.44720322895765063
202104,04-04949,0.9860326074750032
202104,04-04950,0.9924221309820074
202104,04-04951,0.9512222404810969
202104,04-04952,0.9491688599497133
202104,04-04953,0.986326404075414
202104,04-04954,0.8315655932330537
202104,04-04955,0.9900678613382906
202104,04-04956,0.9401967733161292
202104,04-04957,0.9696608676156768
202104,04-04958,0.9911017967761115
202104,04-04959,0.3567101565606706
202104,04-04960,0.8545511692489354
202104,04-04961,0.18985579112946763
202104,04-04962,0.984376158614977
202104,04-04963,0.9015053379974969
202104,04-04964,0.9960639574357472
202104,04-04965,0.3598623223505835
202104,04-04966,0.8378030150963264
202104,04-04967,0.9387224536680263
202104,04-04968,0.716824184486738
202104,04-04969,0.9486828526610204
202104,04-04970,0.9915196823277768
202104,04-04971,0.9692959626776035
202104,04-04972,0.01772602724671313
202104,04-04973,0.9807831452512655
202104,04-04974,0.9899849723422969
202104,04-04975,0.9080456211159122
202104,04-04976,0.9421483512268758
202104,04-04977,0.9564625096327054
202104,04-04978,0.022856886054112735
202104,04-04979,0.0920920002902289
202104,04-04980,0.13909613411724892
202104,04-04981,0.9702071262329298
202104,04-04982,0.39617880712522
202104,04-04983,0.9534455204430898
202104,04-04984,0.4450014797057905
202104,04-04985,0.352038464353699
202104,04-04986,0.8889180069990206
202104,04-04987,0.5594952090597345
202104,04-04988,0.09209380905720903
202104,04-04989,0.5949161059167981
202104,04-04990,0.2445063965585233
202104,04-04991,0.933239993183762
202104,04-04992,0.8051709433001664
202104,04-04993,0.9509019211948507
202104,04-04994,0.0877673600842881
202104,04-04995,0.9865589424298656
202104,04-04996,0.9772463198517642
202104,04-04997,0.9980860230173705
202104,04-04998,0.8286836648771558
202104,04-04999,0.9097893036060283
202104,04-05000,0.9443605280748946
202104,04-05001,0.383532495325841
202104,04-05002,0.9465863114275085
202104,04-05003,0.9714899335222479
202104,04-05004,0.9922984659056853
202104,04-05005,0.14620425971933987
202104,04-05006,0.9932585270578916
202104,04-05007,0.9894972147920218
202104,04-05008,0.9934187553010447
202104,04-05009,0.9987740036224472
202104,04-05010,0.9385307983229398
202104,04-05011,0.2349776969830569
202104,04-05012,0.9689235746345493
202104,04-05013,0.9885682304779666
202104,04-05014,0.7304660214387971
202104,04-05015,0.15799821728152658
202104,04-05016,0.9653873157857213
202104,04-05017,0.8372433540568748
202104,04-05018,0.9893534398661216
202104,04-05019,0.8799613555974798
202104,04-05020,0.9945434912010909
202104,04-05021,0.728383020704066
202104,04-05022,0.8391865140687256
202104,04-05023,0.317617923374783
202104,04-05024,0.974278844538942
202104,04-05025,0.7701860642977482
202104,04-05026,0.9970739869088873
202104,04-05027,0.9923094027752174
202104,04-05028,0.9975631390586867
202104,04-05029,0.6599275878902926
202104,04-05030,0.8814686801194039
202104,04-05031,0.7962227967571434
202104,04-05032,0.18946949209053926
202104,04-05033,0.8783463452760577
202104,04-05034,0.9809394815323519
202104,04-05035,0.9511961223329118
202104,04-05036,0.8828424418658571
202104,04-05037,0.8938646132618375
202104,04-05038,0.37433465160155033
202104,04-05039,0.14593778536495247
202104,04-05040,0.18295791695225885
202104,04-05041,0.7780358022714322
202104,04-05042,0.9452425704974545
202104,04-05043,0.9904751545921002
202104,04-05044,0.987954066933082
202104,04-05045,0.8822840360982543
202104,04-05046,0.7047779477517679
202104,04-05047,0.9166953581480508
202104,04-05048,0.9724135923157053
202104,04-05049,0.923397543107261
202104,04-05050,0.9947779671207825
202104,04-05051,0.8373409067643947
202104,04-05052,0.378970822363081
202104,04-05053,0.9819386309207858
202104,04-05054,0.9425819756996829
202104,04-05055,0.9245930797927276
202104,04-05056,0.06653838835601458
202104,04-05057,0.5708400802611064
202104,04-05058,0.5136612784601124
202104,04-05059,0.8576101484424231
202104,04-05060,0.22589854677403554
202104,04-05061,0.021235671649849013
202104,04-05062,0.9886269196479485
202104,04-05063,0.9118533837872576
202104,04-05064,0.9885923543596172
202104,04-05065,0.11778135136722435
202104,04-05066,0.9811381840745023
202104,04-05067,0.904773988769856
202104,04-05068,0.994550560749488
202104,04-05069,0.6412480432473734
202104,04-05070,0.9854111733786921
202104,04-05071,0.681071212370034
202104,04-05072,0.326684476214833
202104,04-05073,0.6078357400621652
202104,04-05074,0.6258602170901258
202104,04-05075,0.26665396285741233
202104,04-05076,0.12815349781576751
202104,04-05077,0.7613516180408845
202104,04-05078,0.9522632815227036
202104,04-05079,0.9419440510534763
202104,04-05080,0.9747183649172844
202104,04-05081,0.993683206450265
202104,04-05082,0.4806815554009675
202104,04-05083,0.9300572609604049
202104,04-05084,0.4461943512852433
202104,04-05085,0.26206960207056545
202104,04-05086,0.6842999762537363
202104,04-05087,0.8273415652390697
202104,04-05088,0.9823651577360513
202104,04-05089,0.7781728543198283
202104,04-05090,0.4844142035693621
202104,04-05091,0.9365560612826003
202104,04-05092,0.9539151836317651
202104,04-05093,0.983360922115212
202104,04-05094,0.9576492432189024
202104,04-05095,0.8193462373150999
202104,04-05096,0.923860668842396
202104,04-05097,0.9479020501559486
202104,04-05098,0.9392899302866021
202104,04-05099,0.34502180569550633
202104,04-05100,0.975708933995586
202104,04-05101,0.9742214223734452
202104,04-05102,0.1927700425356088
202104,04-05103,0.6045651350849942
202104,04-05104,0.4692664196199916
202104,04-05105,0.9612726261961897
202104,04-05106,0.8732456120680405
202104,04-05107,0.9808979898081056
202104,04-05108,0.7491614313716032
202104,04-05109,0.8540386018871828
202104,04-05110,0.9960609220841931
202104,04-05111,0.011667262222642503
202104,04-05112,0.9892585259400721
202104,04-05113,0.7608529215447647
202104,04-05114,0.9262179499172111
202104,04-05115,0.9847693902047311
202104,04-05116,0.10063477522568125
202104,04-05117,0.9703021468714068
202104,04-05118,0.9692884528831114
202104,04-05119,0.38962232363139726
202104,04-05120,0.672894257415885
202104,04-05121,0.09239133192586606
202104,04-05122,0.8262303601465589
202104,04-05123,0.9281723299053202
202104,04-05124,0.9231475348865572
202104,04-05125,0.45914148311605674
202104,04-05126,0.43301133522170243
202104,04-05127,0.9084939710120646
202104,04-05128,0.8681195649327671
202104,04-05129,0.9092336191501383
202104,04-05130,0.7906583786963584
202104,04-05131,0.9470217206077879
202104,04-05132,0.9350922949286118
202104,04-05133,0.9884121251266131
202104,04-05134,0.9905339824969579
202104,04-05135,0.6914537305798261
202104,04-05136,0.5716865359188528
202104,04-05137,0.1930964516447501
202104,04-05138,0.99816280020167
202104,04-05139,0.9897193523206604
202104,04-05140,0.6054244490776014
202104,04-05141,0.8126317687578569
202104,04-05142,0.914247248574547
202104,04-05143,0.9983547159184047
202104,04-05144,0.9753178175302801
202104,04-05145,0.1562067171591306
202104,04-05146,0.9260760490588035
202104,04-05147,0.9876942706758621
202104,04-05148,0.8799405992578206
202104,04-05149,0.9573263603002091
202104,04-05150,0.971020851912489
202104,04-05151,0.7442955596305785
202104,04-05152,0.9750561908811431
202104,04-05153,0.9137436369584038
202104,04-05154,0.9401362228614069
202104,04-05155,0.7883392969097051
202104,04-05156,0.9765345565146263
202104,04-05157,0.025881415086060674
202104,04-05158,0.6611287273207108
202104,04-05159,0.6652523510225699
202104,04-05160,0.6091590189886
202104,04-05161,0.9509846117048579
202104,04-05162,0.01934741713822945
202104,04-05163,0.9351902990310947
202104,04-05164,0.9512636062719758
202104,04-05165,0.9921691929718474
202104,04-05166,0.9862396781178896
202104,04-05167,0.616649693670273
202104,04-05168,0.5950348711668978
202104,04-05169,0.9429249947291948
202104,04-05170,0.9689129059149376
202104,04-05171,0.6196307857525238
202104,04-05172,0.9956989206501586
202104,04-05173,0.9206692919082093
202104,04-05174,0.955896481212233
202104,04-05175,0.6383907800840838
202104,04-05176,0.12035374219028645
202104,04-05177,0.9058194531811719
202104,04-05178,0.5146725558700795
202104,04-05179,0.025670960472341228
202104,04-05180,0.6631633005918961
202104,04-05181,0.7742308477905024
202104,04-05182,0.8045807741449454
202104,04-05183,0.9967135460362149
202104,04-05184,0.2684805876846308
202104,04-05185,0.996697390604854
202104,04-05186,0.9952481752764385
202104,04-05187,0.9474562708285933
202104,04-05188,0.08200954798298113
202104,04-05189,0.996167486014678
202104,04-05190,0.9875353693215051
202104,04-05191,0.5580513993650583
202104,04-05192,0.8573284304942965
202104,04-05193,0.9950792044109622
202104,04-05194,0.9872147142110528
202104,04-05195,0.9944713134747388
202104,04-05196,0.7701921571342487
202104,04-05197,0.9709037712462628
202104,04-05198,0.8868885106413926
202104,04-05199,0.16898270787888534
202104,04-05200,0.7656520303005734
202104,04-05201,0.9888057536601326
202104,04-05202,0.9189374611222136
202104,04-05203,0.998630309454488
202104,04-05204,0.39275061294367797
202104,04-05205,0.9811135903297551
202104,04-05206,0.9985853263619949
202104,04-05207,0.4852876560854368
202104,04-05208,0.7003184707732067
202104,04-05209,0.9477227159716475
202104,04-05210,0.9267213319905018
202104,04-05211,0.9471386734254842
202104,04-05212,0.6653411202760287
202104,04-05213,0.731570226299995
202104,04-05214,0.7137072651691417
202104,04-05215,0.0249411748730834
202104,04-05216,0.7287925197802657
202104,04-05217,0.9756501411249341
202104,04-05218,0.9431633306073749
202104,04-05219,0.9720984691885781
202104,04-05220,0.9958509847152838
202104,04-05221,0.1904184727560478
202104,04-05222,0.9259214409398148
202104,04-05223,0.28990779115706217
202104,04-05224,0.07727765513395332
202104,04-05225,0.9939940256979211
202104,04-05226,0.896319351690001
202104,04-05227,0.9162588364542185
202104,04-05228,0.99533943800486
202104,04-05229,0.005174124254815809
202104,04-05230,0.9828570418855082
202104,04-05231,0.9864827458915375
202104,04-05232,0.9981944444311063
202104,04-05233,0.6950164877471681
202104,04-05234,0.8208474887989945
202104,04-05235,0.8623103241057134
202104,04-05236,0.9964204924408783
202104,04-05237,0.861124545544424
202104,04-05238,0.9956621788161725
202104,04-05239,0.28400903042690323
202104,04-05240,0.9761087057696355
202104,04-05241,0.9860571276094718
202104,04-05242,0.34545682282524515
202104,04-05243,0.9581166549185028
202104,04-05244,0.8519206266182993
202104,04-05245,0.9961934570850206
202104,04-05246,0.46866770240015077
202104,04-05247,0.7653310020121832
202104,04-05248,0.998217129964184
202104,04-05249,0.9714124024215248
202104,04-05250,0.9122270835750401
202104,04-05251,0.8513485803004845
202104,04-05252,0.9799108110458731
202104,04-05253,0.9906159949459067
202104,04-05254,0.9732993690625249
202104,04-05255,0.5888884923914274
202104,04-05256,0.980214711154784
202104,04-05257,0.7779603180739415
202104,04-05258,0.9260781179923263
202104,04-05259,0.9871401159320614
202104,04-05260,0.9963716114380818
202104,04-05261,0.9848597627958777
202104,04-05262,0.49259871168210273
202104,04-05263,0.9773182617675343
202104,04-05264,0.9979815718216977
202104,04-05265,0.9804490578226949
202104,04-05266,0.9710677189816733
202104,04-05267,0.9872352764117117
202104,04-05268,0.4730554667965027
202104,04-05269,0.19022568947411256
202104,04-05270,0.8584451609544169
202104,04-05271,0.3770453465380368
202104,04-05272,0.958316228778793
202104,04-05273,0.9149256582311713
202104,04-05274,0.06739811802974478
202104,04-05275,0.19665375817494077
202104,04-05276,0.793388765912669
202104,04-05277,0.2910119477448222
202104,04-05278,0.6744304675895721
202104,04-05279,0.2426703544379074
202104,04-05280,0.7102139702551012
202104,04-05281,0.9912163316217586
202104,04-05282,0.19275690143197172
202104,04-05283,0.5985669429913787
202104,04-05284,0.9411495603715802
202104,04-05285,0.7533647146259604
202104,04-05286,0.5518876328722944
202104,04-05287,0.4184545017819685
202104,04-05288,0.370303046874625
202104,04-05289,0.9791457379354255
202104,04-05290,0.8795947913231948
202104,04-05291,0.9898149625438745
202104,04-05292,0.9630383637721847
202104,04-05293,0.18443245454963492
202104,04-05294,0.8262738778261959
202104,04-05295,0.3305317875688155
202104,04-05296,0.9907309959416101
202104,04-05297,0.8614896906277277
202104,04-05298,0.9489082299572181
202104,04-05299,0.27568624194755226
202104,04-05300,0.9870701080154205
202104,04-05301,0.18530732968632666
202104,04-05302,0.9625671309515128
202104,04-05303,0.5961669528349873
202104,04-05304,0.19239789827253095
202104,04-05305,0.924770930397885
202104,04-05306,0.9232903356908021
202104,04-05307,0.9969029715712083
202104,04-05308,0.9871836382125311
202104,04-05309,0.9946798361315585
202104,04-05310,0.5512814802308791
202104,04-05311,0.8924013979930486
202104,04-05312,0.9948396757081924
202104,04-05313,0.00398236816404576
202104,04-05314,0.9076587363712271
202104,04-05315,0.6596887054504749
202104,04-05316,0.7145866174166063
202104,04-05317,0.5415951324672711
202104,04-05318,0.094322975161822
202104,04-05319,0.9795381395976044
