cuenta,q01_promedio_ant,q02_promedio_ant,q03_promedio_ant,q01_promedio_post,q02_promedio_post,q03_promedio_post,pro_cons_6m,pro_cons_12m,pro_cons_24m,std_cons_6m,std_cons_24m
03-00000,404.23,243.17,408.59,431.05,218.29,401.07,244.8,285.72,300.26,37.42,41.21
03-00001,378.98,83.23,316.85,374.75,131.48,322.95,386.77,345.26,348.9,44.03,43.91
03-00002,381.72,340.64,485.66,354.6,456.74,394.59,242.67,212.89,204.85,14.71,13.71
03-00003,477.56,115.6,167.14,410.06,117.36,162.43,218.15,227.82,207.9,13.73,15.29
03-00004,457.44,66.82,424.62,493.71,162.04,389.68,305.89,262.54,263.55,48.22,43.08
03-00005,217.76,243.6,441.83,212.8,209.02,430.25,321.67,262.01,266.13,14.93,13.68
03-00006,434.48,136.97,429.28,481.0,137.14,403.68,266.55,290.42,302.22,26.57,31.17
03-00007,360.1,264.02,285.05,337.41,232.5,252.63,371.54,311.05,331.09,43.35,51.06
03-00008,181.52,173.49,128.24,178.31,154.1,238.07,413.2,333.47,351.17,27.72,32.03
03-00009,363.11,155.17,118.7,359.15,106.17,70.15,150.83,160.48,153.96,42.77,43.01
03-00010,341.61,489.82,70.77,331.15,450.58,82.43,142.37,125.93,127.76,22.68,21.91
03-00011,430.1,175.79,123.37,366.28,179.72,129.77,105.0,116.24,108.13,42.73,48.97
03-00012,331.88,221.83,62.96,257.84,274.09,0.0,143.02,147.27,150.11,63.76,63.63
03-00013,334.95,498.78,210.96,306.04,423.29,163.08,172.91,162.89,165.44,20.04,16.32
03-00014,97.4,383.25,473.32,138.22,385.37,564.58,265.84,286.64,310.33,61.97,53.31
03-00015,325.97,159.47,467.8,304.99,117.81,585.96,353.98,307.81,331.55,70.83,71.58
03-00016,305.29,369.53,244.47,299.29,299.34,250.8,199.52,192.27,209.86,56.52,62.7
03-00017,131.74,289.75,276.67,49.16,298.37,241.42,375.18,346.52,319.88,73.15,75.52
03-00018,302.06,89.29,124.04,312.61,141.27,91.05,332.89,345.35,377.17,38.29,38.69
03-00019,416.86,107.61,458.97,476.19,18.95,458.89,112.94,108.79,100.06,34.22,29.56
03-00020,244.46,364.7,336.04,270.3,298.11,419.06,350.71,388.79,416.5,78.62,63.22
03-00021,394.19,187.92,149.87,371.58,191.88,181.43,273.9,258.06,271.75,77.22,73.35
03-00022,471.57,459.93,93.57,529.0,452.21,99.72,110.65,95.89,105.35,30.8,34.9
03-00023,122.82,481.08,288.75,133.09,533.8,404.64,343.15,381.47,345.99,53.63,51.49
03-00024,219.56,470.45,169.05,271.28,447.35,197.5,399.16,412.75,435.6,62.68,64.25
03-00025,362.15,402.43,158.6,408.64,401.96,33.92,274.33,292.4,317.2,47.77,38.48
03-00026,473.51,65.15,261.86,447.75,123.72,207.31,291.66,284.94,312.05,24.25,22.33
03-00027,237.89,487.04,425.06,203.13,450.67,402.14,217.1,239.86,239.84,28.83,29.15
03-00028,60.63,241.1,116.56,110.73,119.11,174.09,134.82,142.94,139.85,40.07,38.16
03-00029,257.69,349.42,338.61,167.71,362.37,341.15,363.74,421.06,418.39,40.63,44.03
03-00030,228.33,323.68,208.49,186.38,311.81,193.56,174.61,209.27,220.61,35.42,34.73
03-00031,472.83,261.17,168.24,610.29,307.84,133.58,358.64,360.47,344.06,48.57,46.51
03-00032,355.82,308.44,348.43,452.88,370.17,398.91,422.26,358.43,391.15,56.98,63.88
03-00033,301.85,151.84,213.68,269.0,139.36,74.07,255.49,280.19,280.03,18.7,17.3
03-00034,455.76,320.02,255.43,407.35,274.47,213.05,105.38,117.03,110.22,56.61,45.35
03-00035,255.06,130.81,437.56,265.25,153.08,463.89,143.82,146.14,137.16,26.35,26.0
03-00036,416.2,127.77,279.52,419.16,71.18,343.32,239.57,274.49,274.33,19.27,15.67
03-00037,499.32,474.45,311.68,478.1,474.99,294.6,234.83,246.52,256.48,37.09,43.25
03-00038,282.35,340.87,364.48,297.15,267.79,389.35,104.68,94.55,89.85,10.52,11.62
03-00039,160.7,238.85,131.79,168.25,193.97,52.88,445.7,475.79,516.87,66.05,76.17
03-00040,451.46,361.68,449.54,418.76,298.26,373.87,224.68,225.62,210.5,47.57,43.37
03-00041,171.34,198.4,422.51,134.05,209.46,348.02,198.08,189.52,205.88,11.94,11.64
03-00042,392.12,132.58,133.71,449.4,116.72,167.89,161.37,184.27,192.93,48.15,53.74
03-00043,185.26,444.23,394.56,80.76,450.7,415.17,438.3,395.82,402.38,71.58,70.49
03-00044,331.14,379.71,358.18,241.76,292.61,325.07,364.73,398.34,389.85,21.57,17.58
03-00045,238.2,111.95,363.31,252.08,166.99,365.53,415.14,494.33,498.45,57.43,54.27
03-00046,77.94,280.22,460.51,40.95,354.4,500.09,91.52,101.11,91.33,18.12,20.53
03-00047,394.82,403.04,293.53,364.97,370.51,291.34,423.41,401.3,371.33,24.97,23.13
03-00048,422.19,188.74,93.99,404.75,73.39,33.11,238.89,238.87,225.5,33.34,36.48
03-00049,257.58,283.63,271.82,159.73,168.03,252.13,308.59,256.06,260.83,59.0,54.37
03-00050,94.31,388.42,453.3,75.2,443.3,388.76,383.49,442.2,449.02,27.19,30.29
03-00051,205.69,70.48,413.72,325.91,61.34,502.28,153.58,177.05,176.97,71.88,71.2
03-00052,374.53,73.85,320.65,262.19,62.82,326.38,267.32,247.99,255.06,47.46,45.87
03-00053,150.08,428.86,499.57,138.76,419.69,483.11,442.26,475.56,474.0,76.06,82.0
03-00054,466.37,109.0,311.33,464.17,78.37,319.86,201.62,228.08,249.54,13.41,13.56
03-00055,268.9,278.31,314.02,298.89,297.68,292.92,382.87,449.04,466.21,43.08,40.23
03-00056,226.19,74.06,220.08,376.94,29.32,275.8,239.41,241.96,253.54,25.26,27.9
03-00057,400.55,85.31,91.2,439.46,19.43,119.15,134.09,119.4,110.64,15.1,16.03
03-00058,172.38,91.54,275.67,57.99,14.33,155.39,399.75,373.04,351.75,54.88,44.17
03-00059,144.98,320.02,216.6,95.05,273.16,178.03,418.0,381.99,415.06,70.22,57.37
03-00060,236.94,242.38,169.01,182.03,239.22,93.37,306.25,359.83,361.24,19.9,21.49
03-00061,437.54,319.74,367.76,444.4,332.93,304.87,133.3,138.66,145.81,63.18,57.89
03-00062,100.19,103.22,206.59,223.4,121.81,192.82,316.32,339.72,371.18,44.41,37.7
03-00063,264.03,173.57,128.69,239.75,272.88,165.78,175.46,182.02,191.17,35.83,32.47
03-00064,366.39,170.82,140.78,388.89,228.89,158.32,399.86,393.66,363.17,37.47,33.44
03-00065,299.89,65.18,433.47,427.9,159.47,246.98,437.99,390.45,429.11,43.92,36.27
03-00066,173.17,167.6,291.09,128.27,218.3,194.14,269.81,301.35,275.05,32.34,27.45
03-00067,198.81,253.85,62.37,237.58,239.52,0.0,282.26,268.87,261.53,47.07,56.39
03-00068,150.89,188.15,215.04,47.97,164.34,163.56,313.24,351.51,327.28,13.41,15.48
03-00069,421.23,473.82,83.59,450.34,426.94,83.25,131.73,119.33,127.64,38.55,33.35
03-00070,123.9,354.64,168.21,147.44,389.77,110.63,137.55,132.78,139.22,71.87,66.2
03-00071,81.06,369.6,130.21,126.03,400.06,199.5,335.27,294.82,270.77,72.03,69.86
03-00072,202.09,287.82,432.1,233.48,288.4,422.19,126.87,134.81,121.92,42.95,39.92
03-00073,228.32,97.48,216.08,228.8,18.95,158.17,98.72,112.93,107.74,39.35,45.9
03-00074,289.26,219.9,201.35,331.88,273.82,243.68,256.61,293.44,281.07,43.48,47.74
03-00075,131.95,434.81,247.47,84.87,387.65,146.62,191.13,175.94,172.77,23.76,23.94
03-00076,191.92,466.01,111.55,155.9,462.46,121.99,413.6,358.89,323.13,22.24,23.57
03-00077,389.4,296.76,313.68,305.63,314.09,371.27,378.01,366.22,390.81,17.93,20.48
03-00078,81.13,401.03,421.65,54.77,297.43,382.0,115.01,101.04,100.23,55.18,49.09
03-00079,211.56,64.52,466.48,199.94,40.99,416.4,219.67,183.71,190.65,73.01,84.98
03-00080,461.78,212.54,180.31,478.76,223.57,153.37,221.51,209.06,204.53,48.9,39.88
03-00081,154.68,471.89,332.27,90.32,415.11,350.8,200.38,172.62,165.8,47.99,45.87
03-00082,306.76,430.25,111.39,410.98,312.29,53.2,290.88,236.14,224.81,38.39,33.63
03-00083,325.4,342.35,75.02,305.47,361.43,90.81,315.12,317.73,344.46,56.59,65.66
03-00084,370.96,160.18,330.92,356.34,203.68,388.74,123.61,127.11,129.89,30.56,27.46
03-00085,130.75,258.17,492.09,238.75,272.89,527.92,298.07,315.01,319.17,20.22,20.76
03-00086,188.78,191.35,407.9,186.4,201.84,440.08,292.7,344.7,332.35,33.67,37.99
03-00087,202.97,132.75,270.96,134.75,187.62,216.01,352.12,349.15,342.58,66.58,62.81
03-00088,141.48,230.9,229.52,176.74,225.31,144.86,352.28,352.02,376.49,72.87,82.01
03-00089,422.47,338.07,382.79,399.16,452.34,360.06,420.01,498.36,503.88,75.47,88.85
03-00090,334.32,446.41,287.31,398.71,374.56,333.45,409.69,347.56,341.03,17.09,14.9
03-00091,94.6,134.98,271.41,146.44,182.88,253.7,180.24,210.13,217.48,15.67,12.68
03-00092,101.43,455.89,271.92,170.12,423.33,255.76,190.32,219.92,225.73,59.05,51.21
03-00093,182.53,107.82,296.47,154.58,43.81,247.82,383.77,344.84,376.36,12.22,10.72
03-00094,358.36,160.0,160.56,304.12,92.75,97.78,404.06,468.82,478.72,56.9,53.9
03-00095,434.16,246.38,93.69,460.23,249.6,65.01,364.08,408.66,390.99,29.75,30.74
03-00096,276.12,284.61,373.59,262.64,229.88,282.82,427.74,466.2,474.97,40.0,45.96
03-00097,166.08,223.77,132.68,215.39,280.17,152.16,167.07,183.97,190.7,56.96,51.59
03-00098,246.03,471.53,282.14,347.94,479.08,303.8,105.77,109.71,104.05,16.97,16.71
03-00099,411.57,342.62,263.02,444.92,229.05,209.14,402.5,468.32,508.6,68.86,70.53
03-00100,122.27,153.56,186.58,52.29,172.73,156.44,317.89,315.23,285.64,79.38,83.89
03-00101,301.87,146.33,246.28,281.88,196.68,225.68,141.24,116.35,106.14,21.37,23.06
03-00102,388.72,287.21,97.08,274.76,220.71,78.64,359.04,300.91,291.97,15.62,15.71
03-00103,331.64,132.3,353.68,359.31,115.24,418.94,161.15,180.73,198.74,16.75,14.34
03-00104,174.6,294.39,321.28,181.71,239.11,488.44,186.44,202.69,209.32,73.24,60.37
03-00105,273.65,367.42,186.87,167.23,273.69,132.07,144.05,164.33,163.77,55.74,55.57
03-00106,161.05,367.78,350.15,166.24,427.53,381.56,215.49,172.87,160.15,64.56,62.85
03-00107,198.97,452.16,415.76,209.44,429.35,503.36,418.82,485.79,450.91,61.91,69.27
03-00108,466.45,61.52,159.19,483.02,93.43,277.06,108.58,102.0,97.66,39.1,40.4
03-00109,97.55,401.96,120.57,112.5,352.04,114.85,414.03,422.03,403.31,15.24,12.54
03-00110,428.41,204.4,204.75,263.58,258.12,182.45,178.84,192.9,183.7,47.25,49.35
03-00111,432.01,248.08,350.49,306.04,227.56,340.37,308.6,289.12,283.48,76.54,84.64
03-00112,155.06,243.57,372.18,145.03,170.12,381.43,215.12,227.62,241.92,16.38,13.84
03-00113,458.15,198.68,260.41,392.09,177.69,270.57,298.61,283.53,300.56,23.3,22.89
03-00114,227.16,342.93,173.44,179.07,308.37,116.21,418.53,454.37,420.67,56.75,54.83
03-00115,384.63,170.37,143.61,438.82,106.51,150.39,202.22,239.48,261.68,51.92,47.49
03-00116,240.12,275.3,264.87,255.02,360.35,328.2,154.18,183.9,187.73,25.78,21.21
03-00117,277.67,307.44,107.57,369.01,236.7,117.09,353.53,385.23,388.59,28.68,29.53
03-00118,437.4,307.36,289.89,449.55,307.16,281.91,432.03,487.42,521.94,59.15,64.96
03-00119,158.11,494.98,431.7,138.46,518.0,449.28,302.33,255.04,246.6,67.63,59.8
03-00120,118.09,378.34,205.07,112.68,304.38,145.85,321.13,363.81,378.13,52.7,50.79
03-00121,223.3,187.97,281.73,176.91,215.73,313.93,415.3,338.43,339.29,50.66,41.16
03-00122,465.51,208.42,95.89,465.92,147.99,198.93,288.06,335.59,305.49,64.15,70.17
03-00123,183.08,274.22,324.95,257.34,262.15,311.96,348.87,399.68,438.0,29.0,34.48
03-00124,351.9,421.57,229.61,317.26,437.02,258.66,188.71,172.62,155.59,34.42,38.77
03-00125,106.69,263.41,191.34,49.44,137.6,80.12,305.43,331.52,339.54,79.76,89.64
03-00126,384.26,492.4,306.27,322.42,586.13,229.57,327.77,392.22,419.27,42.29,35.07
03-00127,373.9,489.86,385.28,354.83,483.51,348.05,244.47,207.07,226.96,14.09,12.63
03-00128,417.56,421.95,210.42,421.87,501.65,158.32,129.92,109.1,112.6,24.96,24.75
03-00129,409.52,74.77,281.28,398.72,40.75,215.11,339.09,356.74,342.85,59.01,47.5
03-00130,128.42,255.93,192.12,112.63,277.47,259.66,316.48,338.48,307.68,71.2,84.38
03-00131,98.61,198.28,158.87,0.0,135.93,150.45,282.69,241.77,226.76,35.42,38.57
03-00132,75.93,180.96,206.71,9.62,100.42,130.24,109.23,93.69,94.83,50.16,58.65
03-00133,211.19,142.75,354.89,192.66,178.98,328.44,371.16,340.04,342.81,25.27,25.46
03-00134,285.29,228.15,126.59,254.68,293.69,152.05,313.03,308.99,291.25,46.63,47.49
03-00135,271.89,350.25,329.83,219.87,319.62,293.86,362.23,383.38,387.82,49.81,55.64
03-00136,435.58,307.54,488.97,360.94,369.33,517.15,94.31,96.13,92.1,13.59,11.34
03-00137,198.99,108.26,159.03,243.82,69.17,118.98,188.93,188.89,203.68,72.45,79.87
03-00138,371.16,460.57,90.08,356.38,612.64,92.4,411.58,397.83,376.7,31.16,31.99
03-00139,107.66,71.01,242.67,186.59,0.0,220.3,289.69,267.35,280.71,14.89,13.3
03-00140,419.84,103.38,242.27,447.46,59.06,252.69,438.81,352.82,350.12,42.21,38.84
03-00141,114.05,173.21,241.6,174.27,209.28,250.01,80.53,90.41,95.33,38.1,42.83
03-00142,234.24,180.69,381.36,277.37,80.78,538.69,144.4,132.14,124.39,21.63,21.29
03-00143,132.7,265.92,366.81,211.07,417.58,333.02,84.4,89.65,81.71,39.01,38.59
03-00144,125.11,443.61,202.41,114.39,473.31,154.69,334.54,375.23,348.39,20.73,19.66
03-00145,203.73,202.26,256.3,185.88,190.51,361.48,91.71,101.42,102.15,63.04,57.52
03-00146,414.35,443.04,125.66,343.58,499.9,76.86,256.81,249.55,251.84,36.85,34.25
03-00147,138.89,383.37,247.18,132.33,227.81,214.22,218.44,206.99,208.89,37.67,40.17
03-00148,130.0,145.44,268.1,94.72,119.84,217.08,179.55,175.68,176.58,40.04,38.43
03-00149,494.94,207.21,110.56,492.06,282.68,126.36,227.95,241.49,258.0,19.0,22.65
03-00150,450.5,239.67,246.42,470.13,255.67,197.63,252.53,265.57,288.32,31.42,32.75
03-00151,210.62,181.28,145.34,274.13,214.42,88.57,325.39,384.27,348.94,44.96,36.57
03-00152,447.93,243.87,423.85,450.78,253.09,428.89,310.85,358.18,363.67,42.45,42.42
03-00153,324.78,308.66,266.25,290.2,262.49,216.96,313.98,291.55,274.72,57.88,58.99
03-00154,381.85,309.57,136.14,189.96,342.03,164.89,369.64,399.95,411.39,42.53,42.6
03-00155,378.72,292.88,165.94,388.27,337.05,178.53,300.56,359.38,375.14,64.78,67.32
03-00156,216.52,165.51,422.68,240.48,110.31,367.73,253.38,261.43,268.6,33.68,28.17
03-00157,200.66,284.9,470.94,214.43,216.68,588.25,241.58,268.91,276.25,19.78,18.72
03-00158,409.88,229.93,173.94,421.31,228.56,159.3,288.97,344.58,353.65,64.64,76.28
03-00159,239.26,401.84,127.95,232.15,368.21,51.73,246.95,251.94,261.63,19.26,22.44
03-00160,339.14,192.11,165.15,257.32,172.02,135.56,178.74,176.23,180.04,70.81,73.08
03-00161,402.86,76.7,308.98,429.41,111.14,253.65,442.01,494.95,461.09,42.94,49.83
03-00162,316.54,448.25,273.23,342.18,426.9,73.22,208.32,183.08,189.28,59.02,52.41
03-00163,217.98,367.91,490.85,121.73,523.06,535.66,178.81,202.88,191.23,54.76,50.45
03-00164,379.97,248.15,145.39,461.7,312.38,123.03,228.07,202.53,195.67,62.68,68.06
03-00165,149.2,195.34,108.98,102.78,276.5,63.85,175.52,190.57,206.94,46.74,47.07
03-00166,163.2,448.39,164.5,218.12,503.36,240.91,310.1,282.83,289.87,40.48,32.97
03-00167,423.44,233.98,405.52,451.88,198.13,412.85,444.3,454.82,476.42,51.75,55.6
03-00168,263.37,89.21,174.09,251.19,33.25,159.63,372.23,375.66,353.45,55.64,60.9
03-00169,332.32,82.18,306.51,333.95,144.1,286.03,389.36,466.51,482.69,58.69,58.74
03-00170,285.11,325.71,175.37,191.44,304.35,127.89,349.07,338.25,311.75,41.45,49.53
03-00171,259.51,362.18,348.39,348.36,393.43,358.76,258.98,282.15,260.37,13.94,11.17
03-00172,164.54,465.97,375.32,198.1,501.31,321.21,168.44,178.62,186.23,27.5,25.09
03-00173,341.75,204.94,174.34,216.68,200.8,184.51,96.09,77.96,82.01,52.9,50.82
03-00174,448.27,451.79,285.0,403.17,452.86,299.38,116.76,136.56,144.38,77.35,74.12
03-00175,273.1,322.25,326.75,270.45,321.01,343.17,226.3,244.96,242.51,75.27,86.01
03-00176,105.31,411.34,365.11,81.29,440.69,341.82,133.02,139.46,146.92,41.66,39.1
03-00177,248.52,222.78,244.47,259.94,250.25,197.75,261.32,301.45,273.7,74.95,59.99
03-00178,188.02,140.72,323.39,95.59,260.33,417.04,295.56,256.09,262.23,57.68,64.63
03-00179,136.51,297.26,390.67,173.95,234.42,389.37,247.28,286.32,282.07,54.71,51.2
03-00180,261.9,309.78,427.63,304.04,365.01,374.68,433.63,460.99,434.13,44.26,49.97
03-00181,244.23,333.5,222.4,249.98,319.51,325.89,277.03,325.94,332.32,52.65,52.69
03-00182,76.72,273.1,69.91,60.17,277.01,92.83,372.15,350.53,328.11,57.5,61.46
03-00183,182.64,346.91,208.78,93.15,262.82,184.37,432.51,464.96,497.96,52.27,51.36
03-00184,355.59,423.83,463.21,288.35,496.3,581.94,331.83,276.3,288.98,79.45,85.06
03-00185,473.34,263.97,111.31,426.89,287.68,109.8,257.44,280.04,283.66,42.33,43.05
03-00186,372.97,491.65,493.68,354.98,516.97,500.9,171.68,147.37,137.3,47.16,52.55
03-00187,328.3,350.53,185.76,239.62,333.53,227.6,418.72,394.38,363.45,49.54,45.73
03-00188,417.76,274.86,275.52,405.1,221.65,236.48,169.16,198.49,198.77,17.39,18.61
03-00189,495.02,420.03,294.81,501.05,363.71,276.1,304.11,257.18,261.96,70.55,65.48
03-00190,89.69,379.14,255.64,186.58,312.58,171.35,382.32,450.78,472.16,53.31,58.28
03-00191,319.34,185.85,73.56,332.64,214.36,129.7,394.88,335.12,346.62,43.59,35.94
03-00192,186.09,272.02,180.05,115.12,225.87,128.6,188.68,222.01,238.31,11.93,12.99
03-00193,228.77,364.59,169.5,263.11,332.23,131.99,287.8,315.37,289.51,27.99,32.29
03-00194,309.7,313.23,102.68,253.95,331.49,218.41,143.1,140.44,150.05,47.68,56.41
03-00195,494.98,153.61,245.73,519.2,144.84,252.92,236.42,222.04,204.97,37.23,36.33
03-00196,308.6,426.74,189.15,334.9,484.75,208.69,327.87,381.73,391.26,46.61,47.69
03-00197,331.6,305.96,427.01,236.74,198.08,420.27,281.83,280.78,297.98,72.02,60.95
03-00198,145.96,246.11,445.12,82.03,255.77,436.82,286.95,291.18,270.82,23.53,26.43
03-00199,126.55,419.64,133.13,81.85,479.11,193.45,186.16,162.33,170.54,11.54,13.0
03-00200,238.81,154.99,327.53,194.09,0.0,308.16,186.63,180.52,178.59,26.62,26.0
03-00201,205.27,252.07,381.55,180.43,197.7,414.88,207.78,227.89,222.24,43.01,45.15
03-00202,168.29,482.23,394.99,121.28,448.35,441.29,374.27,346.37,324.66,51.56,56.81
03-00203,394.05,241.9,77.08,347.21,360.01,85.38,100.7,115.65,121.56,79.36,88.92
03-00204,81.82,464.4,194.01,177.87,487.46,148.76,165.47,165.1,178.15,23.0,18.8
03-00205,351.41,297.94,271.9,367.39,290.27,330.25,119.73,132.66,145.75,73.64,75.55
03-00206,158.98,446.79,277.67,166.75,284.26,240.89,118.74,122.81,130.91,17.83,20.75
03-00207,451.22,310.0,365.68,419.31,364.24,438.13,288.3,255.21,273.66,17.39,16.18
03-00208,121.56,289.98,105.77,118.98,267.52,126.85,425.85,411.43,401.29,79.24,78.94
03-00209,173.64,456.37,370.88,75.37,499.26,303.97,187.11,150.92,150.7,43.49,48.3
03-00210,358.18,398.4,277.21,369.29,452.31,292.92,209.38,207.75,207.56,67.96,71.5
03-00211,350.96,117.33,232.68,433.43,140.13,328.64,227.78,273.32,280.48,30.67,28.65
03-00212,89.01,228.5,263.41,89.24,227.51,208.06,246.69,278.6,301.98,40.99,48.85
03-00213,337.82,471.02,80.41,252.36,444.82,48.27,425.79,482.22,519.99,38.82,43.82
03-00214,269.62,334.32,291.18,302.42,420.39,335.35,267.64,303.57,323.23,39.94,45.84
03-00215,416.6,274.2,345.77,324.16,283.71,331.92,130.5,153.34,163.56,27.39,23.3
03-00216,139.81,487.08,225.65,128.45,407.57,205.44,136.86,132.86,135.18,31.2,30.11
03-00217,181.39,98.0,109.4,108.46,21.08,43.24,391.86,355.39,322.21,79.06,91.65
03-00218,343.15,144.36,185.48,385.89,128.3,281.81,167.82,138.82,130.24,72.6,64.68
03-00219,247.27,204.47,173.96,301.0,121.96,230.87,220.52,260.84,250.68,57.1,48.41
03-00220,444.0,330.25,442.25,496.9,271.96,449.69,206.91,245.12,222.24,17.35,18.93
03-00221,422.92,145.52,293.28,393.64,180.24,216.83,165.03,196.66,213.55,52.0,53.53
03-00222,249.75,314.56,353.93,233.22,352.1,341.23,418.88,472.1,479.43,34.35,35.58
03-00223,99.27,236.59,345.14,20.84,237.57,405.33,307.63,324.93,336.36,33.39,39.84
03-00224,403.5,459.26,232.83,428.64,492.76,297.62,107.81,96.25,101.54,31.16,35.02
03-00225,298.33,320.2,143.62,225.96,398.64,159.35,262.64,223.45,203.66,47.24,51.94
03-00226,342.43,198.52,471.03,314.55,63.14,430.37,379.71,349.11,333.1,23.66,26.49
03-00227,372.7,198.36,67.76,470.82,219.36,121.52,154.51,138.34,130.25,32.31,34.82
03-00228,325.14,161.86,414.75,335.66,226.11,549.68,390.18,399.83,414.39,57.14,67.19
03-00229,353.93,202.08,443.96,288.91,246.62,432.93,248.1,225.33,208.96,16.26,13.02
03-00230,358.04,178.64,154.42,424.26,205.88,57.76,168.37,167.26,159.91,24.25,23.98
03-00231,271.44,469.55,429.83,341.97,412.68,478.97,85.84,92.34,96.59,18.09,15.09
03-00232,187.83,299.87,459.93,324.42,310.6,364.14,99.24,88.1,93.38,44.88,36.68
03-00233,469.41,251.38,492.69,518.97,248.68,505.97,166.58,165.31,170.65,15.62,15.18
03-00234,326.07,432.42,118.85,325.84,455.25,212.92,333.23,294.48,288.38,59.86,55.83
03-00235,458.37,198.35,84.08,390.91,198.03,118.66,447.77,420.36,384.29,20.55,18.6
03-00236,105.7,385.89,246.41,166.78,503.7,246.53,148.89,123.67,126.46,33.23,36.66
03-00237,467.04,252.94,472.62,397.85,252.93,517.51,220.42,229.33,211.51,55.14,49.15
03-00238,212.21,384.85,117.92,302.01,389.97,110.26,222.94,238.5,231.19,52.3,49.39
03-00239,231.69,361.9,441.91,265.63,342.27,499.04,295.42,286.67,305.22,36.95,43.61
03-00240,220.58,439.54,412.12,287.14,537.67,275.49,149.82,125.1,128.35,73.37,61.12
03-00241,255.18,355.27,285.19,166.23,394.8,298.37,180.56,174.44,161.62,53.16,50.91
03-00242,246.03,100.06,325.39,309.2,57.25,414.54,196.77,172.92,183.13,66.87,56.87
03-00243,352.28,435.09,334.3,315.24,404.29,326.01,357.18,395.51,377.09,41.85,49.57
03-00244,91.11,295.09,410.22,35.7,369.58,404.72,264.55,291.7,289.11,16.4,18.41
03-00245,364.97,360.19,489.26,278.98,289.18,503.24,409.37,415.6,423.4,42.0,36.92
03-00246,291.76,80.95,357.51,359.12,9.7,422.19,109.95,89.92,93.75,44.01,48.83
03-00247,247.07,207.69,438.53,301.18,238.35,533.66,124.31,124.83,133.48,74.41,67.22
03-00248,339.36,118.5,484.78,317.35,32.51,451.24,107.04,97.75,106.2,65.74,60.6
03-00249,301.3,439.54,329.71,350.21,374.15,305.79,273.81,320.42,295.46,16.32,16.01
03-00250,467.84,396.54,343.91,388.17,288.23,208.89,355.76,312.67,325.83,30.2,31.7
03-00251,126.3,74.62,381.77,110.36,88.26,449.55,428.95,419.37,440.97,46.45,45.9
03-00252,445.54,350.77,197.58,346.61,367.64,305.71,123.3,133.01,130.1,55.69,45.96
03-00253,458.71,276.09,73.19,446.71,357.59,119.1,371.35,326.59,352.15,60.44,67.46
03-00254,176.07,243.23,140.98,176.91,218.53,164.68,403.37,334.88,349.52,20.14,20.79
03-00255,103.37,153.98,392.17,76.33,53.13,294.68,175.29,160.72,173.56,47.73,42.61
03-00256,399.65,353.0,93.85,394.54,404.19,100.0,203.83,223.62,207.99,65.18,60.16
03-00257,482.91,117.8,105.27,437.47,67.86,162.73,287.39,271.97,245.11,16.81,17.55
03-00258,494.96,311.64,453.13,537.53,251.09,370.18,179.71,199.35,190.53,74.41,86.06
03-00259,497.19,418.0,207.66,662.59,372.76,188.25,342.07,298.77,298.18,74.12,78.39
03-00260,251.22,270.67,124.64,337.64,320.48,103.86,428.16,485.13,530.11,31.58,32.39
03-00261,325.39,450.78,461.5,407.51,453.44,466.89,332.05,274.75,275.23,33.74,34.39
03-00262,333.62,115.89,197.52,346.93,124.42,165.44,267.46,245.43,225.65,45.59,50.03
03-00263,306.55,320.68,112.13,274.95,311.29,33.02,369.05,343.33,318.86,66.68,59.32
03-00264,196.18,391.57,386.96,129.68,413.88,310.76,404.47,450.8,419.98,51.02,55.0
03-00265,268.51,232.47,180.2,306.92,249.03,148.23,159.96,144.28,153.16,13.43,13.48
03-00266,292.57,305.07,122.45,326.23,345.22,46.51,270.44,218.99,202.21,68.08,71.29
03-00267,355.64,86.59,223.88,348.03,89.74,274.33,400.69,427.93,446.68,20.63,22.3
03-00268,136.26,476.58,188.41,171.1,502.01,181.59,171.51,196.91,189.19,39.24,37.02
03-00269,97.28,480.19,494.16,46.06,552.1,462.46,263.72,280.96,290.91,23.06,19.53
03-00270,301.26,396.8,424.23,191.22,383.38,512.34,178.69,171.37,186.26,50.97,42.07
03-00271,209.86,91.02,257.96,243.9,153.52,266.77,284.8,250.7,267.07,72.82,71.01
03-00272,273.89,195.11,87.87,332.88,240.67,47.44,309.03,318.07,310.13,50.57,60.18
03-00273,93.97,290.46,301.5,37.13,322.0,351.83,342.31,291.23,268.05,58.14,51.91
03-00274,377.4,338.08,473.03,258.97,409.97,438.89,313.97,317.35,292.97,27.35,22.79
03-00275,458.34,377.55,74.25,356.52,369.56,110.02,442.19,431.55,414.15,71.21,82.54
03-00276,280.67,166.32,316.18,200.32,89.52,334.78,270.03,220.75,214.6,49.63,52.48
03-00277,230.01,277.75,350.96,219.98,334.13,301.13,384.22,315.4,339.02,39.4,35.21
03-00278,392.54,195.53,71.09,433.6,246.38,100.2,227.47,199.78,219.61,17.51,14.85
03-00279,260.38,432.88,154.96,262.34,361.33,115.46,160.84,164.57,155.42,69.08,62.03
03-00280,343.77,225.33,214.32,429.71,120.06,196.82,272.54,288.89,284.66,54.23,58.67
03-00281,208.25,390.93,217.84,252.45,547.47,259.55,401.23,466.28,475.28,15.79,14.63
03-00282,300.94,230.96,226.5,228.29,121.19,212.06,393.02,457.17,463.06,18.24,16.43
03-00283,162.16,341.97,252.17,97.87,295.99,302.22,328.47,330.2,314.24,36.03,30.86
03-00284,343.16,423.93,316.74,451.12,493.64,209.87,328.05,336.17,359.67,69.56,62.71
03-00285,364.62,319.31,174.0,387.67,236.2,145.38,370.59,348.66,365.31,58.15,66.52
03-00286,86.35,209.51,68.34,27.26,161.63,52.06,325.19,261.37,265.66,52.77,50.48
03-00287,470.07,97.29,495.25,538.91,106.35,493.92,353.37,287.64,315.2,40.73,48.22
03-00288,450.95,446.16,109.05,490.32,383.77,40.81,230.14,185.97,170.82,39.94,42.91
03-00289,156.57,173.91,379.32,39.99,285.34,371.85,314.32,317.34,311.89,14.98,12.88
03-00290,402.55,363.91,261.56,443.69,494.54,319.02,329.2,306.88,309.33,59.21,55.22
03-00291,458.85,321.35,129.01,529.99,278.54,143.51,186.48,155.16,144.44,54.87,45.98
03-00292,432.24,476.28,103.23,476.94,606.8,37.2,133.02,142.33,143.76,37.53,44.47
03-00293,279.95,122.07,335.47,361.08,82.75,345.78,96.82,81.61,82.25,55.43,63.39
03-00294,430.54,493.71,122.67,463.91,531.88,147.04,395.15,357.79,361.54,45.92,44.54
03-00295,440.64,99.51,329.06,380.67,27.03,279.32,347.61,362.24,337.96,61.72,56.64
03-00296,447.33,339.24,377.33,462.34,356.65,376.73,208.88,183.95,186.03,64.02,66.51
03-00297,123.03,490.67,286.26,215.59,342.94,277.33,200.89,185.85,180.64,55.85,66.11
03-00298,294.15,177.04,371.08,364.04,166.45,306.76,381.38,370.26,355.61,19.28,16.12
03-00299,303.18,485.42,490.63,267.56,466.24,441.5,299.8,288.12,312.03,75.98,61.08
03-00300,461.59,468.85,497.86,492.31,459.31,474.86,179.26,181.81,179.25,26.43,28.63
03-00301,421.0,107.58,465.34,463.38,73.19,416.76,232.65,234.45,238.26,34.18,32.88
03-00302,387.57,226.33,222.38,447.99,232.71,236.03,295.76,303.47,318.7,75.0,69.27
03-00303,422.51,387.89,288.56,336.8,418.19,407.42,277.13,296.65,304.73,13.78,15.0
03-00304,118.49,491.64,353.86,108.1,493.81,331.98,153.39,169.74,170.62,14.94,13.77
03-00305,396.68,356.14,474.79,385.19,330.22,424.18,229.41,267.91,273.76,78.23,90.97
03-00306,457.27,334.8,307.1,418.82,358.06,198.18,241.95,194.41,207.66,13.75,15.59
03-00307,209.91,452.37,267.58,301.25,409.07,272.28,230.54,214.0,206.88,30.32,32.16
03-00308,399.24,495.04,308.87,374.91,518.42,255.12,258.1,292.42,309.26,18.74,16.62
03-00309,221.75,104.0,203.72,196.56,100.52,235.13,383.72,361.72,392.72,74.57,77.6
03-00310,260.14,97.27,438.04,258.19,107.6,412.65,267.18,296.7,313.46,15.61,14.99
03-00311,309.61,173.37,170.33,295.58,271.96,233.63,437.51,458.84,493.97,52.32,55.44
03-00312,169.53,353.77,122.48,213.28,282.79,80.67,446.74,532.97,540.05,36.13,39.69
03-00313,80.87,113.67,216.25,114.63,30.24,174.28,178.49,179.87,197.31,22.96,27.36
03-00314,241.84,196.03,353.08,263.69,220.91,421.93,366.37,356.69,325.86,19.62,18.45
03-00315,424.65,115.53,321.36,392.63,123.55,277.71,286.17,289.97,300.69,35.34,41.12
03-00316,411.04,212.65,136.34,441.93,232.68,155.88,205.57,200.19,200.84,44.59,53.26
03-00317,479.64,365.67,116.38,490.72,434.93,51.38,278.54,332.47,336.11,67.61,70.74
03-00318,278.77,184.04,310.94,237.06,165.05,350.21,251.01,242.2,236.47,38.17,34.61
03-00319,326.29,435.6,343.35,396.7,409.44,367.45,279.49,320.27,339.81,33.69,39.66
03-00320,147.29,378.34,404.13,239.37,456.97,384.64,191.66,205.72,189.65,72.38,63.99
03-00321,78.72,445.27,400.92,39.51,393.02,340.61,190.08,206.89,208.54,51.75,58.13
03-00322,150.99,64.99,421.55,156.35,76.83,268.27,434.07,401.78,382.37,65.01,76.46
03-00323,190.94,174.57,387.51,164.32,164.34,333.85,256.96,261.51,280.2,38.69,41.34
03-00324,293.79,185.71,201.26,296.0,210.49,220.08,422.64,362.57,374.03,44.04,39.04
03-00325,421.65,256.67,138.32,426.46,282.24,166.63,188.07,179.13,186.82,28.23,28.36
03-00326,302.79,413.14,198.67,254.56,399.58,148.4,165.23,142.41,132.58,68.97,55.64
03-00327,377.8,188.18,312.33,358.19,93.66,349.38,212.05,233.56,227.55,73.62,87.12
03-00328,462.36,63.84,439.36,473.66,140.68,482.99,216.29,184.16,188.86,19.97,23.47
03-00329,409.15,392.33,207.17,434.31,503.51,180.96,370.57,399.45,402.14,71.94,72.24
03-00330,339.78,331.05,451.64,463.44,395.1,442.25,199.24,182.26,186.63,41.26,39.18
03-00331,313.45,368.23,433.61,195.0,313.03,450.47,103.9,101.55,106.21,67.44,80.61
03-00332,122.75,84.74,148.33,34.42,220.6,107.07,231.37,261.92,243.27,34.44,32.3
03-00333,95.57,213.96,347.77,68.87,234.27,287.81,164.37,193.49,202.82,40.06,45.03
03-00334,425.98,222.86,441.07,376.37,322.95,316.0,328.23,293.8,277.69,33.66,35.65
03-00335,331.83,258.32,471.03,391.52,251.27,500.32,242.23,286.25,279.68,21.41,25.02
03-00336,221.37,285.65,190.84,197.15,254.32,112.14,442.03,515.35,525.68,40.2,36.11
03-00337,249.65,356.92,463.87,192.44,360.48,517.53,184.21,186.16,168.28,62.37,74.06
03-00338,284.07,294.03,200.92,360.86,242.93,217.54,296.31,244.98,260.92,15.01,12.95
03-00339,88.28,117.72,438.25,25.72,193.82,340.99,394.48,351.49,337.77,59.32,53.58
03-00340,246.23,142.34,443.76,181.77,255.98,371.19,220.08,206.19,198.98,49.79,56.12
03-00341,342.84,66.26,266.78,273.09,20.6,338.73,91.51,97.25,89.31,78.73,91.42
03-00342,382.71,158.63,454.56,307.55,214.53,540.53,301.67,353.6,329.8,61.24,68.91
03-00343,361.2,388.68,495.86,480.44,403.11,531.43,303.28,333.16,350.42,12.61,14.58
03-00344,263.63,86.21,81.8,204.53,5.97,0.0,125.73,129.61,124.33,26.55,23.97
03-00345,463.82,179.35,317.13,526.42,166.12,302.23,131.28,147.05,147.57,42.46,49.91
03-00346,462.17,180.97,225.14,445.66,89.99,217.81,411.35,375.35,369.75,56.73,56.76
03-00347,457.94,64.79,461.28,420.38,178.06,415.32,286.78,301.85,276.63,72.22,74.68
03-00348,230.82,286.56,180.3,303.45,285.07,215.69,98.82,82.69,84.09,29.83,26.8
03-00349,172.56,269.36,151.28,140.98,261.72,75.98,183.96,150.75,147.21,23.88,25.16
03-00350,295.63,80.71,147.21,314.36,88.87,147.39,190.1,207.43,187.29,52.83,51.48
03-00351,465.87,470.96,320.97,469.06,492.27,185.09,271.11,323.16,309.26,55.6,49.59
03-00352,488.88,178.83,461.57,539.76,201.6,479.3,153.33,167.25,165.84,20.35,23.63
03-00353,135.21,396.28,451.37,195.93,356.29,489.91,394.24,404.91,421.77,72.33,64.03
03-00354,353.28,181.18,353.56,386.29,249.48,285.76,349.68,362.9,351.53,30.39,32.25
03-00355,227.22,401.15,66.83,176.87,398.96,192.64,149.4,144.37,130.87,59.34,64.77
03-00356,225.12,218.98,339.36,226.01,210.43,326.96,191.79,181.3,182.71,70.5,80.11
03-00357,67.74,203.56,142.66,98.08,127.21,184.32,423.16,436.3,430.35,34.29,39.59
03-00358,109.36,199.37,416.57,114.41,71.31,466.57,319.25,362.65,347.76,22.66,23.37
03-00359,190.36,215.48,326.18,129.49,249.47,348.01,120.16,109.29,104.65,78.06,67.38
03-00360,88.74,125.75,444.77,137.13,255.39,407.45,325.66,343.38,343.98,52.62,61.57
03-00361,296.37,436.9,180.8,265.04,424.01,111.34,82.11,83.98,84.91,70.35,67.29
03-00362,450.95,288.67,327.38,392.7,275.11,272.26,397.91,402.16,408.17,14.79,17.17
03-00363,468.77,102.17,243.15,524.15,137.33,227.53,88.58,95.29,96.76,14.54,14.66
03-00364,385.9,148.43,140.26,434.55,193.71,124.77,266.93,293.58,282.23,37.22,42.06
03-00365,324.46,152.69,322.93,187.93,189.49,451.38,180.46,205.03,200.63,31.16,33.15
03-00366,420.84,384.34,115.7,368.19,513.96,3.42,264.66,265.1,262.23,54.01,50.01
03-00367,124.33,163.02,136.47,122.53,18.72,92.88,443.88,472.11,428.42,76.09,70.61
03-00368,103.46,370.75,186.71,169.86,347.44,198.4,299.4,355.37,374.64,32.45,27.73
03-00369,355.75,213.05,459.23,365.23,259.21,405.09,362.97,379.71,405.54,20.68,23.4
03-00370,417.85,302.91,365.52,403.34,329.56,382.47,304.25,344.49,356.4,15.39,17.69
03-00371,93.82,319.75,117.45,63.32,236.49,3.94,148.91,128.34,137.97,65.67,75.3
03-00372,184.85,462.23,134.68,107.75,411.82,144.43,87.35,92.4,86.71,43.57,36.42
03-00373,183.51,158.49,234.11,226.48,104.55,210.42,397.87,390.58,384.06,27.28,25.31
03-00374,152.55,166.29,481.26,243.19,111.56,355.76,116.69,99.38,93.03,70.22,59.54
03-00375,425.67,149.04,272.75,414.9,249.83,228.98,147.59,165.07,180.67,42.27,41.84
03-00376,246.94,425.15,400.83,309.1,350.62,442.14,125.35,109.41,114.49,26.24,29.03
03-00377,407.55,194.82,154.65,428.19,212.59,213.89,258.79,268.82,255.53,53.66,54.01
03-00378,211.95,161.4,375.77,169.49,153.78,475.53,121.62,114.56,122.76,77.88,76.39
03-00379,70.95,381.35,102.38,155.07,452.47,87.8,297.43,338.27,330.04,11.43,9.51
03-00380,492.06,255.58,135.35,573.62,255.18,161.05,342.97,369.39,395.55,70.45,77.25
03-00381,144.63,332.09,411.53,79.33,263.37,530.82,116.29,138.17,148.04,67.72,60.46
03-00382,424.01,209.86,406.07,389.07,237.55,345.91,264.92,294.52,320.26,40.44,32.57
03-00383,204.28,237.63,108.26,210.04,174.0,125.1,158.05,160.35,167.77,48.83,53.63
03-00384,292.82,151.74,274.66,197.13,128.93,278.76,157.19,154.93,165.25,19.89,18.27
03-00385,421.3,392.8,231.5,438.5,357.83,257.38,340.3,337.49,342.18,64.12,54.25
03-00386,183.62,323.3,121.68,167.34,217.88,60.43,370.89,365.84,366.05,50.09,59.96
03-00387,192.49,111.45,458.54,184.26,138.68,484.14,280.81,242.03,232.54,21.94,23.87
03-00388,72.94,307.63,284.56,84.45,273.47,270.99,226.68,255.71,273.23,24.64,28.24
03-00389,79.99,452.54,197.23,137.05,428.88,310.4,268.98,225.85,205.08,71.56,58.86
03-00390,349.66,263.39,62.09,244.59,324.53,130.02,237.62,266.15,244.72,64.48,58.31
03-00391,466.69,128.05,240.73,435.03,108.17,327.45,203.25,192.26,205.46,68.11,65.24
03-00392,493.09,121.39,457.87,495.45,191.37,500.71,215.04,234.7,239.62,24.04,19.7
03-00393,373.95,322.18,355.42,261.5,282.31,351.45,337.62,312.38,307.78,37.02,31.39
03-00394,320.78,397.47,308.82,266.23,402.82,268.49,416.3,435.89,401.92,39.38,45.75
03-00395,499.44,244.05,240.72,605.04,280.34,273.65,256.56,231.51,217.13,60.7,70.93
03-00396,82.79,439.17,392.48,192.78,463.2,314.35,390.57,423.72,415.14,39.83,31.99
03-00397,357.44,74.17,91.32,366.97,48.17,58.42,431.46,399.47,424.19,46.28,47.94
03-00398,262.97,291.57,106.86,358.04,268.49,142.46,418.15,376.59,357.92,37.94,31.75
03-00399,353.79,327.88,237.64,411.2,312.23,122.85,364.4,364.11,363.04,13.08,11.8
03-00400,112.54,409.48,295.08,132.88,409.5,376.82,380.31,454.24,439.93,50.2,57.15
03-00401,473.18,186.68,443.29,339.2,84.61,494.22,417.2,399.37,389.3,37.56,32.44
03-00402,232.36,122.98,337.68,228.08,103.67,268.92,247.52,239.4,225.45,76.71,86.01
03-00403,390.81,490.18,210.38,438.41,474.78,248.87,198.43,165.05,169.88,16.86,16.24
03-00404,423.57,285.86,72.14,364.1,273.13,28.1,100.47,107.75,100.07,36.67,31.07
03-00405,92.58,480.07,232.2,108.43,368.97,155.33,325.39,348.2,365.3,41.32,40.2
03-00406,85.42,462.33,311.8,212.13,436.19,386.63,447.15,509.36,506.74,26.69,27.38
03-00407,296.15,158.86,221.18,324.49,119.62,116.85,291.25,272.46,280.57,47.17,49.76
03-00408,317.2,491.43,113.18,261.98,537.57,103.05,104.09,114.44,119.92,23.64,27.67
03-00409,62.04,346.07,435.14,76.21,343.84,438.87,281.15,257.37,236.88,72.27,77.94
03-00410,395.84,209.85,223.91,352.05,243.52,169.87,362.29,352.04,328.47,59.35,51.04
03-00411,471.16,159.23,91.37,556.3,238.2,0.0,338.48,386.96,409.98,41.57,37.71
03-00412,429.6,326.13,263.03,400.69,290.84,251.04,359.78,411.7,399.38,48.4,55.28
03-00413,101.38,391.9,239.69,114.04,445.21,184.32,105.37,110.76,114.86,13.03,11.25
03-00414,136.79,499.22,207.01,180.71,476.62,145.39,158.44,132.8,124.95,52.11,55.58
03-00415,271.61,174.67,192.34,286.76,169.68,240.31,295.82,313.84,284.62,63.49,51.28
03-00416,332.19,468.45,461.15,437.17,523.11,327.06,140.45,153.84,145.73,36.36,38.61
03-00417,281.73,226.03,321.45,337.61,368.83,278.65,274.76,313.85,292.11,64.2,59.63
03-00418,299.24,265.03,315.22,307.53,200.46,295.55,298.3,263.61,264.68,57.69,49.9
03-00419,157.19,413.88,188.51,132.57,473.77,231.27,369.71,339.38,363.89,71.64,79.85
03-00420,329.58,459.28,317.98,350.34,506.84,175.13,209.57,171.33,181.59,41.49,37.33
03-00421,226.41,99.54,285.99,145.43,163.1,286.92,89.9,79.43,74.56,53.58,64.1
03-00422,249.33,92.71,201.56,292.11,156.63,277.93,182.03,167.04,173.1,70.67,75.01
03-00423,195.87,117.22,259.72,228.52,186.48,347.09,418.26,478.91,437.4,65.42,74.36
03-00424,423.8,287.75,123.47,472.5,199.43,129.29,286.04,272.66,296.67,65.63,57.89
03-00425,90.8,138.17,281.66,0.42,108.2,273.17,440.61,473.93,439.9,29.01,31.18
03-00426,398.1,464.8,292.95,398.9,539.54,343.59,161.34,190.99,202.13,40.88,48.15
03-00427,429.54,166.79,298.99,438.06,301.85,468.81,209.98,177.48,193.91,66.29,62.09
03-00428,192.46,465.26,437.05,158.84,389.02,440.44,363.74,310.93,319.14,65.65,77.18
03-00429,357.76,226.2,328.77,383.17,77.14,398.57,233.13,226.69,228.84,35.98,38.45
03-00430,289.44,383.6,457.18,284.57,331.75,434.21,292.19,279.73,253.94,62.86,56.82
03-00431,426.08,228.68,223.63,457.9,174.96,340.57,261.61,265.65,287.27,47.38,40.11
03-00432,139.84,410.37,400.51,111.42,320.72,321.56,219.31,232.65,245.33,27.25,29.21
03-00433,346.85,152.12,63.29,359.63,237.09,75.0,306.35,344.46,370.52,13.98,16.53
03-00434,459.85,194.77,102.16,598.58,183.2,94.37,231.08,196.64,215.47,56.64,56.3
03-00435,186.02,478.64,368.33,200.04,553.49,283.08,328.98,347.1,370.76,47.86,43.15
03-00436,280.59,187.57,454.89,280.27,193.85,396.23,354.83,405.12,439.56,77.33,77.45
03-00437,230.49,167.72,193.58,148.7,170.72,142.26,261.74,283.68,288.96,23.66,23.32
03-00438,403.25,483.52,464.13,387.58,492.36,423.97,142.55,132.69,134.75,35.64,30.57
03-00439,129.03,185.61,188.94,157.98,288.0,311.99,195.0,205.29,220.59,33.04,29.06
03-00440,297.53,231.16,177.99,373.33,173.95,203.93,392.7,430.15,456.97,62.86,52.78
03-00441,358.39,134.66,320.08,405.18,134.63,360.47,402.72,381.99,396.26,35.8,38.07
03-00442,438.35,401.84,444.71,456.32,431.71,452.6,271.26,273.26,285.4,34.12,37.6
03-00443,221.32,191.5,327.51,239.24,0.0,221.27,124.32,134.38,136.72,10.32,10.93
03-00444,60.37,326.28,202.8,122.75,405.09,147.12,214.34,231.35,210.25,43.46,49.48
03-00445,97.67,123.32,154.06,99.95,190.27,180.46,342.72,374.44,362.79,67.12,59.74
03-00446,312.46,173.72,319.22,369.64,132.45,266.61,421.18,392.42,396.85,56.43,56.1
03-00447,367.41,404.05,468.96,365.3,410.73,471.37,378.55,348.37,370.21,65.51,59.91
03-00448,192.07,79.06,270.86,243.59,126.95,263.53,179.49,163.96,165.28,11.92,10.65
03-00449,296.72,61.58,470.5,300.24,105.6,461.33,133.74,128.11,139.43,42.97,42.02
03-00450,452.3,463.92,436.63,416.67,463.33,488.8,336.84,311.04,327.59,11.47,13.06
03-00451,365.43,435.86,236.02,379.46,407.35,213.91,141.28,169.16,180.75,58.47,58.22
03-00452,410.75,425.12,61.18,516.11,437.38,75.15,230.0,253.92,275.44,36.29,31.96
03-00453,467.33,393.68,248.38,510.58,385.97,222.94,98.68,116.86,126.31,51.49,48.77
03-00454,138.85,372.05,443.86,114.32,365.92,485.91,230.76,231.86,227.61,71.22,71.7
03-00455,203.14,498.95,175.4,251.15,400.24,214.45,310.95,288.49,283.82,44.96,41.88
03-00456,116.32,66.42,393.5,154.74,91.31,349.05,224.42,267.19,257.2,41.51,44.68
03-00457,325.72,74.99,78.79,341.89,80.25,145.34,214.43,253.37,247.76,36.62,41.09
03-00458,469.52,438.36,75.45,373.09,461.15,151.32,138.09,119.64,118.76,35.35,29.32
03-00459,270.94,71.0,325.83,293.11,97.44,338.37,362.9,325.66,347.03,18.04,21.34
03-00460,297.68,137.91,74.46,283.51,165.46,0.0,162.44,182.13,190.22,71.9,69.74
03-00461,211.76,478.29,416.46,107.47,513.81,490.19,251.18,287.66,258.95,13.11,11.36
03-00462,78.94,394.06,434.93,117.35,464.46,433.2,440.81,398.41,371.74,58.4,49.13
03-00463,282.62,158.71,134.43,253.21,192.01,155.17,90.31,100.33,94.11,43.44,42.97
03-00464,381.41,142.7,271.88,394.01,224.84,255.71,127.18,114.78,111.35,54.56,44.56
03-00465,199.46,487.59,171.52,157.73,543.24,152.89,235.0,260.56,270.81,73.92,64.0
03-00466,462.51,485.45,229.75,359.26,556.1,309.3,95.0,105.21,109.14,40.4,39.97
03-00467,315.39,77.04,92.41,362.75,91.22,3.96,245.28,256.51,264.35,37.28,43.75
03-00468,301.72,127.58,437.19,279.93,129.07,451.61,144.13,129.4,128.25,37.37,44.7
03-00469,235.64,82.39,461.67,214.88,48.18,407.72,297.29,250.12,244.22,40.49,38.75
03-00470,113.26,329.36,181.85,194.34,363.0,193.29,293.68,289.03,281.22,14.31,16.21
03-00471,225.58,444.03,143.54,281.2,411.18,145.94,252.77,254.02,261.8,29.69,35.18
03-00472,335.7,356.07,71.07,452.38,344.82,111.66,270.0,239.12,261.28,51.07,54.34
03-00473,137.25,94.72,220.01,270.61,52.27,131.26,299.47,327.72,295.51,47.24,43.33
03-00474,473.57,471.35,66.48,517.17,397.57,2.85,91.57,87.3,94.59,67.86,70.59
03-00475,374.41,81.97,447.91,320.14,49.21,514.26,333.52,376.91,394.97,12.3,13.6
03-00476,266.79,455.97,76.31,392.55,457.76,0.0,329.64,269.33,244.52,56.53,48.47
03-00477,381.63,331.99,411.37,416.48,376.65,400.19,356.93,324.52,337.2,12.36,13.02
03-00478,287.24,363.09,224.21,350.08,347.57,266.05,449.74,408.53,442.42,49.53,52.4
03-00479,437.6,188.79,143.22,407.03,282.34,165.87,408.65,430.39,432.47,71.84,82.94
03-00480,436.32,84.89,398.47,486.49,112.94,407.03,216.3,221.99,202.39,20.6,17.27
03-00481,269.38,113.71,234.41,214.41,96.75,287.22,122.02,109.43,99.76,60.99,50.48
03-00482,233.8,223.28,159.97,214.93,253.82,133.48,332.83,323.25,302.9,57.67,47.89
03-00483,136.82,249.42,244.53,158.13,216.76,227.43,408.78,381.62,410.1,37.89,39.9
03-00484,223.32,408.44,455.6,266.56,473.37,488.85,422.69,469.04,466.46,73.44,60.7
03-00485,445.29,234.08,98.17,550.19,138.02,136.24,261.11,250.47,265.72,23.53,19.18
03-00486,141.66,170.44,191.97,161.87,331.24,257.31,178.49,192.86,212.12,64.54,64.31
03-00487,66.15,234.27,257.98,0.0,275.45,309.75,304.05,322.07,307.36,79.63,88.12
03-00488,127.79,153.35,87.46,216.88,72.18,59.35,108.68,108.38,109.07,42.27,37.81
03-00489,478.02,387.18,153.85,496.61,405.84,149.66,183.24,158.2,169.61,56.48,61.89
03-00490,290.84,236.6,412.22,249.26,152.85,400.05,198.39,218.25,221.21,55.84,45.65
03-00491,268.34,268.43,479.22,277.35,269.33,531.49,257.8,236.37,246.08,68.78,60.83
03-00492,371.51,318.95,385.9,285.92,412.18,368.0,354.65,288.13,297.03,48.16,39.21
03-00493,153.81,68.03,359.1,184.11,114.5,296.17,291.49,301.09,314.63,27.63,22.49
03-00494,160.4,483.05,399.16,274.36,473.45,469.52,400.2,463.13,441.3,61.45,62.36
03-00495,166.58,392.94,69.97,209.17,311.17,68.16,277.81,268.85,284.2,21.61,18.91
03-00496,195.13,274.71,341.37,187.79,346.77,414.15,249.95,250.32,240.59,12.14,14.15
03-00497,239.01,463.35,101.03,186.1,352.06,151.7,163.95,143.05,152.66,55.57,57.81
03-00498,88.57,268.63,424.34,101.43,329.51,401.56,224.34,249.68,247.8,15.13,16.3
03-00499,306.23,163.44,381.31,354.69,172.05,428.52,330.65,287.58,289.85,27.58,26.66
03-00500,145.21,493.16,205.24,75.78,510.43,168.05,119.95,134.08,134.28,63.44,56.5
03-00501,86.27,111.97,167.8,127.72,106.47,124.81,139.13,139.34,148.04,33.92,31.24
03-00502,262.16,83.36,360.02,217.81,139.16,365.8,312.17,271.24,290.58,38.9,35.99
03-00503,112.38,434.43,319.08,123.71,429.48,287.51,424.28,366.17,345.12,75.52,81.23
03-00504,112.15,111.15,440.62,214.2,122.97,521.88,320.96,293.34,318.75,32.3,31.9
03-00505,245.04,293.79,388.09,245.71,327.49,416.9,437.66,352.61,345.75,21.89,21.65
03-00506,440.88,100.91,93.51,371.98,61.41,0.0,161.77,175.31,168.75,78.72,71.9
03-00507,448.52,495.72,410.0,487.37,495.76,350.41,367.13,380.72,399.67,64.76,69.53
03-00508,198.01,372.47,133.08,205.37,416.05,163.88,90.63,82.86,74.67,20.73,22.21
03-00509,181.25,67.73,305.1,70.29,64.17,275.57,404.84,359.86,342.81,72.76,75.05
03-00510,437.97,450.78,426.92,450.31,395.52,424.83,181.01,160.49,146.84,73.94,72.52
03-00511,431.52,393.18,445.61,340.09,383.95,355.35,316.78,297.19,276.72,43.53,46.79
03-00512,464.02,488.31,393.39,460.55,513.07,472.17,83.91,76.0,76.06,16.06,16.8
03-00513,226.74,214.3,298.13,132.21,155.36,291.88,173.57,199.06,203.19,70.98,75.87
03-00514,467.55,292.75,230.74,578.11,338.48,333.97,175.5,157.95,156.24,68.5,74.98
03-00515,133.52,271.35,209.59,160.92,203.72,277.8,111.25,110.97,115.55,31.09,27.2
03-00516,497.1,426.91,228.77,489.24,414.51,148.41,268.31,310.93,335.86,34.29,29.25
03-00517,151.75,387.53,185.77,134.11,415.45,188.51,158.34,162.29,177.94,16.02,13.77
03-00518,308.81,476.02,397.02,341.7,379.83,347.8,339.73,323.99,300.22,13.65,11.5
03-00519,354.7,472.94,178.03,497.45,497.37,123.14,244.01,258.54,279.07,12.53,10.12
03-00520,392.99,441.02,303.79,412.6,448.28,306.34,182.63,174.23,159.92,64.11,51.3
03-00521,315.51,79.59,217.96,290.61,2.74,177.57,80.41,84.05,85.02,43.25,37.94
03-00522,311.44,68.44,112.32,346.9,7.17,103.69,216.72,216.15,218.28,61.92,66.2
03-00523,70.27,83.87,458.66,57.93,26.58,402.64,411.72,464.15,496.01,72.07,75.08
03-00524,323.67,194.81,365.21,392.39,256.24,361.96,376.54,342.32,332.98,49.64,42.08
03-00525,257.95,488.38,111.82,274.55,547.48,142.11,205.41,184.88,190.76,79.8,74.48
03-00526,426.44,449.32,148.58,390.37,484.61,152.32,135.45,118.24,129.52,22.46,22.21
03-00527,236.33,276.53,151.42,216.43,353.38,211.09,445.27,522.36,569.99,50.06,51.33
03-00528,268.53,198.22,478.86,296.78,247.71,437.04,367.09,384.62,415.6,24.45,27.2
03-00529,91.36,69.02,149.28,112.59,102.47,107.74,432.35,411.79,448.94,35.8,40.66
03-00530,172.48,439.14,280.58,211.32,487.16,267.15,121.43,125.87,137.01,55.04,49.9
03-00531,149.02,118.07,208.12,163.17,58.37,240.17,290.67,294.04,312.12,57.13,46.74
03-00532,141.85,422.09,264.36,59.04,438.41,186.99,424.06,506.02,536.08,48.95,43.56
03-00533,212.01,340.57,63.48,254.02,347.82,0.0,261.76,276.05,302.96,64.54,58.78
03-00534,345.56,311.22,289.26,437.87,421.63,311.81,145.53,161.32,148.67,69.05,77.01
03-00535,287.31,314.55,215.25,207.4,159.63,83.63,177.21,194.26,200.51,50.77,56.72
03-00536,266.68,204.96,482.65,214.57,242.7,462.06,444.17,420.31,384.07,25.09,21.93
03-00537,356.07,438.65,392.63,425.44,378.34,315.92,292.7,313.63,286.6,11.81,11.17
03-00538,422.21,152.96,81.57,373.43,160.97,49.24,444.62,503.56,536.86,47.25,55.32
03-00539,166.71,390.65,447.82,207.28,371.36,402.97,300.13,240.84,262.03,75.45,81.65
03-00540,279.08,419.55,497.3,223.93,359.56,539.05,246.35,242.13,234.37,52.73,50.24
03-00541,86.98,490.83,108.91,62.1,455.36,63.16,301.7,293.02,296.09,52.06,48.65
03-00542,394.07,347.9,176.07,430.81,224.74,175.58,237.11,243.6,232.21,49.67,44.19
03-00543,204.53,384.22,177.87,233.83,381.1,266.65,351.29,361.66,326.86,39.56,34.38
03-00544,456.89,340.56,173.15,442.97,370.84,154.75,261.74,299.65,309.83,41.02,43.79
03-00545,418.49,271.86,202.29,532.75,192.58,187.49,394.13,423.1,462.59,20.49,19.26
03-00546,359.48,430.57,300.15,286.96,353.79,342.6,186.25,179.07,195.91,64.11,76.33
03-00547,173.96,294.47,422.54,279.35,281.26,451.52,85.67,71.01,69.07,70.49,77.85
03-00548,239.45,174.45,233.02,167.67,135.45,191.96,222.4,242.79,256.13,52.1,57.05
03-00549,157.96,415.87,235.01,175.46,409.75,191.04,136.12,145.68,155.37,10.35,9.49
03-00550,208.88,88.03,475.15,191.3,95.33,478.21,323.06,356.59,381.99,24.73,28.61
03-00551,337.13,89.63,128.95,366.13,27.38,131.88,219.0,180.02,173.63,72.71,74.34
03-00552,351.32,453.88,277.69,404.81,363.85,423.5,324.9,289.42,311.25,65.91,57.2
03-00553,128.41,470.54,476.84,104.0,428.8,473.56,115.28,127.5,140.04,12.73,13.58
03-00554,389.34,116.91,361.61,426.17,101.28,378.33,310.3,278.05,271.29,65.04,58.94
03-00555,325.49,301.91,201.34,364.44,262.96,155.06,404.82,470.7,429.32,26.18,21.6
03-00556,185.19,283.37,122.4,191.31,240.2,123.3,300.45,341.08,375.18,22.87,21.64
03-00557,287.07,349.59,313.16,210.49,366.67,205.27,160.88,143.14,132.4,33.74,31.09
03-00558,253.59,368.36,375.0,191.66,399.9,525.25,424.59,460.24,447.32,70.45,57.12
03-00559,119.35,475.13,292.36,188.56,490.82,396.96,183.81,162.39,178.43,46.84,55.41
03-00560,323.5,483.37,182.0,366.36,496.88,155.66,366.46,412.66,395.11,28.82,31.37
03-00561,264.27,88.69,464.74,154.83,0.0,547.85,196.03,228.05,216.44,13.49,12.01
03-00562,382.51,281.91,102.57,393.62,330.86,27.4,151.46,137.06,142.29,41.66,43.84
03-00563,73.76,453.22,402.66,0.0,546.28,418.81,192.46,193.39,209.26,63.68,69.35
03-00564,493.81,435.87,130.49,512.85,275.31,164.5,109.25,95.06,97.44,53.03,45.56
03-00565,69.03,223.34,175.74,182.27,273.0,106.22,161.01,179.36,166.98,46.74,42.98
03-00566,145.73,185.28,482.19,92.82,207.12,406.62,351.39,293.14,270.52,65.32,73.86
03-00567,407.33,374.78,160.76,364.93,302.32,162.91,372.18,324.06,297.94,28.73,32.57
03-00568,195.31,205.6,193.26,272.71,246.3,178.14,424.43,394.63,376.21,11.19,9.21
03-00569,480.39,222.17,105.29,527.7,189.27,80.67,326.01,266.02,282.89,45.91,44.13
03-00570,348.21,154.33,67.84,354.89,175.84,0.0,307.17,322.12,338.64,46.98,42.2
03-00571,420.83,220.57,363.78,468.03,189.63,277.84,103.73,122.99,126.94,49.29,52.71
03-00572,180.67,270.7,180.44,253.36,249.6,76.14,208.84,224.79,202.63,60.36,72.26
03-00573,418.28,384.77,468.82,500.88,432.69,495.78,396.69,425.92,426.68,21.58,17.3
03-00574,100.81,323.48,225.9,14.31,329.45,287.42,230.91,232.18,251.36,48.42,51.98
03-00575,379.67,257.7,485.4,413.59,239.23,427.75,212.09,196.33,193.2,62.03,64.34
03-00576,201.99,325.52,325.51,196.82,249.25,329.15,225.46,228.9,249.61,13.5,10.81
03-00577,484.4,388.44,180.75,640.82,227.88,174.54,151.09,134.6,144.08,67.31,74.97
03-00578,312.95,181.07,200.39,225.12,171.66,236.8,83.19,76.54,70.04,12.28,9.93
03-00579,116.25,427.82,116.42,190.85,515.89,114.05,80.44,70.95,64.47,29.91,35.53
03-00580,362.85,268.02,273.2,297.5,255.18,151.66,199.51,164.84,162.75,26.97,25.43
03-00581,170.88,193.36,398.85,187.59,145.02,306.32,90.69,104.39,106.65,37.46,39.51
03-00582,178.96,487.73,416.59,217.21,456.53,415.48,150.02,134.8,145.55,40.01,44.71
03-00583,248.63,159.43,447.86,190.83,197.91,436.27,168.34,161.72,174.71,67.14,69.57
03-00584,468.66,238.33,358.76,502.79,293.9,370.22,445.27,375.61,370.53,56.85,50.38
03-00585,84.35,201.59,245.95,72.98,223.94,292.66,261.51,277.03,298.88,38.78,33.69
03-00586,216.05,367.83,463.44,131.97,329.35,498.34,298.97,350.42,349.7,27.54,28.1
03-00587,290.34,389.99,168.41,327.98,390.06,96.72,171.31,144.85,133.17,65.19,65.16
03-00588,94.98,316.19,155.17,80.97,343.28,52.8,351.47,350.08,378.89,31.13,35.9
03-00589,115.71,189.77,257.79,116.2,151.29,294.23,230.0,248.44,260.98,47.39,44.3
03-00590,82.0,428.54,475.15,115.62,438.83,533.03,126.03,121.21,109.95,54.57,56.39
03-00591,282.22,348.2,130.36,347.59,496.52,250.3,297.2,239.49,254.08,39.03,44.73
03-00592,252.39,462.18,362.04,257.59,478.09,398.09,88.45,104.12,97.18,28.24,28.53
03-00593,387.68,112.31,136.02,460.34,142.99,197.65,411.32,381.56,366.38,50.04,43.58
03-00594,175.79,410.03,151.25,271.27,445.28,92.42,294.71,342.89,322.57,24.72,23.94
03-00595,340.39,236.61,296.63,393.73,286.13,418.25,271.1,283.4,300.41,72.0,70.63
03-00596,174.84,68.0,422.39,254.37,105.22,428.68,100.45,88.23,95.27,60.03,68.12
03-00597,373.46,272.43,446.67,297.22,247.11,454.6,192.32,218.0,208.21,38.84,34.75
03-00598,443.49,367.11,242.62,500.5,358.92,182.85,298.89,343.96,337.22,49.27,49.2
03-00599,256.26,494.54,226.28,210.46,501.44,258.31,254.36,265.82,281.07,31.6,27.02
03-00600,162.93,116.6,171.41,152.16,209.23,122.1,240.98,255.04,266.99,19.87,16.95
03-00601,96.0,94.29,463.8,131.3,172.08,410.81,268.65,262.62,283.39,66.69,60.87
03-00602,468.02,352.57,383.75,502.06,269.97,417.59,85.59,94.17,101.79,33.09,37.12
03-00603,331.71,121.53,349.59,374.99,136.06,347.22,98.29,89.66,83.39,29.6,31.52
03-00604,165.61,146.44,218.34,238.97,157.02,198.44,272.69,326.55,300.81,73.66,80.65
03-00605,225.59,106.15,408.61,239.2,147.04,438.11,359.61,321.95,307.09,45.08,47.91
03-00606,272.45,243.69,433.5,269.16,309.94,453.01,82.48,82.0,81.3,30.08,31.18
03-00607,468.54,286.14,148.53,458.48,273.6,110.63,293.37,239.3,226.15,66.12,70.99
03-00608,171.96,95.3,112.91,167.69,16.72,41.21,389.57,404.3,383.86,72.5,63.45
03-00609,186.44,354.23,439.76,255.09,332.44,483.21,245.61,249.49,227.69,26.06,22.35
03-00610,420.13,114.43,114.36,404.85,143.52,73.52,270.56,240.84,233.05,54.17,53.48
03-00611,193.73,236.5,291.88,184.24,192.41,145.49,179.98,168.32,178.44,41.75,37.62
03-00612,329.97,429.56,224.05,288.32,482.86,243.47,361.23,366.65,380.5,19.7,17.3
03-00613,405.81,357.67,179.2,404.97,421.04,145.93,401.65,343.35,334.53,51.29,46.31
03-00614,378.93,436.62,93.93,385.81,476.58,93.04,250.44,280.63,298.26,62.1,64.26
03-00615,223.31,107.77,280.08,158.44,130.77,243.19,213.28,217.07,203.86,20.5,22.06
03-00616,276.8,91.65,198.45,245.73,40.29,176.1,378.46,405.52,421.29,47.94,55.8
03-00617,310.14,330.42,156.61,346.32,253.61,205.4,197.05,218.29,202.09,11.87,11.58
03-00618,333.93,252.34,235.27,255.84,385.63,183.61,186.41,178.95,180.95,18.27,18.77
03-00619,408.33,318.13,458.54,423.82,442.92,403.43,404.25,354.5,324.62,69.28,76.45
03-00620,207.55,160.64,379.38,264.78,209.91,483.72,274.74,262.47,278.4,22.43,26.35
03-00621,491.35,376.8,186.25,470.82,316.04,163.51,218.95,260.85,270.33,13.7,14.7
03-00622,416.18,184.1,144.31,380.48,236.58,111.19,402.42,404.14,408.27,17.17,15.83
03-00623,165.17,121.35,268.88,149.35,89.88,243.19,291.92,262.78,282.66,66.2,58.06
03-00624,359.44,312.18,351.35,328.03,320.33,322.14,257.69,237.18,258.41,55.14,49.56
03-00625,160.98,160.04,155.42,147.73,280.94,158.83,395.02,366.88,369.92,34.7,36.99
03-00626,305.68,77.0,436.44,253.95,97.06,543.59,94.95,99.84,106.39,14.64,15.88
03-00627,146.58,234.32,175.21,159.95,230.77,112.36,164.03,162.96,178.54,25.08,21.08
03-00628,416.57,407.16,435.06,400.06,368.68,408.38,335.32,340.53,308.95,41.03,34.2
03-00629,462.31,401.52,474.06,555.93,327.78,400.88,192.33,208.45,189.62,56.33,64.23
03-00630,454.15,249.81,313.0,491.45,142.55,359.59,154.79,126.31,125.08,16.77,19.01
03-00631,117.79,429.42,498.34,75.91,507.47,495.38,346.84,338.78,306.87,43.25,38.19
03-00632,403.11,200.43,109.2,442.27,158.51,170.12,334.39,301.71,321.97,34.04,27.95
03-00633,311.33,97.01,362.16,327.12,77.08,348.56,389.99,340.57,314.1,62.78,56.64
03-00634,427.65,147.41,457.32,426.74,155.08,456.24,376.56,306.9,278.87,72.25,74.58
03-00635,72.59,369.89,94.64,134.0,471.0,129.66,224.1,247.22,268.61,16.46,14.51
03-00636,337.94,405.46,347.19,350.98,345.51,439.3,139.34,147.58,151.25,25.77,23.77
03-00637,124.61,334.54,404.68,90.08,382.22,369.62,437.33,469.95,510.17,20.69,24.46
03-00638,150.0,355.11,481.51,69.13,349.62,503.67,411.21,381.73,415.26,40.61,38.61
03-00639,213.26,420.24,321.38,266.77,450.59,365.7,236.04,237.43,241.2,10.79,8.81
03-00640,157.83,374.51,97.67,163.05,421.82,39.18,125.51,130.21,130.54,31.22,30.97
03-00641,216.15,169.75,449.14,327.39,188.28,354.78,311.36,281.26,283.21,38.91,38.25
03-00642,150.26,286.14,210.93,193.88,341.32,315.19,96.1,104.35,94.33,33.04,28.5
03-00643,495.4,220.99,351.81,457.15,236.1,311.82,448.38,438.39,422.2,56.54,67.11
03-00644,357.48,164.22,352.99,258.14,119.4,414.47,118.71,102.03,95.32,64.68,73.86
03-00645,235.05,166.02,202.42,196.55,246.21,187.31,158.04,184.84,196.95,55.07,50.96
03-00646,151.92,233.38,298.69,169.06,302.66,280.82,137.53,163.73,173.17,73.89,87.7
03-00647,396.22,351.82,446.06,374.81,473.14,434.66,82.11,96.1,86.57,72.82,71.88
03-00648,488.29,428.08,210.13,471.21,428.55,184.1,329.84,395.62,377.6,76.4,81.47
03-00649,459.16,240.22,99.04,400.77,242.2,168.24,335.37,328.5,333.57,27.96,23.24
03-00650,356.05,67.93,183.79,246.27,158.23,148.66,286.38,297.03,301.09,41.46,39.31
03-00651,456.11,104.33,397.99,527.33,76.22,458.45,96.59,106.33,110.0,41.27,36.12
03-00652,263.33,154.96,131.03,437.39,102.67,152.59,231.55,234.23,217.86,25.14,25.09
03-00653,141.38,433.68,260.29,218.69,430.03,330.15,414.11,421.85,452.44,74.88,85.44
03-00654,460.3,465.46,194.33,462.83,361.77,180.51,87.39,74.57,76.91,26.61,28.77
03-00655,210.57,492.44,74.56,343.12,348.65,129.68,233.17,262.42,240.04,47.73,51.63
03-00656,459.67,229.37,199.6,400.06,172.18,201.94,252.94,239.77,256.67,70.39,66.73
03-00657,123.09,347.43,225.37,73.67,395.78,258.14,320.58,259.8,249.38,47.93,40.83
03-00658,232.53,335.78,143.28,364.04,383.09,110.79,391.29,408.48,376.93,35.76,32.11
03-00659,237.55,298.92,431.85,219.73,430.19,438.51,276.46,234.78,255.18,71.83,80.55
03-00660,112.15,467.45,365.86,113.46,346.53,425.2,109.88,102.16,93.39,23.85,26.16
03-00661,381.1,119.74,239.11,296.19,202.02,291.19,121.82,141.41,128.94,28.39,33.15
03-00662,140.75,253.72,291.11,148.6,204.21,346.89,265.86,263.13,251.86,15.95,15.55
03-00663,132.56,417.2,277.84,124.7,418.12,356.68,83.95,82.84,80.93,78.57,90.32
03-00664,143.88,447.16,107.32,213.51,507.0,218.94,301.22,317.66,343.85,17.46,16.04
03-00665,311.97,130.28,131.62,351.8,67.75,160.14,416.43,375.81,339.89,65.15,60.65
03-00666,429.03,338.1,71.08,438.56,262.21,164.77,174.31,158.46,146.09,58.27,55.63
03-00667,407.53,290.0,282.21,529.78,294.58,178.5,89.91,76.13,79.42,70.54,79.26
03-00668,476.94,289.43,400.78,551.64,312.55,451.84,439.41,416.52,396.1,13.19,12.44
03-00669,310.84,204.63,423.7,293.38,233.96,504.57,294.03,323.97,336.93,46.16,44.45
03-00670,233.14,224.68,154.02,265.72,197.78,130.13,425.02,470.77,483.14,58.02,62.73
03-00671,113.48,244.31,158.37,66.13,382.51,164.2,370.2,312.21,333.94,73.38,70.73
03-00672,246.45,310.7,354.05,163.47,300.05,287.65,258.55,215.86,235.63,21.12,22.92
03-00673,120.93,127.79,490.96,94.8,223.45,510.09,184.4,162.93,176.59,28.77,31.6
03-00674,340.43,469.41,336.34,364.88,441.19,271.11,362.16,338.43,324.0,25.1,25.58
03-00675,178.19,172.64,203.56,283.61,156.29,268.86,212.74,207.6,215.88,50.46,58.39
03-00676,356.38,412.79,343.76,261.12,321.77,390.23,428.23,452.84,442.95,30.28,26.39
03-00677,491.12,258.23,179.67,441.94,233.0,165.63,206.13,192.75,210.31,33.43,37.76
03-00678,325.47,111.85,266.29,227.02,254.3,386.81,386.29,430.92,415.35,32.36,27.96
03-00679,364.01,175.0,426.8,484.29,253.89,440.74,241.49,254.12,243.47,75.88,63.86
03-00680,242.45,342.27,306.63,267.82,266.65,291.05,207.3,232.55,254.05,12.79,13.7
03-00681,354.91,73.88,459.41,340.3,82.9,582.66,195.65,195.34,191.25,36.18,30.56
03-00682,339.91,405.19,468.91,360.75,481.88,420.69,261.5,247.91,243.99,37.05,32.85
03-00683,338.74,357.57,304.52,536.78,333.45,328.67,89.4,104.42,99.07,11.5,9.96
03-00684,320.98,101.33,281.76,272.97,77.19,241.76,165.39,159.78,145.14,64.8,63.75
03-00685,249.3,153.45,138.32,164.96,153.43,188.16,93.54,110.09,107.28,20.39,19.11
03-00686,135.4,321.84,400.43,105.55,274.05,402.1,124.84,129.86,133.77,24.4,26.09
03-00687,192.04,81.49,316.23,263.39,134.26,336.64,181.15,187.0,187.1,29.28,31.5
03-00688,78.0,321.93,372.25,115.85,335.53,429.69,343.06,387.53,398.47,53.25,44.89
03-00689,88.43,104.0,335.5,116.49,59.35,334.45,345.0,307.0,336.42,39.52,39.73
03-00690,317.06,328.42,179.46,383.89,293.65,126.43,332.59,298.52,298.19,10.32,10.83
03-00691,153.67,385.97,478.07,207.7,406.55,367.67,312.31,308.04,309.19,73.62,84.65
03-00692,439.71,68.73,317.71,435.45,73.93,231.69,329.42,318.13,327.09,52.16,53.46
03-00693,174.92,301.06,374.25,184.38,320.14,440.86,94.55,101.06,95.77,76.38,63.48
03-00694,322.03,331.64,399.79,230.76,219.8,512.45,130.65,116.25,121.04,33.53,37.52
03-00695,258.5,343.24,447.01,316.34,335.52,380.53,304.54,326.56,302.29,24.97,29.3
03-00696,439.0,306.45,293.18,555.02,336.25,274.59,321.37,378.59,385.86,64.31,73.31
03-00697,226.88,350.65,311.46,179.64,384.08,355.24,427.43,394.69,398.92,72.4,74.02
03-00698,79.98,358.7,226.92,100.41,397.9,215.59,187.98,154.73,141.2,21.89,21.37
03-00699,425.31,445.6,123.67,437.76,375.51,192.27,202.72,215.24,203.23,50.48,58.35
03-00700,169.99,226.16,60.49,213.38,199.64,66.59,419.74,482.25,476.99,71.17,59.06
03-00701,439.76,470.13,372.78,434.71,451.32,428.19,208.27,243.47,247.73,68.39,68.52
03-00702,124.23,461.5,147.94,63.63,455.94,98.74,336.37,368.69,353.82,27.85,31.46
03-00703,435.34,71.98,418.56,373.35,77.04,420.28,315.86,351.62,369.92,25.5,23.23
03-00704,317.23,185.17,111.59,370.91,150.9,71.94,409.81,484.62,480.84,35.68,41.22
03-00705,330.2,412.71,168.86,134.2,402.28,219.17,265.08,224.25,208.77,35.76,39.07
03-00706,476.09,424.57,147.06,409.01,472.64,137.46,211.27,191.25,177.03,60.42,67.61
03-00707,78.13,408.72,362.85,108.76,362.21,438.32,97.18,87.69,93.51,58.55,67.44
03-00708,425.51,385.77,131.7,350.54,400.06,228.04,344.93,302.53,294.55,37.98,35.48
03-00709,342.2,403.9,305.39,388.45,408.6,367.92,111.22,99.99,91.28,23.88,26.08
03-00710,318.27,289.59,156.33,329.3,207.5,198.14,100.6,119.56,110.16,19.47,17.34
03-00711,128.14,179.14,481.91,80.65,145.16,559.96,290.34,257.55,231.91,75.52,65.25
03-00712,72.24,367.86,346.25,0.0,255.82,342.15,198.06,173.53,176.12,16.33,17.55
03-00713,380.86,445.77,196.76,332.17,528.7,204.26,446.58,510.86,468.42,56.2,45.84
03-00714,358.43,291.07,459.36,380.45,222.57,474.08,254.71,210.64,211.53,67.3,62.51
03-00715,412.32,274.76,141.83,440.96,219.27,119.97,165.36,134.83,121.58,32.99,28.85
03-00716,332.88,128.34,123.3,321.37,175.24,0.0,340.75,397.46,435.24,16.35,16.47
03-00717,425.19,202.39,380.0,357.97,163.45,480.28,138.96,136.6,127.29,73.43,67.76
03-00718,465.93,106.18,336.1,416.24,33.24,369.86,135.86,154.41,166.94,25.15,28.97
03-00719,390.37,348.59,223.52,391.75,349.29,294.87,249.61,288.81,261.41,71.06,74.21
03-00720,79.58,391.17,220.03,37.68,393.38,179.82,432.27,408.03,426.33,49.03,57.05
03-00721,176.13,182.95,453.24,113.49,157.41,546.27,188.92,216.41,223.41,73.1,79.27
03-00722,172.62,325.66,259.76,121.55,296.39,217.92,190.07,172.97,185.38,60.19,49.17
03-00723,423.57,116.93,285.27,521.77,42.05,339.21,346.66,388.32,421.49,19.6,23.19
03-00724,203.15,327.52,499.55,176.98,381.44,475.49,310.06,300.59,276.68,20.11,17.05
03-00725,391.95,456.72,333.38,441.71,353.15,361.39,299.74,259.26,238.0,66.64,55.76
03-00726,90.43,243.62,117.35,0.0,194.58,102.0,92.92,75.58,76.27,78.47,78.74
03-00727,294.91,129.83,147.0,315.43,135.97,194.2,369.98,348.66,366.29,69.15,56.09
03-00728,419.61,449.64,250.58,396.05,371.85,127.29,438.63,512.11,503.14,58.08,64.03
03-00729,349.1,98.95,320.18,327.95,41.93,366.85,215.99,204.46,204.84,54.78,65.22
03-00730,403.18,409.51,476.27,312.57,391.77,457.3,155.68,185.86,189.25,61.57,50.52
03-00731,210.67,295.18,418.74,133.49,414.67,441.93,423.97,456.75,439.5,78.43,69.65
03-00732,459.26,255.69,108.96,426.99,235.23,13.6,147.41,139.67,139.48,12.27,11.95
03-00733,318.29,270.66,385.4,359.44,292.37,447.01,409.0,382.4,347.82,73.79,75.31
03-00734,419.94,82.68,223.79,448.96,71.12,209.82,212.86,243.65,226.03,15.51,16.69
03-00735,231.36,116.95,233.0,327.2,139.81,201.54,208.27,244.15,253.65,48.89,45.8
03-00736,328.31,279.13,212.98,359.45,208.23,308.34,80.13,83.83,89.99,14.63,15.37
03-00737,93.25,354.56,437.35,159.71,343.72,431.88,396.3,356.33,348.64,49.87,40.86
03-00738,419.64,309.15,96.27,463.26,275.41,0.0,134.8,155.27,149.26,12.72,15.02
03-00739,294.73,388.47,419.7,305.96,283.12,403.14,94.38,100.07,102.84,31.15,34.21
03-00740,220.46,149.13,250.15,188.85,94.75,288.26,133.2,112.37,122.82,55.4,61.44
03-00741,372.32,334.53,331.97,407.05,346.65,324.58,185.04,154.91,153.13,36.44,40.37
03-00742,379.96,309.13,338.22,323.08,317.21,359.59,334.04,267.97,294.75,56.71,50.52
03-00743,236.93,221.93,418.12,281.39,230.66,292.07,273.3,263.66,248.0,68.22,56.36
03-00744,351.43,261.54,176.34,349.31,317.24,110.99,195.6,173.89,189.93,58.3,54.68
03-00745,418.89,453.86,222.32,467.19,624.56,248.69,341.02,341.94,364.22,41.85,49.57
03-00746,95.86,148.38,294.64,87.04,183.83,433.7,368.37,422.27,394.61,37.11,43.67
03-00747,134.01,213.71,300.2,55.63,213.32,291.16,414.8,428.25,461.1,77.58,78.08
03-00748,165.27,109.41,284.71,89.84,151.08,246.95,236.69,228.09,215.8,58.79,52.96
03-00749,332.97,267.79,155.85,280.38,252.21,172.73,350.65,362.4,369.91,70.51,61.11
03-00750,159.14,154.67,181.13,191.49,130.0,124.98,389.25,406.51,445.36,57.18,61.92
03-00751,365.54,87.91,178.78,291.44,57.78,112.65,374.32,324.82,323.87,54.04,59.55
03-00752,196.18,273.02,402.82,129.09,246.68,406.51,446.45,530.86,571.43,34.24,30.77
03-00753,163.23,498.96,397.22,106.02,551.66,520.45,380.07,329.84,352.58,44.29,51.35
03-00754,82.49,405.2,127.84,115.67,357.86,106.97,441.47,456.06,438.59,34.58,31.87
03-00755,333.56,460.28,204.1,280.1,472.59,216.94,399.52,434.48,470.77,15.99,13.43
03-00756,484.23,154.48,108.79,515.29,29.43,95.51,363.11,358.81,366.94,26.05,21.22
03-00757,243.01,331.49,221.6,229.96,405.87,232.65,247.8,229.72,243.24,51.57,58.62
03-00758,465.82,158.46,91.55,403.53,316.0,47.37,409.38,431.03,423.38,71.86,79.59
03-00759,203.3,76.0,91.05,109.07,92.59,119.76,186.43,196.0,195.49,42.38,42.19
03-00760,498.27,372.69,434.48,468.92,448.53,501.98,125.88,113.07,123.06,63.76,51.41
03-00761,339.04,451.85,107.31,334.21,466.85,127.31,316.51,262.71,260.55,55.26,46.57
03-00762,73.21,106.01,395.65,150.7,140.84,331.56,269.79,273.49,252.2,74.95,87.75
03-00763,106.93,259.85,327.25,133.72,234.56,357.43,286.03,253.75,263.22,41.81,33.61
03-00764,85.83,230.77,314.25,0.0,208.14,478.37,245.86,203.63,213.71,49.8,55.73
03-00765,164.14,412.32,118.6,243.3,371.81,78.55,432.27,409.1,392.83,52.03,45.93
03-00766,217.95,342.73,186.86,293.96,397.06,133.06,252.77,218.84,203.15,36.48,34.4
03-00767,239.71,92.44,193.06,329.61,184.67,165.26,351.8,416.62,410.18,57.36,51.06
03-00768,487.21,263.81,194.21,571.37,284.44,223.0,361.98,409.24,419.07,36.3,36.31
03-00769,448.67,325.21,209.2,536.68,390.34,295.87,414.12,420.86,386.9,34.4,32.7
03-00770,137.79,431.71,366.77,221.8,690.71,293.79,324.42,321.87,329.72,55.64,65.06
03-00771,289.23,111.3,279.59,330.7,79.68,273.62,219.35,261.82,283.34,35.5,42.43
03-00772,493.65,70.63,336.42,587.33,103.51,404.04,414.37,495.59,482.6,35.06,31.99
03-00773,200.99,428.48,450.12,243.4,463.86,417.95,295.99,257.22,256.81,74.08,74.13
03-00774,314.46,114.9,254.76,379.01,121.24,293.83,313.97,349.65,346.64,29.05,33.85
03-00775,454.27,412.19,248.21,497.13,430.87,252.46,196.14,197.36,206.36,54.9,49.78
03-00776,219.75,214.44,228.05,121.83,187.83,254.47,108.95,88.11,95.18,73.4,68.95
03-00777,348.16,184.54,212.94,185.23,228.35,338.01,408.77,383.75,416.05,61.86,67.56
03-00778,459.43,259.72,373.67,399.39,353.36,405.1,254.21,219.78,216.55,60.81,56.32
03-00779,446.36,432.54,102.4,432.38,428.45,130.76,198.51,162.26,170.98,17.89,19.92
03-00780,299.27,401.78,268.68,257.23,415.36,208.44,202.64,224.46,212.81,10.64,11.71
03-00781,498.09,213.52,372.32,522.07,227.95,307.24,89.83,99.43,108.38,40.3,47.23
03-00782,95.37,410.98,493.47,17.63,367.33,564.64,211.87,231.0,248.44,52.07,60.76
03-00783,217.99,149.97,292.3,193.71,190.96,325.48,294.48,266.4,275.91,26.67,22.28
03-00784,249.95,441.62,296.02,127.82,421.18,309.36,298.07,334.21,364.17,35.69,29.86
03-00785,64.69,383.9,449.6,201.82,513.01,347.18,308.83,368.67,338.9,52.34,45.08
03-00786,86.05,198.7,406.75,31.14,321.93,509.19,272.25,303.74,302.47,55.97,62.0
03-00787,456.16,237.37,252.66,557.33,264.56,190.24,247.93,215.69,197.86,12.46,14.93
03-00788,169.26,247.13,288.24,83.46,310.12,342.6,428.82,450.3,440.26,71.21,84.37
03-00789,238.85,284.86,314.67,204.1,361.61,336.91,330.98,322.41,319.27,73.12,68.48
03-00790,262.9,82.65,367.26,290.6,106.85,308.77,93.34,81.58,75.91,18.99,16.2
03-00791,497.8,421.94,402.38,552.88,456.8,377.4,391.67,367.37,361.05,31.9,30.14
03-00792,446.23,254.39,183.4,449.9,216.13,347.08,143.67,164.65,157.51,22.28,25.5
03-00793,418.08,87.77,95.61,463.45,72.13,171.03,407.09,406.01,380.57,74.89,74.71
03-00794,96.45,131.12,381.5,113.3,54.08,206.4,129.11,147.4,150.71,24.64,20.8
03-00795,321.71,88.53,384.62,336.78,115.16,363.88,400.41,366.71,370.07,53.92,59.57
03-00796,80.86,336.16,438.25,7.14,338.14,381.53,229.23,241.05,221.6,40.63,33.46
03-00797,427.26,80.67,244.42,363.5,110.31,214.62,342.71,327.39,308.18,56.26,59.46
03-00798,363.01,71.06,407.25,432.38,124.91,413.66,418.77,464.16,505.11,75.11,75.49
03-00799,137.67,363.76,374.86,163.03,373.34,308.93,324.3,358.28,326.46,53.4,46.91
03-00800,450.63,490.34,239.58,442.89,536.36,263.77,124.92,111.83,117.1,66.27,59.42
03-00801,74.25,345.84,178.06,69.14,409.34,276.62,171.97,184.85,179.14,30.89,27.71
03-00802,428.72,363.03,138.48,371.01,357.53,134.62,417.3,459.64,498.63,32.33,35.45
03-00803,306.95,419.49,326.59,413.7,513.72,300.51,340.71,321.05,301.18,19.64,21.15
03-00804,159.94,360.52,66.89,135.23,399.79,68.47,297.58,287.99,284.36,52.39,58.99
03-00805,117.56,102.05,298.22,167.86,183.17,354.74,306.5,293.98,313.07,41.58,40.42
03-00806,201.46,151.31,396.62,167.31,99.82,435.25,434.47,394.67,403.53,41.78,41.44
03-00807,491.44,64.33,177.29,394.08,82.06,241.12,359.21,373.92,365.71,78.17,73.62
03-00808,139.14,382.9,385.74,131.03,470.96,395.57,269.3,246.14,269.36,53.91,45.98
03-00809,210.98,234.08,480.11,239.64,191.16,548.94,210.42,222.33,225.17,33.61,33.55
03-00810,192.35,206.46,220.72,210.15,155.79,153.55,88.66,97.2,106.18,16.31,13.75
03-00811,77.3,462.68,458.86,93.57,524.55,527.74,82.02,86.88,93.55,21.62,25.53
03-00812,484.16,179.21,423.56,495.01,238.03,423.25,157.46,149.01,134.44,13.98,14.67
03-00813,138.89,245.66,319.03,183.45,273.06,323.97,117.28,119.02,120.63,70.99,73.44
03-00814,154.34,136.51,250.33,207.02,215.21,178.11,307.57,324.12,293.41,44.89,36.86
03-00815,311.99,336.57,234.12,232.54,348.6,67.98,317.68,352.7,358.3,42.91,45.78
03-00816,479.29,155.13,188.6,561.2,16.57,149.71,430.78,464.05,470.01,21.68,18.65
03-00817,197.49,308.42,236.41,232.98,244.04,190.46,211.93,186.29,170.0,26.05,27.81
03-00818,427.54,423.74,453.49,496.46,364.24,520.61,245.13,286.26,279.94,66.63,73.92
03-00819,474.44,80.05,490.9,448.53,0.0,533.94,394.88,356.68,361.29,51.17,59.76
03-00820,393.81,87.56,283.63,332.68,92.92,315.31,294.83,262.72,280.09,23.01,21.73
03-00821,81.39,133.29,335.13,109.79,175.34,307.32,358.91,309.25,299.76,46.25,46.71
03-00822,436.29,68.33,485.34,454.89,77.29,378.72,173.66,185.57,199.84,61.51,68.55
03-00823,480.78,272.45,475.6,440.81,278.49,462.12,117.74,131.93,125.19,65.74,69.78
03-00824,162.6,115.81,392.62,168.86,59.71,337.76,401.21,422.99,380.97,51.73,54.14
03-00825,186.73,413.98,147.14,144.95,471.69,128.86,84.83,83.67,87.24,23.89,20.03
03-00826,107.39,211.4,109.42,182.17,116.76,207.48,307.91,319.73,296.06,38.45,32.19
03-00827,416.54,322.75,382.89,360.31,265.54,437.64,330.42,314.0,314.18,11.21,12.17
03-00828,104.57,262.36,257.18,130.75,215.01,312.1,152.51,179.89,171.01,48.0,38.88
03-00829,468.51,351.31,106.37,512.5,411.03,116.67,396.03,425.55,392.3,69.46,75.25
03-00830,111.39,494.31,301.34,41.33,417.03,274.37,448.55,482.88,443.47,72.51,70.44
03-00831,431.98,304.57,465.37,363.98,186.78,458.7,192.81,224.98,237.54,40.51,36.79
03-00832,345.81,417.47,314.56,478.6,476.91,317.16,301.78,278.82,288.41,78.61,74.83
03-00833,164.0,198.22,158.47,207.52,291.04,257.65,119.46,104.32,107.96,47.18,51.01
03-00834,249.24,179.91,347.1,209.8,139.21,342.27,404.51,396.11,386.11,31.73,36.09
03-00835,258.24,473.31,367.35,277.49,486.52,400.15,109.77,91.01,97.36,72.77,59.66
03-00836,245.04,152.76,480.8,154.68,207.91,363.83,135.75,118.69,121.44,73.01,66.21
03-00837,443.14,184.47,476.35,404.83,134.51,442.23,261.84,228.83,242.04,71.71,83.31
03-00838,207.17,197.9,130.51,147.54,143.5,160.1,399.24,459.35,459.09,45.48,39.19
03-00839,197.14,378.33,416.22,39.85,399.22,500.09,408.14,458.13,425.17,30.95,33.51
03-00840,436.74,145.5,175.33,391.2,187.44,186.06,377.29,366.76,386.48,65.25,61.88
03-00841,198.92,276.37,195.4,213.76,189.71,285.57,188.2,163.63,162.87,36.18,36.47
03-00842,349.78,471.6,492.67,384.05,458.68,510.29,130.02,150.96,150.65,61.84,70.46
03-00843,451.98,281.05,418.59,629.3,231.1,458.76,388.2,409.66,413.55,21.31,18.89
03-00844,165.01,203.71,83.67,150.15,183.16,225.3,298.84,239.13,226.17,70.17,62.67
03-00845,94.85,494.62,189.95,153.64,470.11,243.83,122.07,131.85,135.5,45.51,38.23
03-00846,144.52,422.91,302.55,209.59,458.16,277.57,431.64,423.66,389.62,61.14,61.38
03-00847,138.46,162.28,208.38,60.8,133.36,347.69,148.49,157.92,171.77,19.53,21.02
03-00848,313.26,329.87,212.31,328.65,335.03,213.39,256.27,212.9,215.83,76.49,76.74
03-00849,148.33,348.12,78.13,99.63,274.79,100.19,151.67,153.17,142.83,28.41,30.38
03-00850,174.36,309.14,139.32,88.06,296.82,200.28,187.64,176.13,160.24,48.57,42.1
03-00851,214.04,81.9,422.31,159.77,115.36,342.38,416.37,486.55,465.79,27.98,28.52
03-00852,283.69,106.28,338.68,251.75,132.93,429.98,416.81,424.9,423.61,21.54,24.53
03-00853,198.16,497.63,446.21,176.14,519.2,483.82,123.09,126.51,128.31,63.95,61.66
03-00854,198.7,164.46,387.94,170.16,170.13,382.33,165.61,169.52,163.27,56.9,58.87
03-00855,261.95,495.3,295.98,307.11,449.72,252.81,364.8,308.27,335.14,78.16,65.54
03-00856,122.76,292.9,359.17,143.54,423.75,302.13,193.09,207.1,209.29,40.44,34.54
03-00857,215.53,60.22,128.44,195.75,59.14,124.91,273.49,314.76,322.63,27.4,26.38
03-00858,106.81,65.8,418.61,98.43,78.46,379.43,98.19,84.91,83.92,37.23,35.78
03-00859,456.59,125.92,324.39,442.11,69.01,329.43,231.94,214.26,235.15,26.16,26.12
03-00860,470.41,206.07,273.35,531.15,145.97,400.35,281.7,320.28,318.79,39.63,38.31
03-00861,168.24,437.38,496.1,190.88,417.71,403.67,157.6,151.05,164.1,37.96,41.89
03-00862,377.33,133.02,75.98,383.2,72.59,0.0,258.08,243.98,263.06,75.77,60.71
03-00863,106.72,418.14,262.56,188.98,377.88,290.56,120.78,129.74,139.62,34.01,38.3
03-00864,447.74,494.91,200.61,478.13,483.37,209.69,345.31,350.7,375.41,54.56,44.9
03-00865,309.32,206.01,498.6,362.59,165.87,456.6,424.96,497.66,533.82,15.62,12.97
03-00866,373.6,188.18,388.85,465.12,167.41,331.75,88.98,97.26,98.37,27.17,23.72
03-00867,167.06,346.53,499.95,195.34,386.9,549.88,426.83,413.86,409.7,32.08,36.91
03-00868,304.95,91.15,318.76,250.76,77.19,356.1,176.41,179.05,187.35,30.92,33.82
03-00869,455.69,139.3,87.0,410.59,170.18,73.06,315.43,368.68,395.05,48.41,50.37
03-00870,247.98,490.0,132.2,310.21,458.95,237.71,182.81,152.45,150.47,48.8,47.37
03-00871,99.55,417.37,350.06,54.2,514.38,356.02,318.78,329.87,311.49,27.58,22.23
03-00872,311.95,412.11,297.75,314.87,354.02,155.71,440.13,357.02,361.58,25.76,28.91
03-00873,115.67,229.79,270.39,159.08,162.52,363.97,317.69,311.57,314.26,69.27,63.3
03-00874,348.11,125.1,296.73,356.92,46.88,331.83,189.75,186.49,197.09,24.53,28.73
03-00875,404.4,165.33,351.31,483.26,180.19,291.07,361.46,382.81,365.91,48.78,42.25
03-00876,360.17,399.77,359.54,342.65,356.54,423.18,363.46,317.26,311.26,35.65,31.63
03-00877,186.74,418.96,308.35,157.61,445.96,376.37,227.7,197.23,190.78,28.61,34.14
03-00878,421.39,92.64,142.45,528.85,167.95,185.22,281.64,295.52,301.73,73.22,69.92
03-00879,405.91,208.87,100.33,369.15,161.8,98.15,360.32,290.08,308.77,73.74,79.36
03-00880,470.43,207.74,83.38,526.8,180.46,134.38,111.33,130.51,126.86,51.13,60.85
03-00881,453.67,236.16,498.11,447.98,176.63,414.85,366.28,310.79,319.89,23.33,23.09
03-00882,309.84,163.97,148.7,354.92,67.51,172.83,404.41,349.45,381.22,37.59,43.57
03-00883,365.17,66.91,381.59,393.4,112.67,357.27,317.2,255.81,233.53,22.08,17.78
03-00884,383.58,352.9,408.99,304.82,348.03,395.55,128.49,108.58,114.14,39.4,39.9
03-00885,199.31,467.97,260.52,193.83,475.42,195.85,112.09,97.52,106.98,30.74,28.95
03-00886,187.66,453.56,488.58,222.17,455.84,525.88,274.86,316.47,340.16,40.77,44.88
03-00887,132.35,430.8,68.67,41.89,443.17,131.51,396.77,453.66,494.64,26.31,23.3
03-00888,198.85,109.44,90.78,132.52,87.1,5.21,181.07,145.91,134.75,77.67,85.52
03-00889,320.24,171.95,127.93,341.66,129.92,160.32,230.63,269.78,256.57,40.5,37.1
03-00890,269.14,137.46,464.24,268.02,65.57,447.32,428.2,392.06,407.06,76.19,87.84
03-00891,125.71,249.8,424.82,158.3,237.04,450.24,145.17,146.5,150.06,59.45,69.11
03-00892,257.03,263.78,357.42,343.95,286.94,263.86,370.58,422.99,411.3,28.1,26.86
03-00893,67.58,101.74,392.83,114.69,101.97,440.7,175.75,148.29,160.52,28.16,23.51
03-00894,224.58,61.51,446.36,223.07,200.2,457.08,125.22,136.91,131.51,56.87,51.56
03-00895,105.18,293.42,283.13,123.22,226.09,339.23,174.68,170.67,167.99,29.58,29.32
03-00896,242.63,310.11,108.4,240.53,290.29,99.67,125.12,144.87,151.86,35.13,37.51
03-00897,342.81,65.36,227.58,259.12,24.34,212.13,101.53,96.6,97.39,27.65,24.52
03-00898,423.74,256.14,200.14,356.62,280.45,192.61,144.87,169.97,166.16,69.4,69.75
03-00899,499.81,196.91,436.61,542.33,222.45,444.08,234.46,265.19,239.9,46.24,42.04
03-00900,398.59,86.14,157.8,307.23,107.23,255.06,429.52,418.94,395.46,30.93,28.8
03-00901,345.47,459.0,456.64,250.98,463.97,373.36,282.46,240.79,242.53,31.44,27.65
03-00902,126.24,216.92,373.55,71.83,185.3,432.3,420.98,411.76,404.29,14.46,12.16
03-00903,350.83,478.11,102.06,433.58,522.35,96.47,381.75,406.06,383.17,51.55,45.49
03-00904,454.89,341.87,150.9,450.85,368.65,123.03,174.33,175.24,187.15,18.46,21.85
03-00905,332.36,174.12,418.57,350.38,140.09,521.68,438.78,487.91,499.19,49.28,51.72
03-00906,413.14,276.74,343.27,406.15,152.02,274.64,230.94,229.51,234.79,78.82,77.63
03-00907,255.82,326.34,463.91,241.71,280.43,481.9,202.95,171.14,177.61,76.43,86.96
03-00908,126.56,92.53,135.29,43.98,98.4,132.96,222.74,207.75,227.86,61.75,59.95
03-00909,162.69,148.03,168.07,220.2,131.15,172.22,112.72,106.17,114.14,62.73,59.92
03-00910,238.08,371.25,479.39,202.76,365.56,509.47,149.03,166.17,168.39,72.52,75.36
03-00911,256.3,396.48,176.08,224.03,525.98,236.49,340.4,363.29,363.83,25.62,29.29
03-00912,344.71,355.36,239.43,313.59,373.77,240.04,277.74,287.76,271.94,48.87,40.8
03-00913,88.56,375.89,283.36,98.88,321.7,235.23,393.29,431.58,453.68,64.5,60.75
03-00914,469.42,215.02,120.54,496.9,204.32,181.17,141.51,138.2,132.95,20.85,17.89
03-00915,339.62,272.55,111.46,375.48,290.15,205.58,216.34,210.43,215.4,28.54,25.08
03-00916,273.01,373.06,381.63,324.07,208.72,375.25,310.78,353.43,366.56,50.23,42.33
03-00917,489.77,492.15,292.94,514.29,476.97,335.88,303.43,342.65,339.74,25.27,23.54
03-00918,274.45,382.76,436.91,375.81,377.72,443.07,274.15,251.11,269.78,20.17,22.95
03-00919,182.91,199.61,219.21,202.92,154.46,252.35,94.14,83.29,90.69,56.04,46.73
03-00920,249.82,432.98,80.84,245.79,535.5,36.14,377.77,313.14,325.74,76.96,90.51
03-00921,117.76,78.18,197.03,0.0,0.0,186.29,322.81,280.67,260.68,38.36,31.93
03-00922,421.94,245.99,140.42,410.67,220.32,95.53,123.67,121.0,131.14,13.88,12.72
03-00923,154.7,255.51,369.56,130.68,185.7,502.27,267.59,282.78,291.54,24.75,21.01
03-00924,253.26,222.18,326.44,295.11,162.15,328.68,203.5,209.51,213.48,14.17,13.29
03-00925,83.02,434.4,262.28,17.36,396.0,245.86,80.72,64.58,58.69,39.51,39.0
03-00926,301.75,293.44,265.51,263.69,165.61,257.31,303.65,297.15,279.48,65.05,56.73
03-00927,354.77,198.65,153.6,233.8,232.76,114.71,222.11,249.54,236.42,37.9,37.41
03-00928,165.32,271.97,448.23,268.24,257.13,518.49,417.3,360.31,389.0,70.05,81.48
03-00929,156.42,80.32,499.23,152.11,48.82,576.99,332.79,340.57,309.24,14.45,15.3
03-00930,72.0,313.67,452.6,125.66,264.8,482.18,311.24,256.32,267.99,63.03,74.11
03-00931,297.77,244.68,399.58,376.51,270.31,485.14,345.37,296.69,304.87,27.51,22.82
03-00932,370.68,256.92,292.53,367.46,202.18,336.71,267.44,318.05,300.74,25.78,26.31
03-00933,267.92,185.26,146.84,224.72,157.1,199.65,166.27,159.6,174.96,33.64,27.96
03-00934,402.6,197.46,155.64,473.66,180.25,117.54,325.81,266.03,269.17,65.23,53.95
03-00935,166.89,447.17,271.48,290.27,462.88,287.04,278.85,318.14,314.17,60.04,50.41
03-00936,315.29,117.73,418.83,333.2,54.18,390.41,146.89,144.12,155.01,14.74,13.29
03-00937,267.32,175.31,405.67,206.75,282.47,379.59,100.66,104.87,109.22,75.55,76.96
03-00938,123.78,193.88,459.51,79.88,214.72,457.64,111.57,121.26,119.66,42.56,50.64
03-00939,99.56,290.1,216.2,169.07,278.76,92.67,267.84,317.7,324.69,29.97,33.61
03-00940,314.08,118.53,195.26,351.68,190.22,226.83,111.24,120.79,121.73,19.66,21.09
03-00941,165.97,68.86,162.7,278.7,0.0,109.94,416.15,384.74,380.71,56.52,54.84
03-00942,237.83,428.97,342.78,197.2,483.17,266.85,423.92,415.93,404.55,25.17,26.76
03-00943,416.43,107.63,305.19,431.31,42.61,367.79,254.78,234.46,224.54,36.83,35.21
03-00944,338.82,329.36,307.01,352.8,395.8,279.51,412.22,399.21,367.25,39.37,46.55
03-00945,323.38,172.22,394.01,311.06,217.15,388.57,157.96,173.0,179.91,21.84,24.14
03-00946,250.75,69.74,222.2,145.07,16.92,270.34,134.78,144.32,143.11,62.17,54.56
03-00947,408.55,259.24,320.14,424.34,325.34,302.01,183.56,154.92,142.27,24.21,28.91
03-00948,370.47,250.8,219.2,320.31,288.74,170.79,363.42,367.47,339.41,19.18,19.75
03-00949,96.18,228.91,259.41,137.06,271.35,146.36,102.55,120.01,129.06,55.45,47.4
03-00950,374.22,106.86,147.74,467.37,94.03,246.41,152.72,134.47,123.16,37.17,42.31
03-00951,390.55,469.13,234.21,257.28,538.17,277.66,429.77,438.19,461.65,68.5,73.51
03-00952,94.36,379.06,368.66,97.36,337.61,332.35,435.36,377.47,403.8,68.39,67.01
03-00953,114.72,191.66,128.54,142.78,204.16,119.72,447.59,504.9,488.65,60.11,64.73
03-00954,297.14,225.85,377.88,171.4,200.08,419.72,231.09,248.76,227.93,23.1,21.31
03-00955,220.63,391.1,425.43,208.7,407.99,379.67,395.79,349.39,328.81,21.46,25.11
03-00956,364.13,267.08,356.07,279.64,252.85,334.54,182.4,216.13,211.79,65.83,60.35
03-00957,63.14,368.17,479.65,98.22,401.98,465.81,222.08,198.79,211.0,39.51,35.11
03-00958,78.97,489.4,121.99,0.0,616.11,158.45,178.36,170.78,166.71,15.98,16.41
03-00959,73.02,356.98,407.3,138.55,272.24,389.25,214.17,182.23,198.0,77.85,76.14
03-00960,421.4,228.06,313.98,535.2,185.45,352.23,301.93,361.75,364.99,15.57,15.43
03-00961,434.62,271.76,227.15,482.01,358.83,185.44,402.6,364.64,346.13,70.97,71.04
03-00962,272.58,78.69,264.96,312.41,46.15,260.71,286.88,262.19,283.74,59.85,52.71
03-00963,108.17,238.61,255.21,107.03,184.5,291.2,159.12,185.92,203.85,73.37,69.85
03-00964,207.32,383.68,241.15,211.05,340.33,248.95,393.06,356.71,323.65,59.25,52.39
03-00965,360.4,227.99,214.83,315.7,405.34,107.93,123.18,136.43,149.23,61.0,66.2
03-00966,215.92,455.93,175.43,242.02,318.11,80.81,232.55,220.19,221.46,63.19,71.64
03-00967,402.71,295.72,221.42,389.6,264.46,257.04,441.31,383.32,348.02,31.23,30.14
03-00968,203.88,440.39,195.36,270.89,495.31,220.21,310.14,252.15,247.58,18.93,21.42
03-00969,420.45,137.13,76.81,383.09,141.32,171.8,415.67,350.48,339.66,42.01,40.5
03-00970,64.72,462.29,93.48,6.8,466.05,55.19,335.13,310.83,306.64,44.34,37.49
03-00971,159.78,460.31,272.46,161.59,564.95,254.11,341.39,405.32,410.86,21.62,22.5
03-00972,60.77,282.02,175.18,57.94,360.76,202.74,337.79,368.47,368.24,25.58,21.11
03-00973,473.41,451.5,472.71,357.15,348.56,363.0,324.53,277.48,274.56,58.47,55.97
03-00974,189.44,209.09,245.37,198.39,225.11,210.56,331.92,302.86,299.55,15.15,15.03
03-00975,394.04,495.93,136.41,496.82,485.69,159.24,394.48,339.33,367.19,10.35,8.85
03-00976,60.22,407.97,267.77,0.0,377.77,278.21,172.66,154.67,164.82,40.7,36.05
03-00977,169.96,266.3,413.9,128.82,336.34,361.0,343.59,374.18,403.13,14.15,14.83
03-00978,127.07,91.89,126.16,130.8,79.2,38.3,299.82,285.98,294.83,58.25,55.82
03-00979,418.08,176.03,294.93,391.03,174.05,357.83,273.97,229.79,215.35,30.56,28.61
03-00980,131.87,328.27,92.03,128.82,349.92,181.77,437.97,442.3,461.61,16.16,15.11
03-00981,413.3,119.66,299.47,393.86,114.85,383.25,109.99,93.84,99.06,13.82,14.79
03-00982,388.09,277.66,94.0,329.02,216.19,62.65,88.57,72.37,65.35,17.61,17.16
03-00983,459.1,224.31,177.65,405.63,203.35,221.01,84.41,88.73,96.76,38.61,38.99
03-00984,287.15,199.74,290.18,433.7,129.65,253.62,175.15,162.18,156.22,39.42,46.7
03-00985,133.43,137.57,167.28,80.12,225.97,124.22,104.06,84.83,81.49,70.58,74.45
03-00986,358.74,234.55,191.34,317.37,285.67,321.84,247.78,198.78,194.38,14.16,14.96
03-00987,117.3,222.35,256.71,0.0,234.71,239.31,150.65,134.45,141.71,38.44,44.31
03-00988,174.93,344.85,76.07,276.09,258.48,129.01,163.72,186.69,178.34,37.62,43.17
03-00989,302.56,471.01,231.08,238.25,601.48,144.53,401.45,367.39,341.8,11.94,11.43
03-00990,433.94,374.29,74.95,473.68,408.02,90.69,294.27,337.47,365.75,20.91,20.49
03-00991,122.13,68.68,171.72,145.95,46.79,53.99,144.18,142.83,145.5,26.08,31.26
03-00992,325.88,432.69,447.55,256.59,550.3,513.88,244.53,231.03,237.34,35.33,41.71
03-00993,452.89,144.78,117.21,409.99,132.65,43.83,139.47,153.72,151.74,26.0,21.12
03-00994,233.74,98.66,344.4,170.94,180.57,314.68,233.07,191.51,208.63,47.15,56.25
03-00995,350.94,285.64,113.11,386.89,360.58,80.71,127.17,118.87,112.68,41.16,44.57
03-00996,197.16,351.86,332.43,200.92,316.02,380.13,263.98,315.95,294.47,47.61,50.54
03-00997,298.92,250.44,84.24,278.05,212.06,48.44,197.56,197.27,213.35,66.14,59.11
03-00998,286.2,212.13,334.04,251.19,153.61,390.71,167.15,200.19,209.63,10.3,8.97
03-00999,235.88,474.67,76.94,284.77,323.33,159.18,389.01,425.44,400.2,35.06,30.04
03-01000,172.79,76.89,225.23,154.59,121.27,230.91,268.5,319.36,337.96,15.49,18.18
03-01001,239.3,428.86,169.09,345.62,380.95,197.1,269.34,309.45,299.09,40.89,35.1
03-01002,189.63,62.64,318.17,181.13,95.91,321.74,243.08,206.85,220.9,58.58,57.88
03-01003,73.65,227.54,432.3,86.08,110.79,432.16,126.03,118.04,123.82,50.15,58.01
03-01004,467.83,220.92,216.54,524.65,162.09,97.06,161.94,152.7,153.48,80.0,75.12
03-01005,290.99,251.51,137.74,353.91,289.88,217.29,377.07,391.7,428.46,61.02,56.86
03-01006,176.37,419.86,88.11,203.55,444.65,74.46,376.19,319.3,316.79,63.11,50.86
03-01007,184.72,85.66,154.62,181.47,87.48,101.51,361.96,373.86,364.72,58.56,48.57
03-01008,255.71,411.46,192.98,174.03,408.55,136.18,385.29,312.97,295.29,51.94,54.35
03-01009,397.95,267.42,484.09,509.9,226.45,525.92,144.12,154.64,169.71,63.0,54.45
03-01010,154.56,469.34,374.88,148.12,471.41,361.27,346.18,299.89,291.07,22.12,25.89
03-01011,280.49,486.96,472.43,207.43,451.86,493.88,410.89,405.85,410.23,43.36,42.35
03-01012,94.46,279.92,436.21,126.63,341.41,484.92,329.1,376.19,407.62,69.39,56.6
03-01013,150.88,128.4,496.68,221.44,210.98,575.07,80.98,67.88,61.17,34.02,30.92
03-01014,372.23,402.46,435.5,327.0,458.33,462.93,94.93,108.95,111.83,45.57,40.45
03-01015,295.49,285.44,370.1,279.77,299.01,324.61,233.76,208.28,218.96,31.98,30.92
03-01016,329.02,93.56,248.87,316.9,120.04,284.76,312.46,294.98,268.98,65.02,66.87
03-01017,210.55,464.35,411.22,237.28,433.49,570.34,200.72,179.58,172.01,10.97,10.75
03-01018,348.77,365.32,353.47,329.44,311.13,323.23,83.83,92.46,101.05,36.15,30.97
03-01019,268.69,266.39,360.67,292.97,320.06,402.25,443.22,465.39,491.66,68.53,66.31
03-01020,111.76,430.38,242.86,113.04,403.87,218.02,209.94,208.16,216.7,11.63,10.69
03-01021,437.42,388.58,154.19,456.16,389.09,77.54,400.83,475.12,457.63,17.88,14.92
03-01022,447.97,147.19,287.93,361.51,168.35,199.11,334.37,398.58,422.39,41.11,39.97
03-01023,147.56,66.35,310.54,171.84,42.02,237.39,342.5,331.88,338.89,47.34,49.16
03-01024,314.05,351.08,94.95,299.18,263.12,0.0,357.45,381.73,403.01,30.78,31.74
03-01025,206.68,448.0,449.67,296.2,504.13,425.84,346.92,371.75,359.11,65.05,64.63
03-01026,323.46,435.83,431.11,258.71,374.34,497.04,275.36,223.29,219.57,65.81,75.04
03-01027,232.36,149.5,166.88,182.73,163.38,153.01,420.08,478.27,472.79,51.07,49.17
03-01028,315.57,402.18,474.95,272.09,480.63,502.72,296.36,297.2,312.64,49.2,53.12
03-01029,453.99,234.02,497.22,442.86,309.38,521.61,329.04,298.72,305.98,58.56,48.06
03-01030,164.56,300.53,213.53,250.09,348.18,133.75,324.72,272.95,262.1,15.52,16.24
03-01031,323.08,493.5,300.46,346.31,520.27,423.19,122.93,141.65,150.82,77.77,92.31
03-01032,374.01,174.54,336.5,374.39,281.03,356.53,112.91,117.14,112.13,10.17,8.26
03-01033,331.91,267.97,345.16,411.71,296.91,360.05,83.56,86.81,81.55,14.46,15.75
03-01034,384.66,172.37,392.16,321.45,209.21,491.38,305.32,334.34,340.72,75.95,72.52
03-01035,121.24,238.05,213.74,173.48,165.75,299.58,98.49,113.11,107.62,53.11,59.11
03-01036,295.33,444.89,440.26,248.13,374.09,554.28,357.45,338.96,330.89,31.96,33.26
03-01037,319.87,81.06,93.34,297.56,39.53,129.95,108.06,116.73,116.7,52.76,49.98
03-01038,164.23,144.83,375.74,154.33,113.07,390.06,281.72,336.48,361.72,45.46,46.2
03-01039,426.89,335.71,447.1,365.53,275.51,496.62,350.5,390.29,393.26,68.21,80.64
03-01040,112.31,453.6,284.96,110.41,471.61,302.54,369.53,363.18,340.56,30.66,25.2
03-01041,309.6,321.89,387.69,288.0,259.22,407.73,151.48,160.2,152.47,30.3,24.4
03-01042,236.01,205.55,153.9,83.2,291.9,174.29,160.49,143.33,145.05,69.28,68.94
03-01043,333.51,245.47,352.07,317.28,201.32,381.07,416.35,487.12,497.73,70.21,57.9
03-01044,450.81,353.11,149.82,450.84,453.96,163.82,423.45,433.12,417.12,47.84,40.93
03-01045,136.74,191.29,359.44,115.57,257.62,356.33,427.37,433.65,422.15,70.85,59.99
03-01046,474.81,335.69,320.37,405.94,303.33,322.44,170.04,173.81,167.05,21.21,20.32
03-01047,80.85,437.33,248.65,51.08,450.99,303.16,437.47,488.64,446.49,19.32,17.14
03-01048,195.81,377.54,356.56,201.64,445.94,391.41,403.75,378.24,360.55,36.61,42.02
03-01049,220.09,138.25,104.14,251.51,89.23,92.57,202.79,176.35,166.96,70.28,57.34
03-01050,348.19,76.17,360.63,420.51,107.41,324.42,334.04,297.84,298.4,55.65,52.74
03-01051,367.52,378.4,492.64,380.48,445.66,595.84,129.19,119.98,112.69,42.84,43.35
03-01052,234.97,198.83,192.88,250.79,134.64,119.08,400.07,431.15,411.76,48.2,50.84
03-01053,383.14,452.71,198.3,361.78,324.52,184.56,445.14,423.87,439.62,11.06,9.66
03-01054,276.03,187.29,90.12,249.59,239.56,66.15,328.58,352.22,336.36,29.99,35.15
03-01055,428.31,450.45,394.47,407.83,395.55,352.83,214.76,185.35,194.62,27.94,29.05
03-01056,386.77,309.14,195.06,417.02,247.18,274.73,127.16,117.12,106.27,75.28,67.75
03-01057,441.87,493.59,496.2,443.59,558.13,454.81,400.75,361.32,329.56,10.49,11.6
03-01058,160.25,411.38,493.54,11.08,484.56,448.97,148.44,118.9,121.45,74.45,68.66
03-01059,342.71,124.49,69.24,474.1,187.52,97.96,421.71,465.93,472.73,25.05,28.79
03-01060,183.73,357.64,430.31,85.72,354.49,471.06,268.77,257.86,242.68,36.32,41.04
03-01061,141.07,118.34,367.59,145.23,214.57,412.75,281.86,255.19,244.96,55.82,63.45
03-01062,275.69,306.88,390.15,317.88,347.32,405.25,301.06,302.05,325.1,60.65,72.68
03-01063,246.98,353.48,411.17,187.79,362.39,474.28,331.44,372.3,368.64,31.05,29.78
03-01064,170.35,68.82,439.03,105.78,35.65,434.78,286.83,333.09,365.44,78.71,64.57
03-01065,247.91,178.63,327.7,295.8,236.37,145.67,307.82,247.93,225.18,66.84,76.35
03-01066,330.04,166.67,255.6,291.92,162.26,233.21,381.76,377.5,342.43,57.43,51.27
03-01067,363.4,235.23,205.05,463.94,241.29,211.0,216.52,208.29,215.7,18.25,16.75
03-01068,121.07,469.56,193.94,120.45,583.87,161.26,339.73,377.06,356.48,69.82,73.46
03-01069,418.74,398.78,220.05,476.07,332.11,87.66,443.68,362.82,353.12,44.35,51.29
03-01070,479.77,263.26,170.84,560.41,164.34,233.5,435.16,448.71,464.79,67.26,77.57
03-01071,246.44,419.17,266.82,302.23,358.07,182.11,396.26,355.23,337.2,31.35,27.42
03-01072,71.63,209.07,155.0,0.0,313.62,214.56,428.69,439.88,449.29,55.01,64.39
03-01073,446.73,186.41,285.68,452.31,122.73,306.21,347.17,280.45,262.17,76.26,64.94
03-01074,305.29,482.36,309.81,298.76,539.69,321.39,284.62,296.06,323.29,60.67,53.09
03-01075,138.05,380.58,357.53,153.89,388.4,332.35,173.44,161.08,169.1,60.75,54.09
03-01076,477.73,419.14,341.02,433.92,425.01,346.38,446.35,500.46,480.57,34.11,36.45
03-01077,252.28,388.49,359.73,322.49,374.53,363.79,272.69,313.62,304.14,79.38,82.04
03-01078,279.18,243.46,315.92,260.63,228.31,324.13,126.63,145.0,150.71,23.83,24.49
03-01079,382.76,287.48,66.18,368.95,276.93,59.51,296.06,243.36,222.02,27.05,30.39
03-01080,147.66,247.23,358.44,123.14,121.91,438.85,197.62,158.79,167.11,35.53,38.23
03-01081,469.07,180.61,483.33,454.17,176.33,450.97,364.56,362.04,350.6,31.23,30.22
03-01082,216.43,169.6,395.7,249.59,283.9,413.39,147.47,155.91,146.3,41.62,36.81
03-01083,495.21,493.9,265.22,472.64,523.13,150.16,230.35,203.24,204.42,63.29,65.75
03-01084,272.25,492.78,389.28,332.86,544.59,417.46,98.74,83.76,87.78,68.21,59.31
03-01085,150.42,330.05,129.1,148.84,418.86,103.13,211.51,233.72,227.93,18.59,21.78
03-01086,426.74,233.17,453.23,513.55,228.78,471.05,289.09,311.2,334.84,24.65,27.9
03-01087,225.61,178.8,152.24,146.07,176.77,73.0,108.09,102.97,94.36,71.48,85.73
03-01088,344.05,290.29,453.55,401.58,145.98,453.28,191.31,193.76,191.25,11.41,10.83
03-01089,393.09,212.32,95.09,330.78,167.85,24.41,409.06,445.88,427.57,17.57,15.43
03-01090,209.42,188.89,380.55,294.31,280.56,371.11,444.86,433.21,422.7,78.6,67.88
03-01091,472.93,226.81,341.16,479.51,226.49,281.51,182.24,198.13,180.71,11.74,13.83
03-01092,408.39,353.97,262.43,392.33,354.12,207.78,412.89,355.52,382.51,71.74,65.41
03-01093,500.0,414.93,189.2,478.2,463.96,174.96,126.85,101.5,96.21,24.85,21.95
03-01094,139.87,118.73,138.27,48.0,177.72,182.92,222.36,233.15,255.68,73.3,84.78
03-01095,259.03,139.49,183.17,391.41,95.77,154.2,184.99,154.69,147.63,79.44,77.7
03-01096,249.06,136.78,382.73,334.77,269.31,426.89,239.19,272.71,248.81,27.66,23.69
03-01097,75.11,136.65,456.18,0.0,175.92,494.77,90.5,77.27,79.83,32.39,34.23
03-01098,173.53,456.61,435.25,218.95,470.73,382.42,184.38,196.17,211.57,45.97,47.59
03-01099,440.67,204.25,193.1,391.31,196.12,108.4,110.08,103.64,96.56,50.48,41.86
03-01100,407.83,187.44,94.93,532.7,203.01,108.71,113.36,107.94,101.58,44.89,46.63
03-01101,116.41,69.22,206.02,114.39,97.63,213.12,243.56,202.94,206.46,25.6,29.4
03-01102,126.06,304.2,205.0,84.77,244.02,239.54,313.8,253.88,263.83,28.6,24.51
03-01103,338.35,77.07,487.56,278.27,0.0,403.55,234.74,241.97,242.5,20.85,20.07
03-01104,212.54,283.96,368.67,193.16,286.83,354.9,254.03,237.8,219.21,45.16,40.09
03-01105,89.48,313.82,91.98,173.85,265.83,119.57,192.74,217.88,218.97,75.03,83.74
03-01106,376.58,374.99,415.9,317.05,464.3,323.39,270.0,247.83,261.6,72.67,64.36
03-01107,133.65,464.56,341.55,100.51,448.28,360.71,315.42,373.27,404.64,27.96,31.01
03-01108,205.91,392.64,319.26,232.54,419.24,358.86,407.03,396.69,368.19,47.79,55.28
03-01109,213.15,301.08,456.43,169.81,277.25,423.35,122.3,137.42,144.45,74.34,60.84
03-01110,213.06,474.01,471.45,232.55,404.97,443.76,184.04,202.23,221.21,46.74,44.45
03-01111,171.05,81.02,289.35,159.32,121.15,164.6,372.57,300.42,282.91,33.12,36.81
03-01112,238.38,409.15,381.21,283.67,354.49,430.14,370.98,427.31,425.3,74.21,77.64
03-01113,153.66,365.94,284.2,203.42,301.03,243.47,369.63,351.46,373.16,59.1,53.68
03-01114,68.12,76.31,474.68,137.72,69.3,507.33,370.27,378.54,385.37,52.1,59.64
03-01115,205.49,202.5,244.63,176.86,175.45,240.37,118.55,97.68,88.63,26.88,23.88
03-01116,436.93,400.32,216.92,360.09,435.95,220.94,302.83,332.09,325.87,30.23,25.11
03-01117,93.64,334.5,354.83,120.68,231.81,224.48,148.87,131.25,139.89,77.57,75.57
03-01118,213.25,220.4,300.76,262.73,200.23,281.89,115.38,136.42,142.5,10.67,11.46
03-01119,235.32,324.93,319.43,269.35,234.16,301.17,196.53,216.9,223.58,61.93,63.22
03-01120,498.82,120.38,463.79,418.53,107.81,428.53,195.28,171.45,182.71,64.92,63.75
03-01121,300.49,305.84,405.36,365.9,404.65,459.54,206.65,191.66,206.36,32.03,30.39
03-01122,293.55,458.43,199.87,302.2,438.5,370.02,396.03,343.17,345.34,51.48,52.08
03-01123,78.99,259.22,222.3,52.34,189.51,198.88,437.95,379.03,400.03,49.26,56.55
03-01124,165.17,205.67,254.06,65.35,257.01,262.18,190.79,182.67,185.05,11.77,10.25
03-01125,162.26,401.61,310.45,205.4,391.54,352.77,410.28,448.99,461.8,73.93,76.94
03-01126,421.12,126.95,232.86,499.14,123.48,204.65,349.82,283.99,284.5,19.99,19.57
03-01127,85.66,338.51,97.54,35.1,401.67,68.0,284.07,243.6,257.79,45.22,46.09
03-01128,178.77,473.91,217.79,88.18,490.12,232.21,174.68,185.23,192.56,28.33,29.1
03-01129,406.38,477.72,475.93,444.0,477.65,379.56,144.49,155.94,148.82,51.8,47.51
03-01130,452.46,333.47,459.64,526.06,235.03,385.87,209.2,250.56,269.52,14.18,14.8
03-01131,128.64,170.7,272.87,14.91,100.82,203.75,261.29,243.6,236.7,45.62,46.32
03-01132,194.11,216.51,485.13,133.05,230.73,462.64,221.35,239.99,226.51,13.25,15.45
03-01133,192.72,169.59,448.13,248.34,183.13,492.62,219.57,214.81,235.64,31.92,31.27
03-01134,304.59,79.71,452.59,339.52,77.42,478.3,211.13,194.5,201.11,30.01,33.78
03-01135,469.13,458.6,360.4,382.2,514.34,384.33,218.57,237.07,226.29,36.1,29.0
03-01136,178.24,168.11,238.83,227.66,141.38,200.7,84.3,75.24,80.23,67.04,74.56
03-01137,441.16,416.3,465.24,295.5,449.08,532.08,312.0,342.84,323.08,17.67,15.71
03-01138,276.46,176.0,496.06,218.16,110.98,469.15,173.44,203.15,189.7,19.47,17.74
03-01139,311.28,315.65,163.09,352.03,235.21,318.05,347.53,365.14,353.92,63.08,53.19
03-01140,280.77,469.66,86.28,236.37,491.65,0.0,427.39,491.84,462.19,10.54,9.58
03-01141,342.98,167.64,476.93,278.33,86.31,467.22,342.51,382.41,392.24,34.35,37.05
03-01142,267.08,445.96,197.21,316.54,385.53,125.76,118.7,123.99,126.17,48.5,46.15
03-01143,430.61,455.79,360.09,478.98,510.53,356.17,193.98,218.01,208.19,60.27,55.36
03-01144,214.95,363.36,256.73,136.87,302.68,184.95,145.23,153.39,143.14,65.38,70.08
03-01145,396.44,317.07,243.27,429.49,112.41,203.28,402.82,476.45,480.62,56.68,60.98
03-01146,488.17,163.56,446.76,479.04,21.12,441.52,227.28,227.55,217.88,60.45,56.73
03-01147,491.79,460.25,479.91,575.92,468.28,338.25,295.17,293.32,307.57,76.69,89.03
03-01148,121.68,336.78,411.25,81.65,493.67,400.4,299.16,272.3,287.4,26.97,28.96
03-01149,145.27,85.16,152.93,176.74,85.64,109.27,211.9,217.23,215.2,10.13,9.14
03-01150,78.33,189.42,230.07,133.63,134.35,333.82,100.27,101.79,107.19,25.2,20.25
03-01151,72.92,459.44,109.33,152.32,589.68,192.02,204.26,214.58,233.44,62.76,68.78
03-01152,465.65,429.84,134.37,369.4,411.1,160.67,189.13,171.57,160.71,15.94,19.04
03-01153,485.9,75.8,173.5,497.38,54.98,214.81,264.61,277.45,300.26,31.58,29.93
03-01154,211.47,425.12,282.08,216.7,423.26,257.52,208.25,200.31,204.84,70.52,67.29
03-01155,347.18,416.72,479.91,315.33,440.83,663.35,364.76,436.65,401.85,36.53,31.39
03-01156,318.64,139.36,286.56,267.59,261.26,315.33,368.74,386.28,403.99,60.66,67.76
03-01157,463.1,161.77,207.89,485.18,125.41,110.17,294.96,343.42,310.53,65.34,75.57
03-01158,379.37,377.16,196.09,443.15,303.54,80.33,268.55,220.48,233.35,15.4,12.73
03-01159,81.96,450.47,303.92,22.25,425.89,251.52,432.33,435.12,453.3,40.4,46.17
03-01160,406.35,119.7,126.92,321.33,112.11,262.4,438.82,361.14,335.72,66.34,74.69
03-01161,471.06,129.76,218.11,484.67,181.99,195.66,278.52,285.88,271.07,35.02,37.15
03-01162,443.64,147.29,312.5,432.19,200.11,412.67,446.08,375.81,363.13,38.3,45.85
03-01163,457.14,199.39,195.14,550.23,161.02,252.68,85.45,87.91,87.84,47.13,54.64
03-01164,135.74,71.64,179.63,104.53,0.0,217.2,389.45,384.09,375.34,50.64,52.92
03-01165,141.54,400.0,392.67,53.1,409.45,458.28,276.05,312.16,283.69,59.75,58.1
03-01166,128.64,217.17,303.64,28.25,195.85,355.0,80.69,77.59,74.97,28.53,27.13
03-01167,491.82,218.65,252.12,530.54,235.41,252.87,283.68,273.92,281.14,66.45,55.57
03-01168,150.2,469.75,124.38,94.8,450.94,4.13,296.94,286.34,307.38,31.27,25.79
03-01169,284.52,323.66,245.47,227.28,318.59,260.65,103.24,113.28,111.81,25.07,22.36
03-01170,419.3,221.16,348.87,293.38,201.29,402.8,424.87,429.14,462.23,35.33,31.75
03-01171,67.79,154.05,185.85,0.0,88.84,68.22,293.39,312.89,339.89,16.24,17.23
03-01172,319.1,399.79,338.39,359.69,371.19,330.26,127.59,123.75,120.54,47.46,44.77
03-01173,401.55,101.9,249.65,525.71,31.66,302.12,446.09,435.81,460.2,11.08,12.32
03-01174,78.45,293.76,101.43,130.92,415.17,0.0,434.17,379.65,408.8,42.97,39.72
03-01175,298.29,184.85,179.85,300.81,191.08,253.17,421.11,494.46,525.42,45.02,44.76
03-01176,156.74,407.77,284.37,287.42,426.18,215.69,179.53,161.52,158.32,55.33,49.61
03-01177,371.59,471.21,205.14,431.52,355.87,205.56,208.0,241.97,257.61,73.7,63.33
03-01178,115.46,425.34,129.15,117.08,513.65,44.71,258.1,270.31,252.79,24.97,29.76
03-01179,309.58,302.54,471.01,282.46,261.1,396.56,224.44,257.34,277.73,13.05,11.2
03-01180,328.07,465.36,464.2,339.19,470.66,429.68,220.76,197.01,205.0,40.59,44.9
03-01181,281.08,239.17,480.7,276.52,312.23,484.7,362.89,422.11,415.03,41.74,39.04
03-01182,128.42,102.79,229.72,84.85,140.17,209.32,429.94,413.57,438.21,24.78,20.15
03-01183,490.87,495.9,283.99,667.56,547.24,298.67,442.85,429.86,386.91,42.52,46.71
03-01184,499.26,117.11,152.25,381.96,147.17,58.22,115.89,118.18,122.53,10.06,10.52
03-01185,214.41,178.45,256.38,293.63,201.62,195.29,185.71,216.96,227.16,64.5,56.04
03-01186,213.82,307.84,111.1,242.05,289.95,17.66,89.79,84.99,89.96,43.82,43.4
03-01187,112.68,439.54,391.78,184.63,300.47,291.27,276.58,240.26,250.42,43.21,49.44
03-01188,457.63,360.35,359.35,488.05,358.48,340.84,328.13,322.45,309.8,12.52,12.35
03-01189,105.13,122.34,285.24,64.45,143.69,238.96,323.92,372.11,335.2,65.24,72.82
03-01190,290.51,183.65,440.07,260.82,184.48,488.61,101.99,81.69,86.89,34.77,30.88
03-01191,410.02,477.39,458.72,431.96,429.42,406.71,393.36,331.79,305.41,31.25,37.28
03-01192,78.52,374.97,468.44,163.01,357.23,375.31,417.17,406.09,406.7,12.13,10.61
03-01193,488.28,297.64,101.07,495.18,298.18,78.43,144.82,134.75,145.54,30.9,30.46
03-01194,189.02,330.53,241.21,195.99,327.54,379.47,280.87,296.11,272.92,20.97,20.31
03-01195,104.92,327.91,389.98,117.85,334.49,354.23,128.15,148.25,145.11,36.98,38.53
03-01196,388.33,496.94,336.83,402.38,500.26,290.46,146.75,137.34,143.2,37.38,41.3
03-01197,374.91,62.6,270.24,253.52,72.19,181.29,310.52,308.14,282.97,16.14,14.22
03-01198,496.22,176.9,267.49,440.92,168.03,277.39,416.11,479.08,439.12,59.45,67.65
03-01199,108.62,278.36,393.86,258.71,345.18,393.41,442.76,522.53,573.9,11.82,11.5
03-01200,260.41,491.41,391.62,184.14,477.22,356.93,212.91,177.35,178.98,15.29,15.53
03-01201,376.3,348.21,219.94,404.19,287.39,130.28,97.22,79.35,85.38,38.22,32.3
03-01202,145.58,356.57,461.35,244.3,407.46,439.98,307.87,326.78,295.69,53.96,52.88
03-01203,422.8,185.1,319.43,514.92,139.42,289.81,446.89,465.9,483.23,44.11,44.19
03-01204,221.6,356.98,280.02,334.76,308.98,301.92,109.85,92.71,90.68,18.85,22.3
03-01205,125.69,428.1,72.96,143.19,489.87,22.88,221.43,182.94,196.78,45.57,46.65
03-01206,308.06,289.16,167.75,305.83,334.06,144.93,110.61,130.21,142.1,70.38,84.29
03-01207,330.04,185.02,93.79,275.75,155.23,85.27,155.95,184.01,179.17,40.49,44.68
03-01208,383.42,220.35,282.04,458.06,233.93,303.8,221.92,264.21,263.31,41.09,46.91
03-01209,264.74,76.72,332.58,274.64,177.19,379.25,246.32,250.28,270.6,64.01,57.44
03-01210,128.9,439.33,239.65,123.5,450.24,308.21,304.52,292.79,319.97,79.55,83.82
03-01211,171.38,60.25,418.56,219.58,117.11,443.42,203.52,240.55,262.27,38.05,40.51
03-01212,142.13,498.82,416.32,97.47,510.22,429.18,277.06,257.28,266.21,67.71,57.25
03-01213,406.04,88.11,198.21,473.09,37.36,132.63,157.79,137.88,126.86,65.48,77.53
03-01214,467.01,248.56,296.6,520.24,277.84,257.07,83.92,72.27,76.59,79.27,65.54
03-01215,283.07,320.97,237.31,234.82,301.75,203.59,309.45,308.82,312.77,24.61,25.28
03-01216,215.26,261.43,485.87,192.38,166.64,592.16,144.77,131.88,131.66,16.03,18.89
03-01217,361.76,416.82,84.29,291.9,446.29,102.23,137.22,130.35,130.95,71.68,72.22
03-01218,321.22,351.09,332.42,214.87,369.76,450.89,266.25,243.6,239.62,11.37,9.68
03-01219,254.02,102.83,363.54,255.1,101.9,407.97,278.28,238.92,241.31,21.27,23.83
03-01220,427.62,276.58,173.07,387.7,309.95,154.85,293.84,310.76,341.75,66.44,75.27
03-01221,111.26,152.99,277.71,159.73,149.67,270.27,372.79,433.52,436.51,16.09,14.11
03-01222,321.98,431.24,177.5,285.16,448.35,236.18,106.3,88.84,81.06,60.09,67.55
03-01223,372.29,215.67,143.57,314.48,211.59,83.13,427.67,461.26,475.48,77.44,83.91
03-01224,214.43,259.3,384.94,176.11,200.89,370.96,164.96,137.98,145.54,70.08,56.17
03-01225,380.16,109.47,298.16,405.67,191.44,322.18,167.65,199.86,219.52,68.2,69.39
03-01226,189.95,361.04,371.81,172.75,399.43,390.85,269.1,261.63,236.87,79.99,89.9
03-01227,466.78,266.41,98.32,393.85,236.9,89.88,219.33,240.86,220.19,70.09,79.75
03-01228,445.78,374.68,409.6,453.07,315.29,390.46,406.96,392.11,419.06,40.62,44.19
03-01229,474.76,254.51,313.53,485.36,223.1,318.8,219.57,186.16,196.42,78.37,91.88
03-01230,191.22,242.2,251.41,253.98,246.53,287.72,80.4,66.97,71.45,59.56,70.25
03-01231,445.21,182.47,193.53,457.34,155.7,308.07,334.29,372.7,403.14,40.96,47.19
03-01232,104.38,435.03,411.14,109.67,391.22,461.81,294.74,311.28,342.4,15.22,15.11
03-01233,74.22,424.79,485.95,10.06,515.64,465.7,105.69,116.59,124.4,68.49,78.91
03-01234,337.54,200.45,268.87,315.1,292.43,278.5,448.82,463.74,420.35,19.69,15.88
03-01235,469.61,233.49,289.35,400.41,329.43,258.03,88.2,93.53,86.54,75.08,88.91
03-01236,476.54,291.85,84.06,530.02,347.87,43.7,220.24,178.3,194.69,55.24,47.84
03-01237,356.43,453.8,425.51,243.61,580.59,424.22,148.99,170.11,167.56,68.49,61.7
03-01238,333.81,391.7,358.12,203.94,311.21,379.07,442.34,398.69,395.91,73.51,74.95
03-01239,349.33,215.89,242.43,336.45,243.67,224.68,236.48,218.18,217.91,29.75,25.46
03-01240,357.63,205.91,82.25,273.23,333.63,0.0,300.25,301.63,327.92,47.13,50.41
03-01241,478.79,285.83,414.99,483.3,206.15,496.69,230.89,249.57,226.16,21.28,17.69
03-01242,161.62,180.21,84.38,29.85,177.91,23.48,178.1,195.33,214.25,37.44,40.12
03-01243,234.89,383.12,224.43,181.9,323.39,185.82,369.98,417.39,426.05,59.78,66.27
03-01244,383.51,417.56,252.85,476.65,370.5,263.89,231.47,262.1,280.95,13.86,12.26
03-01245,120.95,441.9,323.25,0.0,413.22,461.44,358.87,296.5,300.42,26.69,27.06
03-01246,343.75,382.24,202.09,360.96,356.05,122.9,443.37,491.07,449.11,21.5,23.65
03-01247,70.75,66.38,276.78,136.23,93.64,315.05,139.92,129.71,123.74,24.67,22.55
03-01248,130.35,472.53,404.12,94.93,514.23,362.14,203.12,220.39,213.55,29.02,25.15
03-01249,348.14,259.8,320.03,418.26,285.51,310.93,302.16,347.43,322.41,65.33,57.19
03-01250,202.33,462.3,134.68,196.83,536.82,138.85,331.37,312.27,305.16,65.68,61.05
03-01251,337.82,64.0,224.43,310.08,43.52,181.89,337.96,297.68,292.84,77.81,74.64
03-01252,440.73,308.84,402.56,470.3,270.16,398.65,316.55,266.98,258.37,55.18,64.25
03-01253,427.06,266.57,152.36,442.35,256.59,60.1,324.47,357.74,351.03,71.49,60.0
03-01254,282.44,286.49,148.06,326.64,404.84,130.3,269.17,301.11,327.17,18.63,20.25
03-01255,405.68,219.85,116.3,322.6,230.16,0.0,378.98,341.68,370.0,40.26,46.34
03-01256,159.52,262.33,212.52,147.63,305.93,191.53,277.44,300.27,278.72,30.24,29.03
03-01257,115.1,293.64,341.44,93.43,333.02,401.79,402.18,472.02,490.48,43.31,51.94
03-01258,129.47,211.25,374.63,145.69,218.02,321.18,203.0,213.68,224.14,49.52,48.28
03-01259,281.36,367.25,179.18,261.82,340.41,185.0,120.16,134.83,122.0,22.64,22.74
03-01260,250.34,454.19,62.92,177.06,343.44,14.8,130.43,132.41,130.52,78.76,82.32
03-01261,337.91,453.59,341.66,410.78,512.45,383.93,84.36,70.78,69.5,51.99,43.75
03-01262,144.58,121.92,313.33,89.77,166.03,367.22,145.33,150.77,153.37,57.97,54.99
03-01263,275.75,271.83,335.2,305.0,345.72,266.53,181.43,185.24,187.0,15.7,17.29
03-01264,147.79,423.77,120.73,151.03,372.89,120.77,275.88,227.38,228.56,65.88,65.08
03-01265,381.27,256.86,371.8,484.11,223.02,405.83,266.52,258.31,253.43,69.47,56.67
03-01266,343.25,456.41,438.27,336.25,315.75,476.55,228.1,211.59,200.84,15.57,13.36
03-01267,105.79,97.92,213.56,119.49,14.17,220.51,358.94,375.71,353.72,74.28,61.93
03-01268,308.35,451.74,484.65,289.32,444.81,451.22,411.97,336.14,321.19,44.47,46.45
03-01269,197.52,150.18,87.29,206.03,113.27,106.9,353.51,363.49,394.0,62.75,74.04
03-01270,174.32,162.27,129.04,214.85,68.04,126.8,227.79,262.08,283.24,64.04,70.69
03-01271,111.61,121.44,187.02,53.33,82.14,263.56,397.3,358.91,355.31,63.07,55.54
03-01272,310.45,177.7,345.54,370.73,155.88,223.87,446.08,524.63,550.75,60.32,67.24
03-01273,206.15,139.24,120.78,228.66,234.27,134.32,213.78,185.16,170.95,37.42,31.24
03-01274,295.27,164.85,273.87,223.8,169.36,315.15,166.57,197.31,189.1,52.11,55.68
03-01275,357.09,212.41,327.17,343.49,179.56,259.19,238.38,228.11,229.47,27.69,22.97
03-01276,147.56,464.07,96.36,185.87,427.55,86.28,337.96,271.07,280.4,11.53,11.56
03-01277,335.45,330.51,354.68,422.96,264.48,403.0,276.41,289.03,271.87,32.5,27.78
03-01278,455.87,229.48,396.39,489.53,207.55,401.11,447.0,394.36,418.25,62.92,75.1
03-01279,102.4,202.01,71.54,170.94,172.51,20.54,209.84,212.94,216.1,44.49,47.77
03-01280,124.79,109.61,395.98,143.34,200.47,445.02,224.04,229.18,223.34,20.85,24.02
03-01281,235.72,386.16,181.68,221.4,367.94,162.53,399.9,454.27,432.5,15.03,16.82
03-01282,254.74,87.76,90.37,274.07,81.88,121.03,252.55,234.82,234.68,46.46,47.77
03-01283,252.5,184.89,62.3,307.9,243.18,128.27,422.21,365.7,377.52,70.09,69.21
03-01284,137.98,163.57,339.3,83.73,265.21,292.19,104.87,116.46,115.24,36.93,38.48
03-01285,398.43,171.88,166.88,269.22,168.41,131.69,448.21,417.96,414.41,63.74,56.16
03-01286,483.78,243.93,88.06,510.19,198.96,106.96,190.28,209.84,205.67,27.89,33.09
03-01287,220.24,202.33,452.88,174.72,294.71,406.4,100.39,119.62,114.21,40.05,38.02
03-01288,428.53,409.73,107.45,417.37,325.19,92.1,439.34,406.2,437.87,58.93,61.16
03-01289,118.52,167.54,428.32,147.07,37.98,428.88,106.38,107.62,108.67,50.71,60.36
03-01290,177.7,189.31,269.49,156.86,212.95,292.3,301.44,278.15,290.16,76.44,69.67
03-01291,187.74,427.4,116.78,206.79,490.99,158.39,138.57,120.75,125.6,25.62,25.41
03-01292,302.56,459.08,284.2,452.29,389.91,295.34,114.45,133.54,141.03,49.72,49.75
03-01293,281.21,202.53,408.27,313.35,212.07,524.98,207.47,190.23,181.31,18.75,18.21
03-01294,184.58,428.91,330.36,132.68,356.78,309.25,374.92,375.97,387.14,23.39,24.86
03-01295,401.0,62.96,154.24,382.26,39.77,110.1,309.04,280.87,282.97,36.96,39.59
03-01296,235.61,429.84,199.15,289.34,461.33,187.28,224.25,243.22,256.46,44.36,48.15
03-01297,167.99,393.4,328.9,120.67,455.54,458.23,434.94,436.31,468.81,12.83,15.26
03-01298,487.12,137.22,188.24,454.08,61.62,160.81,88.2,95.57,93.4,31.74,28.27
03-01299,86.32,161.98,425.41,141.26,293.72,267.87,92.34,100.88,108.65,10.48,9.01
03-01300,269.23,295.67,422.45,246.5,286.88,400.62,377.55,351.79,351.34,27.48,31.53
03-01301,84.67,365.83,457.25,48.21,309.46,434.49,198.1,177.02,160.36,41.63,47.71
03-01302,244.38,347.98,110.13,363.29,276.77,57.82,362.93,361.58,373.09,41.91,39.73
03-01303,347.64,263.38,368.8,295.1,282.55,409.6,293.94,249.18,237.53,27.22,22.33
03-01304,185.96,202.8,66.28,143.47,242.19,145.77,265.27,255.37,276.74,57.08,64.72
03-01305,148.02,454.28,289.14,74.66,424.06,229.2,113.55,93.86,97.8,60.13,71.55
03-01306,447.08,394.92,141.4,399.79,305.3,121.71,266.6,259.51,252.86,25.47,20.96
03-01307,423.45,274.3,174.96,504.6,339.79,196.56,124.07,123.16,122.58,21.25,25.02
03-01308,146.58,96.18,127.98,122.23,75.31,108.62,312.55,299.32,275.95,32.52,28.39
03-01309,413.07,190.71,202.36,399.46,238.11,248.28,182.86,166.14,151.0,47.78,41.74
03-01310,439.57,357.62,496.46,434.76,246.63,537.38,386.8,435.16,414.06,45.43,45.63
03-01311,246.84,71.13,252.94,256.95,82.86,316.94,199.3,228.12,221.01,49.79,51.52
03-01312,108.44,272.49,88.51,215.51,44.58,190.89,217.65,178.91,164.95,55.48,62.08
03-01313,467.48,464.8,345.8,543.45,360.62,371.09,349.15,375.61,388.09,27.64,32.86
03-01314,315.21,389.19,430.34,343.15,432.86,432.19,357.19,286.99,303.62,49.18,43.99
03-01315,143.17,477.96,233.08,135.81,438.24,235.95,404.76,332.36,364.62,16.64,19.3
03-01316,141.15,233.54,376.43,228.7,257.86,409.65,236.7,245.4,226.08,33.67,40.35
03-01317,294.96,64.02,234.66,303.72,115.85,241.35,252.02,205.79,218.76,49.45,50.35
03-01318,483.87,451.03,380.36,540.89,478.05,395.25,212.79,227.56,227.98,12.03,14.19
03-01319,253.08,270.4,456.43,276.96,249.35,341.35,262.38,311.91,337.17,72.06,71.91
03-01320,90.34,216.12,407.79,187.27,194.93,400.54,424.98,450.02,455.17,38.4,33.87
03-01321,480.43,253.27,293.28,533.99,198.39,277.94,118.19,111.29,105.2,74.71,82.33
03-01322,373.35,387.44,154.62,388.37,360.85,112.05,407.93,350.48,318.83,61.91,63.62
03-01323,84.01,135.66,430.55,137.89,55.88,407.52,434.49,400.81,382.97,73.19,62.75
03-01324,291.08,108.85,63.96,240.7,0.0,148.96,308.03,258.78,248.12,74.97,71.99
03-01325,341.53,301.76,301.57,323.64,256.04,256.25,322.21,317.63,326.59,56.33,61.69
03-01326,340.15,226.13,136.67,334.32,228.08,153.78,251.11,260.64,249.45,10.66,12.42
03-01327,181.47,328.52,225.43,108.15,329.16,136.89,233.56,199.52,188.47,45.16,43.76
03-01328,441.09,372.53,338.81,487.16,352.18,329.4,258.51,219.72,203.94,54.97,56.37
03-01329,119.85,112.2,96.99,113.0,137.08,133.48,302.25,306.67,310.74,51.36,44.97
03-01330,296.1,494.16,439.08,310.95,524.66,385.95,288.72,259.87,234.13,12.18,10.77
03-01331,179.07,339.84,262.98,227.4,333.22,288.04,409.25,430.45,426.98,43.59,38.78
03-01332,447.75,417.28,316.45,560.11,336.96,271.16,402.47,331.29,344.21,63.97,60.55
03-01333,361.0,389.94,453.27,358.47,344.5,427.87,130.32,130.74,129.78,28.85,28.03
03-01334,74.16,396.91,418.82,131.73,416.01,420.36,133.77,108.75,104.16,56.76,51.88
03-01335,453.5,424.1,159.86,498.46,301.44,108.86,277.85,272.75,264.98,46.71,38.81
03-01336,119.42,294.51,227.98,72.85,217.02,129.96,269.51,252.17,227.94,41.95,37.43
03-01337,88.96,385.64,260.05,0.0,485.28,345.97,331.82,329.76,338.02,52.86,42.89
03-01338,137.44,222.29,394.67,154.85,213.08,437.56,391.31,337.37,336.14,78.73,70.86
03-01339,461.46,359.7,125.7,481.58,387.14,85.08,294.17,305.27,301.82,16.33,18.45
03-01340,253.55,474.6,245.77,234.2,477.55,264.53,390.71,348.22,379.08,15.36,12.69
03-01341,397.94,283.53,367.54,491.93,358.57,307.71,211.99,254.0,277.32,33.83,34.56
03-01342,162.37,331.75,331.22,54.02,330.78,316.43,117.57,113.77,116.87,18.3,18.54
03-01343,199.08,259.88,323.5,276.18,305.02,275.01,344.18,342.15,340.04,25.15,29.09
03-01344,499.3,431.86,94.73,616.04,446.0,72.22,448.31,395.55,366.2,36.45,40.17
03-01345,266.52,363.65,110.21,178.21,378.71,207.23,340.83,406.67,442.72,71.23,78.26
03-01346,259.09,179.17,310.93,211.91,84.1,235.86,278.77,224.09,227.46,35.48,33.82
03-01347,388.84,493.47,239.59,535.72,422.02,235.91,132.55,117.9,110.85,72.44,85.67
03-01348,344.27,389.18,140.86,297.68,281.83,154.51,150.79,131.02,121.51,74.0,88.0
03-01349,434.61,360.54,136.4,485.86,361.09,152.96,380.89,388.83,352.07,76.95,64.0
03-01350,126.2,65.29,248.85,147.35,84.72,168.43,269.62,270.15,276.87,50.67,59.82
03-01351,111.09,156.73,272.63,54.35,142.19,381.78,107.72,97.37,104.53,59.41,68.27
03-01352,153.7,164.92,89.58,262.14,189.82,143.66,232.35,271.46,266.22,61.87,65.83
03-01353,81.37,225.11,313.0,94.72,170.44,356.7,433.44,511.97,472.96,62.82,52.33
03-01354,347.35,93.84,214.94,240.57,155.17,135.63,398.67,382.17,390.49,21.94,25.47
03-01355,158.58,489.17,392.58,59.25,467.81,367.3,369.39,424.94,386.17,13.76,12.95
03-01356,70.56,493.46,404.96,30.89,447.49,454.27,241.53,234.08,211.03,42.83,44.05
03-01357,303.8,472.17,295.78,379.38,410.61,269.07,253.06,268.48,262.82,54.11,64.03
03-01358,246.57,454.84,158.77,171.7,386.84,79.81,98.4,90.13,88.56,61.98,73.47
03-01359,148.8,392.68,237.07,242.58,436.78,220.1,125.9,104.49,107.67,57.93,52.8
03-01360,90.57,441.77,212.51,67.23,377.64,219.84,261.64,301.8,326.87,47.02,47.66
03-01361,242.99,407.1,222.74,217.68,416.25,264.2,416.5,387.41,424.34,77.21,79.9
03-01362,205.81,429.83,391.79,180.75,447.03,372.63,129.39,122.55,116.73,13.8,13.44
03-01363,425.74,233.87,317.26,375.54,241.26,346.92,246.44,255.93,256.2,27.82,33.3
03-01364,181.06,234.31,410.05,42.14,80.65,430.23,301.04,322.82,332.16,20.3,21.45
03-01365,219.71,363.64,92.72,126.33,322.44,140.51,272.83,219.97,212.73,32.94,26.42
03-01366,417.8,284.05,244.22,476.46,229.24,252.62,406.91,421.56,422.21,69.84,63.16
03-01367,283.01,302.85,79.76,140.28,209.68,226.92,436.36,366.16,385.23,46.21,55.36
03-01368,305.0,344.52,467.79,311.5,382.66,479.46,231.45,259.35,273.21,78.82,76.38
03-01369,114.86,239.25,456.75,161.44,197.51,442.82,429.16,402.17,404.89,53.45,45.07
03-01370,146.64,213.49,379.73,232.27,221.72,314.96,295.95,241.7,236.29,71.97,82.38
03-01371,192.69,389.96,485.55,88.69,424.91,355.57,324.14,291.36,313.21,60.77,58.59
03-01372,254.77,463.03,64.14,372.86,499.06,66.36,130.94,124.59,119.13,44.45,40.19
03-01373,330.59,188.83,100.62,310.59,117.8,187.39,448.89,537.54,584.24,48.25,43.73
03-01374,181.4,179.17,337.87,181.53,252.66,387.44,230.18,209.77,220.91,48.77,53.83
03-01375,351.26,318.31,280.78,288.63,428.28,180.06,423.26,414.48,451.1,31.53,32.35
03-01376,325.8,256.83,393.62,297.42,326.61,473.12,154.28,171.14,172.01,26.4,29.45
03-01377,96.66,325.64,327.41,88.42,310.56,281.82,404.17,470.65,433.35,52.79,48.98
03-01378,310.84,273.02,64.19,329.92,381.05,0.0,257.18,235.36,227.42,66.81,76.6
03-01379,275.77,102.73,484.57,258.1,43.93,463.45,347.66,293.53,301.26,35.5,37.25
03-01380,419.56,227.61,423.82,468.39,157.86,468.73,339.61,371.69,360.22,21.7,23.22
03-01381,167.93,440.89,172.45,213.84,368.64,88.15,400.54,472.98,446.21,28.85,24.18
03-01382,265.74,489.76,263.45,397.27,389.51,212.12,114.86,136.93,146.77,65.45,52.8
03-01383,281.63,290.75,107.75,327.25,299.42,83.94,172.09,144.51,135.53,14.96,12.38
03-01384,289.72,83.6,350.88,292.42,67.34,349.1,300.91,324.13,338.47,17.4,18.23
03-01385,329.31,141.54,313.06,311.15,72.17,337.0,412.93,415.0,419.5,36.38,34.62
03-01386,368.01,238.56,323.23,364.86,248.99,338.42,352.01,382.67,405.36,72.79,70.4
03-01387,216.0,405.82,469.61,155.14,386.55,474.17,263.48,277.89,292.94,13.47,11.35
03-01388,83.19,76.88,241.32,31.91,74.35,272.84,420.8,440.34,449.31,28.36,22.79
03-01389,240.18,344.12,175.25,335.37,308.72,63.37,278.1,323.29,299.73,19.64,18.56
03-01390,389.07,278.42,119.88,384.32,331.83,146.13,297.55,305.68,318.63,14.1,15.37
03-01391,141.34,405.25,147.57,260.74,478.43,48.66,323.48,287.98,292.12,15.72,15.22
03-01392,81.16,166.39,429.33,16.38,186.85,460.53,231.66,220.26,200.93,22.19,23.98
03-01393,309.86,392.05,489.69,211.45,257.12,487.09,127.1,150.01,147.75,45.4,52.95
03-01394,164.0,372.76,268.69,240.18,385.33,229.13,199.85,209.99,198.45,25.25,23.1
03-01395,167.33,485.78,244.98,166.63,571.93,129.67,175.08,148.97,154.34,24.01,26.87
03-01396,266.0,208.02,484.37,219.98,191.47,459.96,280.02,234.87,224.16,28.91,32.84
03-01397,112.69,497.69,340.3,195.43,522.97,395.88,321.33,289.5,305.39,37.72,37.91
03-01398,314.47,290.65,344.67,416.56,331.53,359.74,92.7,84.15,89.91,19.41,22.95
03-01399,169.14,208.24,155.22,120.16,230.24,145.71,443.78,488.56,486.62,28.29,32.14
03-01400,290.37,291.33,267.33,249.15,278.18,274.32,397.57,474.61,458.42,78.34,76.27
03-01401,326.13,455.72,471.86,394.8,442.97,428.94,112.42,120.18,131.63,78.35,73.87
03-01402,419.46,359.67,218.71,321.45,386.92,291.18,356.28,327.82,301.26,63.76,68.35
03-01403,390.57,282.42,211.3,281.23,369.71,319.41,135.62,156.45,145.99,33.13,39.59
03-01404,406.67,394.59,424.22,338.78,199.01,385.82,410.38,369.35,366.93,30.63,31.58
03-01405,203.24,418.83,471.78,164.59,402.52,448.19,156.01,174.15,180.33,74.47,79.81
03-01406,322.58,78.34,125.75,312.2,0.0,197.33,115.32,108.92,111.08,79.83,64.88
03-01407,292.37,179.79,61.1,341.66,20.2,161.23,268.86,258.8,260.9,58.44,62.99
03-01408,480.21,305.29,249.86,461.71,276.97,158.07,168.32,156.15,159.71,33.4,40.01
03-01409,133.48,128.38,355.45,155.9,106.0,298.17,256.62,226.66,234.09,63.59,74.49
03-01410,241.08,332.53,272.64,298.15,290.37,184.06,315.35,373.96,394.16,69.04,78.12
03-01411,147.98,254.67,209.79,149.65,192.94,236.26,348.61,394.38,420.52,33.07,29.85
03-01412,475.01,178.42,181.62,456.79,153.56,194.01,111.7,103.29,92.99,73.71,74.13
03-01413,430.96,360.92,174.76,469.22,393.23,167.33,185.58,181.67,179.93,52.31,55.36
03-01414,319.07,490.4,378.43,294.74,411.21,411.17,282.84,339.28,362.78,30.1,30.02
03-01415,405.88,333.22,266.36,428.95,285.33,162.03,340.29,329.27,337.72,40.82,45.93
03-01416,494.08,183.49,296.76,613.49,239.31,209.47,300.3,252.68,245.54,42.02,50.22
03-01417,275.18,108.23,391.93,272.61,44.86,409.97,98.41,105.04,110.43,30.9,28.1
03-01418,322.1,205.24,398.0,248.38,258.79,388.22,421.33,444.26,487.03,38.88,41.4
03-01419,300.85,78.64,266.25,229.73,115.12,228.59,191.74,157.92,169.49,13.72,15.79
03-01420,126.71,262.21,491.3,120.32,248.7,452.99,420.43,458.65,421.28,49.88,41.39
03-01421,339.02,347.98,73.25,308.22,357.16,109.16,329.38,329.61,352.48,62.82,74.25
03-01422,93.86,470.14,336.21,138.79,427.05,299.29,318.95,316.76,325.17,15.27,18.25
03-01423,262.34,348.88,465.83,241.74,397.83,387.29,306.31,341.57,320.97,23.81,20.99
03-01424,449.35,435.47,286.41,524.98,412.27,325.84,361.83,384.46,407.2,58.81,59.83
03-01425,330.67,175.36,236.8,405.72,288.92,346.88,398.45,416.66,441.35,27.32,26.21
03-01426,146.27,246.7,308.36,53.7,217.79,260.25,251.9,248.73,246.97,78.39,83.27
03-01427,88.73,333.48,489.72,223.71,330.26,497.09,371.81,299.21,282.21,70.16,63.38
03-01428,221.32,349.47,496.76,261.02,404.69,513.98,181.68,217.75,206.87,29.95,35.33
03-01429,477.91,129.89,486.75,462.51,155.02,486.97,276.09,308.29,293.57,61.58,61.21
03-01430,476.09,140.86,190.23,388.54,137.98,187.8,181.72,148.31,148.09,53.32,47.6
03-01431,397.76,412.53,188.57,344.72,388.17,270.2,252.58,211.4,201.5,60.64,65.37
03-01432,160.85,70.07,69.18,116.53,127.97,52.6,270.51,292.64,301.06,18.45,17.86
03-01433,449.66,95.4,463.61,392.2,155.0,421.58,178.57,189.05,204.76,22.95,19.75
03-01434,308.92,498.9,341.2,252.77,451.78,332.46,91.16,84.06,88.55,76.32,75.94
03-01435,308.75,472.95,146.74,293.79,449.24,143.98,123.63,145.29,155.51,16.25,18.63
03-01436,169.04,206.09,425.54,197.11,200.02,369.06,208.79,188.57,182.22,60.66,72.1
03-01437,437.18,385.88,175.52,420.37,465.8,297.1,354.32,349.63,338.26,76.8,90.46
03-01438,137.31,455.68,175.39,138.13,442.1,246.86,262.71,234.37,216.24,27.77,26.15
03-01439,69.57,65.23,463.12,73.87,0.0,552.29,295.54,280.32,281.29,39.9,45.92
03-01440,268.5,239.59,464.67,221.15,377.3,460.24,269.22,254.13,240.4,12.47,10.11
03-01441,86.87,249.08,302.42,123.16,296.68,285.15,263.63,245.09,223.76,78.19,91.37
03-01442,81.41,78.65,92.7,17.32,114.29,73.3,80.04,84.47,83.67,66.6,76.82
03-01443,270.0,294.16,106.44,333.23,387.36,115.54,298.05,271.48,257.43,73.18,62.72
03-01444,271.32,238.44,242.78,285.67,214.35,267.46,197.39,225.21,219.56,68.21,69.51
03-01445,241.01,492.85,303.56,237.82,532.6,342.62,273.1,280.17,299.99,20.12,19.0
03-01446,420.79,481.92,196.86,486.43,505.97,196.2,125.92,122.99,119.62,65.62,73.15
03-01447,170.22,435.59,73.75,137.75,415.68,44.72,349.86,289.74,269.79,56.24,48.71
03-01448,241.73,233.25,326.47,262.77,217.86,281.05,380.65,427.85,450.46,77.33,73.89
03-01449,135.16,292.28,254.04,118.81,346.47,283.82,124.36,115.75,107.36,18.31,21.56
03-01450,239.86,321.78,384.03,340.38,242.06,336.42,161.74,151.48,156.18,35.11,37.05
03-01451,251.46,494.72,447.9,141.19,471.21,331.35,158.09,129.56,135.95,50.14,53.2
03-01452,159.77,90.02,425.25,23.36,0.0,518.95,191.38,221.84,206.68,12.66,13.83
03-01453,432.28,176.36,356.0,352.23,190.89,300.71,98.84,111.6,120.77,37.43,33.32
03-01454,174.58,222.99,451.53,166.72,146.01,448.84,188.55,164.26,151.27,13.15,12.37
03-01455,179.36,323.57,281.59,330.71,349.0,416.89,418.45,435.43,428.99,15.33,15.1
03-01456,122.46,259.95,271.85,44.2,205.92,245.63,431.35,476.47,523.28,77.62,82.41
03-01457,297.34,453.28,269.65,362.3,442.99,141.9,397.03,451.68,428.42,62.59,51.04
03-01458,188.93,346.28,379.0,213.26,289.56,455.73,348.19,392.1,414.02,65.01,63.19
03-01459,380.66,444.4,435.03,403.66,364.2,410.08,401.47,471.32,512.74,17.13,18.61
03-01460,428.46,436.74,298.78,378.53,508.49,298.85,172.0,172.08,182.51,55.07,57.41
03-01461,299.41,386.79,254.94,303.43,418.3,255.18,167.74,156.77,168.48,61.12,66.67
03-01462,393.97,158.01,221.83,367.93,195.33,193.28,97.31,80.07,87.08,41.08,36.11
03-01463,123.31,301.49,127.56,200.69,271.64,180.85,124.98,111.12,120.94,50.28,45.39
03-01464,418.45,278.94,251.96,446.99,314.17,248.61,218.63,234.73,216.32,75.62,64.07
03-01465,235.14,258.82,200.04,247.84,291.39,120.05,281.88,324.44,356.02,52.01,55.42
03-01466,67.45,313.64,465.92,14.62,314.57,422.76,348.29,416.38,456.27,36.69,36.14
03-01467,328.24,406.09,264.71,388.53,359.69,206.64,309.78,256.87,250.62,62.51,59.71
03-01468,259.54,409.79,204.29,186.85,370.6,66.14,136.84,156.8,170.9,32.82,26.51
03-01469,103.14,445.61,359.25,152.28,432.77,341.05,158.66,151.07,156.17,63.31,67.45
03-01470,480.24,488.59,264.9,630.36,520.13,306.27,87.85,86.52,86.38,18.66,19.77
03-01471,60.98,87.06,286.14,0.0,158.26,409.91,342.06,391.61,398.4,14.54,11.79
03-01472,214.28,240.17,452.44,154.59,129.34,502.12,233.39,215.28,211.36,15.93,16.64
03-01473,369.4,304.16,353.14,324.09,278.96,411.74,442.26,362.5,346.53,75.1,83.72
03-01474,232.56,345.21,114.25,221.74,377.93,73.06,204.43,206.48,211.06,12.15,11.16
03-01475,312.42,361.43,76.47,319.93,382.31,25.11,405.64,347.24,323.05,43.01,50.66
03-01476,278.37,99.4,341.86,247.27,0.0,353.04,254.0,232.16,237.25,18.25,17.52
03-01477,363.56,159.93,77.96,395.72,129.68,92.74,145.63,162.31,158.57,77.24,62.05
03-01478,189.96,476.28,337.82,237.1,508.92,373.28,298.24,262.18,244.13,77.52,62.76
03-01479,391.92,497.05,237.21,443.57,537.32,174.59,304.98,289.14,297.24,23.21,27.84
03-01480,260.03,119.72,280.02,270.86,105.53,277.42,222.78,183.08,194.45,26.0,27.23
03-01481,495.98,496.59,280.87,508.67,466.1,206.39,338.1,296.6,288.16,76.0,79.32
03-01482,116.72,181.46,275.31,43.75,232.41,251.04,437.91,354.12,374.68,63.03,57.5
03-01483,472.33,308.97,129.04,517.26,375.8,171.56,144.08,126.73,126.32,19.87,16.67
03-01484,91.7,308.24,114.8,137.61,268.51,10.08,368.07,390.35,420.64,34.19,33.96
03-01485,329.48,316.73,351.4,282.76,332.01,376.68,233.68,215.71,208.95,75.6,86.04
03-01486,278.85,302.41,458.71,262.67,207.39,407.29,294.52,260.49,240.67,23.87,22.47
03-01487,444.31,348.09,250.48,363.08,290.44,246.17,430.19,358.89,363.25,24.38,26.66
04-00000,270.76,261.48,307.55,214.61,259.94,434.22,382.53,346.14,375.18,73.02,83.33
04-00001,151.61,220.82,295.5,162.8,115.39,370.17,130.06,108.18,99.08,67.19,72.32
04-00002,215.3,358.63,113.95,296.79,330.14,87.43,88.57,81.12,82.63,60.17,48.99
04-00003,492.38,198.08,443.47,520.69,147.59,483.42,350.19,362.54,334.71,35.33,39.86
04-00004,223.86,193.54,373.88,257.08,267.31,308.04,177.72,208.8,194.97,71.63,79.67
04-00005,415.29,362.68,238.04,367.88,485.26,295.18,357.59,369.13,377.13,64.25,64.44
04-00006,371.68,267.26,69.26,372.68,307.24,96.09,168.77,184.43,170.1,29.46,27.37
04-00007,138.7,113.4,477.05,194.2,173.63,475.65,341.31,275.78,275.56,19.61,22.74
04-00008,81.03,73.72,220.86,96.05,90.3,145.5,238.21,247.91,249.98,62.58,73.07
04-00009,261.5,64.58,201.04,232.57,114.03,228.18,102.99,120.09,118.72,15.56,15.31
04-00010,154.81,191.37,230.14,239.86,192.29,271.0,112.66,120.09,121.99,26.89,28.03
04-00011,341.05,180.03,186.62,363.41,126.99,209.51,419.3,405.78,414.28,59.94,62.8
04-00012,240.4,114.21,467.89,227.87,68.93,494.7,265.54,281.9,262.06,10.55,12.24
04-00013,189.22,283.57,350.33,117.75,264.0,435.32,410.59,355.02,346.52,30.75,29.81
04-00014,225.95,191.48,284.44,201.93,216.54,295.54,153.77,147.14,147.11,24.97,27.0
04-00015,391.72,303.52,222.7,410.77,215.85,171.95,363.07,418.37,425.38,61.83,50.33
04-00016,340.94,267.51,435.02,351.93,298.44,470.31,121.42,141.02,139.85,71.39,64.29
04-00017,407.41,209.07,479.63,387.72,102.74,430.82,172.43,139.79,147.94,36.64,32.92
04-00018,379.16,486.96,266.06,295.8,478.57,146.4,137.96,128.03,126.5,15.0,17.04
04-00019,427.27,452.25,61.93,404.91,399.73,64.67,218.1,207.91,222.37,22.99,20.78
04-00020,274.93,60.26,201.94,365.97,0.0,229.8,285.1,338.77,361.57,23.23,26.56
04-00021,289.35,481.84,478.36,361.43,577.88,500.7,156.8,166.32,153.87,30.72,29.35
04-00022,164.01,242.49,64.11,148.85,231.85,143.26,360.42,353.79,326.5,17.81,19.66
04-00023,357.4,290.04,421.31,465.95,379.74,408.51,354.48,359.7,372.19,67.72,59.66
04-00024,257.66,130.86,124.15,307.12,139.8,94.32,86.48,88.81,88.51,55.61,57.16
04-00025,450.36,466.29,70.55,477.41,442.89,71.97,216.26,185.3,195.91,20.23,19.67
04-00026,459.33,473.57,224.48,303.59,453.55,154.68,321.36,300.55,310.64,69.49,64.85
04-00027,167.03,72.81,428.06,107.58,30.06,383.32,367.16,298.09,305.45,43.02,39.29
04-00028,196.93,117.94,81.09,224.49,142.52,162.08,256.38,244.7,262.85,67.9,64.76
04-00029,364.86,370.85,210.87,311.21,346.56,271.27,431.04,433.06,429.89,25.09,20.53
04-00030,97.75,372.97,293.51,63.57,394.25,269.9,371.28,350.92,325.91,63.15,61.8
04-00031,145.45,448.0,485.91,86.21,407.92,484.86,195.85,198.37,199.27,38.49,31.34
04-00032,228.5,452.26,124.98,273.21,446.52,50.3,434.37,404.01,417.61,11.13,12.04
04-00033,372.69,337.19,487.74,424.75,393.65,550.53,165.04,171.67,177.02,68.33,66.22
04-00034,445.09,126.73,105.98,491.75,153.22,12.77,138.89,143.18,151.77,32.29,34.19
04-00035,150.5,367.55,176.49,135.28,403.76,149.16,403.91,346.27,363.62,65.32,55.2
04-00036,376.17,484.43,245.02,366.31,549.55,158.98,385.85,387.16,390.83,48.56,51.31
04-00037,150.75,187.46,85.05,193.49,149.94,35.61,122.49,135.18,147.48,70.91,58.84
04-00038,453.88,258.06,189.73,536.39,228.61,267.28,325.01,299.0,270.14,31.83,27.57
04-00039,336.03,474.4,429.95,343.89,479.37,403.44,255.97,258.41,281.15,44.34,47.23
04-00040,210.26,157.77,484.57,319.48,262.33,564.2,187.05,205.37,210.34,69.47,73.47
04-00041,182.43,66.06,298.58,264.64,10.25,222.09,286.11,333.45,330.11,52.64,54.76
04-00042,211.67,440.13,412.93,267.41,465.33,353.78,154.18,126.73,125.19,24.41,24.65
04-00043,289.0,469.58,454.49,305.66,517.79,338.78,319.84,279.22,289.54,20.62,24.56
04-00044,122.37,468.08,64.27,169.47,308.51,106.48,249.19,242.0,219.35,78.1,77.79
04-00045,98.93,286.34,232.88,16.51,279.46,257.52,108.19,92.89,97.11,10.91,9.97
04-00046,462.02,222.36,116.85,481.68,239.25,149.37,397.41,395.57,366.92,66.25,68.23
04-00047,318.78,156.75,66.23,190.76,241.0,102.31,364.96,360.86,369.01,13.09,14.26
04-00048,446.02,397.19,347.4,328.67,305.98,348.1,419.2,440.22,411.35,43.06,39.68
04-00049,292.69,447.78,385.9,381.73,508.27,351.89,90.1,77.21,75.98,43.15,37.05
04-00050,241.85,153.74,145.63,288.73,147.87,130.06,321.33,312.25,326.97,77.12,67.03
04-00051,499.74,103.19,382.53,563.06,186.07,499.65,358.91,396.88,373.59,49.48,51.51
04-00052,370.7,256.83,453.15,313.31,255.72,570.85,397.26,435.53,468.28,18.94,16.58
04-00053,444.24,154.88,74.07,494.36,218.85,0.0,226.37,228.62,228.31,17.56,19.51
04-00054,102.0,160.0,460.66,91.34,87.56,507.74,204.73,195.62,193.2,70.5,65.38
04-00055,462.27,395.65,254.34,419.71,406.75,207.51,173.72,192.97,178.77,58.66,61.02
04-00056,160.8,94.39,292.1,124.47,66.03,350.71,169.33,152.35,138.11,79.33,70.81
04-00057,208.07,245.71,345.19,353.01,186.11,245.92,395.18,461.28,497.28,57.38,64.95
04-00058,163.74,456.77,318.46,116.59,443.55,276.2,384.58,374.29,381.91,48.78,56.76
04-00059,497.82,358.45,176.97,542.05,309.37,121.15,211.12,195.26,189.45,69.13,60.96
04-00060,292.11,259.04,259.46,262.67,308.47,362.52,376.46,422.21,433.87,76.19,83.28
04-00061,211.78,401.52,431.7,222.56,308.52,492.46,141.5,146.61,152.58,71.72,61.83
04-00062,175.37,327.7,362.39,156.43,270.01,446.24,414.99,356.14,367.07,10.67,9.79
04-00063,415.59,373.36,406.63,390.87,317.21,474.4,91.92,82.61,74.51,77.21,77.58
04-00064,65.61,457.85,257.55,0.0,365.93,226.9,445.78,379.72,396.15,77.29,75.44
04-00065,446.46,151.6,205.21,402.9,195.51,243.06,226.87,222.39,216.14,17.04,14.43
04-00066,466.34,144.08,126.3,422.94,172.8,147.79,280.0,284.4,267.03,23.64,20.68
04-00067,481.62,386.71,242.62,386.07,381.8,332.18,204.67,228.74,235.91,65.63,65.73
04-00068,263.47,487.25,351.26,264.93,503.56,403.66,419.2,364.36,376.37,56.36,65.02
04-00069,196.86,244.43,389.29,122.97,187.33,405.59,363.78,346.27,354.63,25.0,26.26
04-00070,86.27,418.25,333.87,85.53,535.58,275.06,179.88,197.8,217.21,79.55,78.06
04-00071,367.99,122.82,377.05,284.5,28.18,454.25,302.89,288.98,300.61,34.85,29.87
04-00072,411.4,68.03,93.43,486.19,0.0,101.15,435.32,406.9,380.25,75.94,73.97
04-00073,332.4,124.57,69.63,297.63,130.1,5.42,92.39,83.45,86.02,37.19,35.91
04-00074,67.94,370.31,264.4,115.85,338.95,272.25,173.97,153.14,162.29,35.67,36.94
04-00075,370.01,158.06,488.53,344.78,308.06,467.05,249.47,217.84,228.04,30.11,30.0
04-00076,396.62,397.6,492.46,473.05,378.66,475.66,246.44,217.55,215.46,35.56,34.7
04-00077,195.06,471.04,144.46,264.68,436.77,186.91,352.88,376.82,390.94,28.49,31.63
04-00078,314.02,112.51,334.51,411.22,119.11,228.44,283.32,231.47,222.61,57.41,47.27
04-00079,299.33,64.79,106.63,239.59,69.62,129.4,200.73,204.38,193.03,21.55,18.38
04-00080,276.0,117.2,290.39,282.59,155.59,209.47,314.5,306.59,281.51,62.54,73.37
04-00081,210.34,289.39,348.88,173.49,226.68,374.76,347.23,374.31,385.33,55.99,62.64
04-00082,491.92,179.32,309.83,490.2,98.9,288.97,286.42,292.04,265.36,29.68,32.96
04-00083,144.52,288.38,80.0,274.82,301.04,134.8,195.71,160.68,149.57,14.1,13.81
04-00084,216.92,144.26,147.99,205.31,185.86,135.07,414.34,395.73,356.32,52.2,49.44
04-00085,373.38,206.21,372.07,312.51,173.72,411.08,436.2,380.75,395.7,57.5,49.32
04-00086,433.38,63.37,360.1,402.1,97.0,322.96,198.66,176.59,177.16,57.66,51.07
04-00087,402.77,295.97,172.55,310.85,317.56,241.61,428.74,456.13,492.88,51.81,48.39
04-00088,422.1,368.77,458.86,422.25,381.97,496.58,413.89,419.13,440.39,33.32,33.32
04-00089,335.2,330.88,112.53,380.84,304.68,171.87,382.49,421.25,459.92,59.79,51.91
04-00090,274.88,190.63,329.41,336.27,197.84,255.86,319.0,323.81,310.27,14.07,14.82
04-00091,405.35,417.48,223.85,474.06,486.03,129.07,370.46,316.72,305.76,17.31,17.44
04-00092,290.03,111.15,112.65,272.26,102.84,132.81,340.52,292.0,285.73,58.79,50.92
04-00093,423.6,225.24,301.82,453.16,274.5,427.49,320.03,346.19,332.82,10.21,9.48
04-00094,467.17,146.74,301.95,482.33,198.76,336.28,208.91,212.06,216.67,76.09,64.43
04-00095,470.41,183.03,462.04,474.22,225.28,490.48,448.62,506.27,521.45,63.88,53.24
04-00096,67.87,334.94,187.13,0.0,309.53,87.73,342.09,330.35,345.22,53.15,62.61
04-00097,224.73,77.07,340.86,308.53,33.26,359.03,80.45,78.36,80.1,19.98,18.3
04-00098,163.91,494.93,393.04,174.24,486.06,363.3,304.29,341.22,367.94,38.51,41.26
04-00099,397.69,141.55,67.13,450.45,155.46,146.65,422.77,423.62,462.01,47.17,49.0
04-00100,401.54,94.12,491.71,481.45,64.02,432.84,338.37,296.61,282.35,65.43,53.22
04-00101,340.9,314.35,76.21,289.64,306.78,85.56,101.41,105.86,98.68,67.48,59.83
04-00102,416.76,276.03,211.57,520.54,159.72,198.35,95.76,110.68,115.72,12.25,10.61
04-00103,482.44,184.37,254.23,426.25,220.69,250.01,267.31,263.22,271.89,20.62,19.57
04-00104,333.39,235.31,218.73,328.13,316.31,175.89,302.22,334.0,337.58,15.49,14.27
04-00105,97.86,297.81,128.93,41.72,235.73,166.56,84.72,98.43,90.01,37.52,36.39
04-00106,177.21,105.13,308.02,176.41,79.15,323.83,322.8,275.95,300.65,74.15,87.54
04-00107,285.18,240.16,484.2,314.86,198.2,452.51,114.31,118.87,108.67,73.51,82.57
04-00108,76.16,68.73,367.09,4.87,66.7,335.27,357.03,313.22,297.61,51.13,41.05
04-00109,111.66,495.37,343.07,87.71,455.49,307.76,186.85,211.61,209.59,13.76,12.83
04-00110,299.67,100.0,485.13,205.6,63.8,633.09,120.08,124.05,118.98,26.39,25.28
04-00111,235.33,435.03,111.64,244.21,353.85,10.28,132.5,129.39,140.64,53.05,49.45
04-00112,180.11,352.19,467.97,91.66,394.09,432.37,232.06,220.52,227.08,52.1,45.07
04-00113,296.51,99.88,88.16,262.66,100.01,91.75,311.04,259.74,275.35,76.47,83.4
04-00114,185.05,187.15,216.12,114.51,211.9,193.28,398.74,420.3,416.45,55.45,47.41
04-00115,212.16,203.13,329.62,286.61,214.6,412.24,372.92,345.63,313.2,30.01,29.19
04-00116,93.85,306.99,459.13,97.76,339.62,470.07,363.32,351.38,326.28,76.04,66.88
04-00117,394.7,213.64,100.81,510.82,215.11,84.68,372.24,320.47,331.4,66.71,54.51
04-00118,287.03,483.55,73.89,228.96,448.28,68.8,264.2,267.4,261.95,33.41,31.45
04-00119,61.75,192.06,461.85,75.98,100.85,451.88,397.19,432.47,473.82,60.16,70.82
04-00120,272.59,97.79,175.29,276.7,160.14,276.71,329.62,383.38,405.04,63.97,51.68
04-00121,371.89,309.49,478.76,375.11,389.34,448.02,101.45,102.76,109.98,52.81,48.26
04-00122,119.22,268.14,307.43,98.89,215.2,322.69,434.34,454.28,465.1,29.31,34.25
04-00123,469.62,471.62,205.33,577.09,472.36,217.92,360.81,415.88,382.26,76.48,75.45
04-00124,143.19,310.62,446.35,101.02,314.21,434.95,432.39,497.32,542.07,55.79,47.72
04-00125,434.9,375.4,124.96,422.65,344.88,123.65,412.82,464.32,458.24,76.55,88.94
04-00126,431.18,436.06,136.85,473.17,387.4,152.07,230.13,228.07,227.74,67.9,62.33
04-00127,245.51,303.12,259.47,241.97,346.92,205.04,165.08,166.94,178.87,37.44,42.26
04-00128,413.18,424.46,107.12,439.85,516.07,74.73,184.03,168.16,156.27,21.51,24.76
04-00129,483.09,301.17,154.08,391.66,261.86,239.67,217.81,196.28,206.12,32.74,26.63
04-00130,278.07,71.4,67.43,278.07,105.12,49.37,243.47,252.83,235.3,54.05,44.12
04-00131,293.71,69.68,476.91,375.09,71.54,442.88,141.79,139.73,153.16,23.84,25.94
04-00132,62.53,280.53,187.98,21.23,362.43,167.95,316.68,278.73,281.3,13.4,15.32
04-00133,253.74,257.8,441.56,250.27,243.93,520.34,435.55,440.29,448.57,33.19,28.88
04-00134,124.42,153.57,344.43,93.71,141.35,364.89,141.57,154.7,159.8,70.57,81.85
04-00135,461.05,298.24,117.15,425.27,308.39,0.0,279.54,260.8,255.29,33.53,38.06
04-00136,404.7,176.23,204.46,469.82,231.2,116.46,164.48,167.16,154.26,45.56,42.52
04-00137,337.97,488.68,289.1,391.06,502.52,288.91,141.89,141.2,140.96,62.32,63.92
04-00138,84.54,152.51,94.64,55.89,214.4,119.35,300.47,354.36,387.06,78.88,71.0
04-00139,134.13,295.65,490.65,30.33,279.03,532.56,369.45,353.85,337.16,15.03,13.82
04-00140,111.09,275.11,386.44,64.56,213.68,368.71,259.53,262.62,241.3,12.76,10.26
04-00141,111.53,162.89,86.05,98.68,117.43,182.57,363.95,407.74,401.51,62.92,50.49
04-00142,382.62,381.6,334.64,505.36,424.87,414.04,370.13,344.3,364.4,19.51,20.48
04-00143,381.94,289.98,177.17,401.15,210.69,45.61,93.66,85.17,78.62,13.89,16.49
04-00144,391.33,138.04,411.63,361.14,131.95,355.93,363.31,355.53,335.57,54.8,49.6
04-00145,333.75,475.19,270.14,340.55,428.39,210.95,161.16,175.09,168.42,33.06,32.62
04-00146,232.45,269.09,323.83,239.68,159.11,288.25,334.34,349.25,377.87,47.05,41.74
04-00147,66.25,495.73,495.33,52.12,454.87,551.22,393.1,326.78,352.34,35.2,32.62
04-00148,399.77,77.15,466.47,349.69,164.77,481.5,413.93,333.88,365.49,36.22,31.63
04-00149,327.79,233.07,470.58,299.71,278.39,453.43,295.78,276.33,302.02,29.48,27.79
04-00150,457.24,270.49,412.75,413.98,164.71,347.36,240.45,270.16,267.1,45.4,37.64
04-00151,185.97,341.79,112.15,263.95,291.51,9.87,172.29,154.52,149.21,11.83,12.01
04-00152,397.74,339.19,355.28,311.07,378.41,359.66,144.74,166.12,168.91,27.13,23.79
04-00153,320.23,238.17,257.32,214.39,213.74,270.52,239.92,260.63,281.03,68.06,79.84
04-00154,287.79,142.41,287.65,348.08,180.94,252.74,315.25,336.67,349.44,72.23,74.32
04-00155,299.02,154.84,476.5,391.77,277.14,482.38,120.77,142.77,131.32,20.4,16.9
04-00156,274.61,238.56,259.49,254.16,195.87,165.71,184.3,173.28,188.08,26.73,30.41
04-00157,138.18,145.4,453.25,232.72,168.0,585.8,291.7,256.74,238.43,35.91,28.73
04-00158,299.92,150.2,201.45,216.96,233.48,181.77,111.82,90.21,82.88,40.28,33.35
04-00159,302.52,310.85,122.04,264.64,385.72,190.46,367.77,302.61,310.28,79.91,90.88
04-00160,247.64,227.36,139.05,344.24,138.43,158.06,444.28,472.4,462.95,62.96,50.78
04-00161,267.07,432.74,413.19,367.68,530.0,438.14,134.2,145.88,147.46,48.4,41.92
04-00162,403.52,181.79,64.39,387.73,88.25,8.63,413.38,431.84,422.53,46.9,47.53
04-00163,388.53,362.31,270.65,415.39,347.6,363.06,262.88,222.92,235.0,16.57,16.44
04-00164,242.31,247.63,416.0,279.1,168.4,363.31,177.57,210.98,214.97,51.48,51.75
04-00165,311.65,364.47,457.06,277.05,448.3,365.37,357.8,424.25,396.38,63.61,52.68
04-00166,435.33,212.95,171.67,343.22,207.36,222.26,161.12,173.6,167.31,72.71,79.49
04-00167,424.98,419.41,353.14,444.49,440.45,406.73,131.32,107.68,109.02,74.53,78.69
04-00168,357.84,278.84,417.63,408.93,312.27,323.98,333.83,298.92,326.69,53.92,62.02
04-00169,476.24,404.5,325.63,523.44,276.23,403.03,254.57,296.81,318.01,54.72,48.94
04-00170,499.63,82.51,120.28,543.77,64.22,162.78,270.27,283.36,291.5,18.59,16.32
04-00171,384.04,334.89,240.75,365.47,374.24,172.13,293.31,326.67,329.1,61.93,73.87
04-00172,69.6,72.07,269.81,80.47,121.78,275.99,413.48,468.2,440.23,76.84,73.07
04-00173,216.2,468.44,474.87,168.85,553.12,563.04,313.51,352.78,340.59,55.62,58.17
04-00174,429.94,398.4,268.38,473.52,425.11,289.51,404.55,393.96,429.79,53.24,57.28
04-00175,333.21,306.25,245.42,551.45,293.11,282.33,274.07,327.15,325.11,60.99,67.25
04-00176,171.99,85.01,216.08,246.64,35.15,237.36,351.53,326.14,318.1,42.13,47.28
04-00177,162.85,486.06,125.23,46.33,566.63,183.05,414.93,456.57,496.2,32.6,29.83
04-00178,486.82,209.31,313.74,480.23,245.58,250.4,323.37,331.27,337.1,56.09,54.35
04-00179,403.12,318.14,354.2,391.01,369.95,326.82,149.86,137.91,148.74,73.42,81.94
04-00180,401.56,192.45,372.54,393.98,166.32,349.76,369.5,331.33,320.1,11.29,10.6
04-00181,338.1,462.72,422.68,317.36,387.0,302.66,322.04,301.71,307.19,13.09,14.91
04-00182,105.84,449.26,405.48,73.35,416.03,463.88,255.28,249.73,266.28,31.43,26.64
04-00183,416.81,237.25,336.56,470.2,204.84,258.11,352.55,334.28,303.99,33.61,38.85
04-00184,415.75,251.45,325.3,341.73,185.19,359.94,249.64,253.92,245.39,42.58,48.2
04-00185,260.06,410.71,473.22,307.32,394.11,440.96,214.3,185.03,187.85,53.84,54.31
04-00186,154.71,84.77,373.41,152.34,174.08,418.99,426.91,388.0,373.93,30.75,34.12
04-00187,217.65,486.73,420.17,222.25,367.18,446.66,145.82,119.69,112.43,15.65,17.57
04-00188,479.77,338.51,314.4,512.05,354.65,335.37,413.74,466.72,493.1,44.48,36.68
04-00189,316.76,156.6,374.84,304.83,284.66,345.91,228.53,193.04,188.69,51.43,45.35
04-00190,490.41,476.65,343.1,316.07,506.33,329.83,389.43,465.81,482.88,63.35,71.09
04-00191,238.82,186.26,473.18,273.46,103.55,422.01,262.3,237.67,232.82,46.25,40.21
04-00192,175.16,218.54,368.55,163.77,168.86,319.54,308.59,343.37,374.15,20.8,24.95
04-00193,128.39,209.54,141.49,17.59,193.97,132.01,319.94,365.44,370.84,52.04,55.3
04-00194,370.07,126.66,133.63,357.1,107.25,280.35,425.15,413.02,401.32,61.04,54.27
04-00195,288.72,494.8,117.15,367.5,608.24,149.7,439.95,411.04,401.07,58.65,64.05
04-00196,473.45,197.12,193.4,425.15,271.73,222.84,192.29,230.67,241.45,74.3,69.92
04-00197,460.06,318.72,138.43,483.92,190.38,187.6,448.58,412.68,373.74,21.61,19.61
04-00198,381.27,102.34,199.62,448.84,110.62,252.21,158.99,190.34,199.82,61.52,65.16
04-00199,261.86,163.08,128.41,226.67,65.64,174.21,132.71,106.79,99.43,63.19,65.19
04-00200,399.98,205.21,379.96,406.98,153.36,364.02,379.26,448.21,442.24,48.44,46.94
04-00201,142.88,195.35,491.17,86.69,273.15,637.83,266.86,297.86,319.56,21.1,20.16
04-00202,325.89,85.97,367.22,344.72,92.24,402.89,305.95,334.18,318.6,48.8,43.22
04-00203,321.01,83.28,257.05,401.02,107.77,174.97,342.7,304.98,329.16,52.53,55.72
04-00204,300.5,121.62,402.05,301.78,177.31,447.76,196.49,219.96,222.31,40.78,40.01
04-00205,91.89,416.28,257.1,47.5,420.57,300.73,90.93,93.65,93.67,20.31,19.91
04-00206,349.95,265.63,440.78,388.18,171.53,379.39,277.73,294.76,295.1,10.19,11.58
04-00207,116.17,404.05,86.4,171.02,295.48,74.11,103.8,121.95,132.69,32.47,31.36
04-00208,300.24,224.38,410.69,280.73,263.12,439.29,210.02,178.88,179.55,24.87,20.66
04-00209,230.36,491.54,258.19,294.02,431.15,161.39,96.95,103.53,111.96,17.7,17.28
04-00210,478.47,465.28,325.78,514.7,465.81,255.56,353.37,317.49,289.03,30.75,32.95
04-00211,235.14,498.62,242.77,96.95,497.26,306.9,156.76,133.55,133.3,64.3,60.26
04-00212,279.07,199.23,74.53,213.8,264.15,34.84,132.18,118.99,117.89,23.33,26.88
04-00213,482.77,60.0,149.75,496.37,3.95,191.11,118.16,102.94,102.62,63.46,64.87
04-00214,410.77,370.25,165.05,361.05,348.07,164.71,122.1,146.03,141.15,18.07,15.73
04-00215,252.57,384.31,449.38,222.12,358.03,430.4,388.67,330.96,355.89,38.24,40.41
04-00216,338.46,69.28,380.1,326.52,40.45,335.65,405.64,358.81,386.94,67.48,73.35
04-00217,284.44,442.56,195.21,288.13,480.43,143.17,190.58,211.8,194.34,44.21,36.81
04-00218,170.72,434.65,403.59,120.87,365.87,308.96,188.41,161.8,151.34,77.73,83.45
04-00219,260.17,489.26,303.92,247.78,496.2,348.82,323.9,290.02,303.67,64.36,70.98
04-00220,436.52,176.54,117.45,413.73,224.94,117.21,396.86,370.36,361.05,37.51,41.86
04-00221,342.41,412.4,113.93,499.75,442.38,56.51,122.48,102.06,101.42,18.17,20.06
04-00222,452.05,319.61,64.69,477.38,316.36,97.66,161.22,146.52,148.98,78.62,63.44
04-00223,385.11,293.58,299.25,363.97,344.53,289.03,274.01,258.9,277.46,55.15,58.3
04-00224,432.27,328.49,393.82,382.37,258.05,377.78,208.35,177.88,182.06,73.41,72.18
04-00225,185.46,125.72,176.66,120.84,186.71,215.66,292.81,254.5,245.46,38.14,34.61
04-00226,200.89,431.87,292.16,199.99,314.95,373.41,413.43,386.04,359.4,72.78,64.11
04-00227,222.87,328.1,472.72,235.53,350.35,524.77,161.36,140.46,145.59,33.21,34.7
04-00228,185.79,242.39,358.1,146.47,258.12,304.02,310.36,263.15,263.65,31.95,26.05
04-00229,103.04,180.07,133.54,174.51,310.55,0.0,348.33,297.73,319.67,35.42,33.4
04-00230,188.11,110.53,228.51,206.6,206.22,120.57,243.56,201.54,204.94,36.2,41.16
04-00231,379.8,335.26,259.0,363.31,241.0,244.27,327.17,328.11,332.55,65.6,76.63
04-00232,133.92,143.27,165.87,181.38,0.0,84.16,224.38,266.12,254.06,43.15,34.92
04-00233,151.41,383.81,159.7,118.93,346.72,112.87,250.15,212.33,207.29,71.87,57.98
04-00234,331.21,108.81,127.51,379.4,92.13,122.78,271.15,310.43,302.84,76.85,71.51
04-00235,188.5,105.13,177.66,258.43,88.94,235.82,306.53,320.87,302.11,60.57,63.43
04-00236,190.51,107.45,175.92,214.97,85.47,136.73,205.41,164.94,170.94,32.03,29.11
04-00237,494.96,415.37,76.1,448.48,405.0,153.79,327.81,382.9,409.11,61.42,56.68
04-00238,109.8,338.89,309.48,85.76,336.95,188.77,422.3,406.35,381.54,52.59,43.14
04-00239,247.67,273.86,207.55,297.33,193.42,235.55,311.72,337.83,325.78,11.36,11.18
04-00240,309.86,483.25,469.62,346.5,485.8,413.33,374.64,430.94,440.81,25.04,28.36
04-00241,254.38,140.11,494.72,230.76,147.74,392.88,145.9,119.67,126.72,45.88,54.22
04-00242,275.97,488.67,165.87,361.49,382.72,150.42,403.15,394.64,365.61,29.91,29.07
04-00243,72.22,392.74,374.63,0.0,406.67,374.41,151.49,132.27,138.76,11.85,10.68
04-00244,306.81,388.65,465.96,361.09,395.07,592.83,409.41,485.76,516.88,58.26,67.91
04-00245,70.8,285.67,382.84,0.0,329.27,371.43,449.25,364.43,373.44,30.48,33.44
04-00246,499.78,247.02,167.83,479.48,278.59,210.33,263.76,286.78,294.76,21.95,22.89
04-00247,472.18,416.3,466.18,532.23,416.89,424.14,151.18,137.92,146.69,72.41,81.44
04-00248,251.04,424.99,327.43,207.09,440.66,412.5,228.84,262.88,242.23,70.51,82.04
04-00249,335.13,290.81,187.97,317.32,288.95,163.99,294.63,237.54,245.96,68.25,64.76
04-00250,289.15,297.83,76.09,348.7,258.61,0.0,425.67,374.12,397.54,40.75,38.88
04-00251,175.45,343.51,297.52,168.18,450.09,335.71,344.46,335.91,323.83,67.56,55.93
04-00252,464.61,139.38,99.0,544.77,100.55,5.51,240.16,255.56,266.85,43.39,48.35
04-00253,434.72,155.68,193.35,454.76,160.57,134.13,169.26,169.73,180.1,71.15,69.91
04-00254,410.15,442.81,368.27,469.53,399.29,338.88,252.78,246.41,253.37,74.48,86.67
04-00255,85.55,190.26,301.23,0.0,191.05,299.16,156.94,183.29,179.89,58.93,54.82
04-00256,232.91,198.45,330.73,124.54,291.71,409.27,242.61,220.06,211.76,78.13,88.48
04-00257,194.53,385.38,142.17,218.28,438.81,104.87,368.55,422.87,404.5,53.51,55.2
04-00258,447.5,448.3,385.56,369.42,391.37,239.78,409.25,459.48,420.19,11.11,13.3
04-00259,343.42,490.94,334.94,330.7,434.35,359.08,105.18,102.27,100.42,13.1,12.07
04-00260,303.33,284.27,497.13,353.16,308.36,485.0,350.22,383.6,378.1,24.06,23.84
04-00261,436.11,239.78,474.36,371.73,234.64,507.7,253.72,224.59,222.85,33.9,37.9
04-00262,145.52,289.95,95.26,196.72,380.8,26.35,276.11,307.18,278.46,49.77,47.57
04-00263,121.94,297.63,362.58,102.14,300.53,447.57,358.27,424.79,459.6,46.37,42.1
04-00264,417.6,142.12,92.7,374.73,136.64,71.62,336.45,386.95,408.83,33.67,35.76
04-00265,438.98,213.36,334.11,517.56,220.29,462.31,231.24,256.48,255.53,17.04,14.41
04-00266,96.47,282.13,179.27,16.62,322.82,123.27,345.23,287.48,307.66,34.65,36.5
04-00267,465.97,324.07,491.28,476.82,464.86,472.72,243.18,228.05,217.63,27.08,30.7
04-00268,266.32,262.99,461.64,165.96,213.35,452.93,259.68,283.02,297.57,13.74,13.98
04-00269,175.31,379.96,489.48,139.0,352.78,620.59,80.71,84.03,88.07,24.51,28.09
04-00270,80.93,121.4,435.93,24.33,64.93,426.53,328.34,317.77,306.36,47.93,43.37
04-00271,180.83,187.28,409.44,178.23,214.75,511.5,340.03,326.21,300.85,25.61,29.57
04-00272,165.06,78.14,399.46,160.03,81.23,404.27,336.51,277.77,276.95,65.56,65.88
04-00273,396.48,190.5,207.83,456.79,194.35,115.02,127.28,143.83,131.0,32.43,37.66
04-00274,83.97,423.24,384.65,128.05,475.15,523.73,144.47,116.53,106.82,59.34,68.44
04-00275,149.47,333.82,299.42,166.33,235.97,272.68,226.86,210.95,212.96,77.7,89.79
04-00276,88.54,305.02,318.16,104.43,246.78,271.3,346.4,351.92,354.6,68.93,55.75
04-00277,139.65,233.47,100.77,118.96,309.24,0.0,297.2,332.97,362.36,51.71,60.52
04-00278,252.46,95.01,271.13,293.05,0.0,255.27,119.63,136.82,124.87,12.76,10.92
04-00279,247.89,240.58,304.23,240.8,363.63,274.38,265.36,317.82,327.01,58.09,69.21
04-00280,483.59,273.95,431.55,453.06,200.03,392.28,102.64,107.0,112.34,31.3,33.08
04-00281,98.37,332.7,294.59,171.33,404.73,235.32,169.32,190.27,199.73,19.91,22.64
04-00282,369.38,428.26,333.06,332.81,438.92,428.97,222.56,222.77,202.04,28.1,27.7
04-00283,100.93,200.94,386.13,131.44,267.24,367.56,115.43,120.57,119.18,72.16,67.13
04-00284,109.81,333.95,163.94,111.7,381.01,192.99,262.99,290.05,317.13,62.23,51.41
04-00285,400.88,125.41,360.92,396.64,163.44,280.44,152.27,143.73,152.54,15.43,13.67
04-00286,426.69,128.74,445.86,470.71,308.77,485.91,93.21,108.92,116.83,73.52,67.22
04-00287,338.2,130.32,117.43,293.51,169.26,102.62,410.48,333.08,308.36,61.09,58.99
04-00288,307.96,442.04,490.89,263.33,442.81,488.87,120.81,122.76,131.64,45.45,38.73
04-00289,308.42,113.34,133.9,361.0,197.66,116.88,246.75,271.72,252.39,51.6,59.99
04-00290,81.31,88.83,125.67,17.16,134.32,135.17,428.41,445.68,420.18,66.23,70.89
04-00291,101.62,287.06,360.94,167.96,357.56,303.69,355.91,404.71,439.53,32.93,29.37
04-00292,457.43,75.27,348.06,470.69,193.98,300.78,355.93,419.93,438.5,46.47,53.59
04-00293,70.82,425.27,233.76,191.64,464.25,231.6,223.16,242.96,242.74,79.72,91.63
04-00294,334.17,382.75,361.57,388.61,379.68,287.59,191.51,224.01,227.23,19.95,20.53
04-00295,358.04,330.08,115.63,428.73,241.98,135.79,411.77,393.52,408.3,63.49,66.41
04-00296,386.26,122.21,307.24,410.11,134.97,307.69,254.07,259.99,281.03,20.22,23.53
04-00297,337.32,159.94,352.43,359.95,144.12,418.27,101.36,101.51,110.08,73.73,87.61
04-00298,444.88,302.47,253.57,471.24,269.19,133.43,249.39,283.68,279.01,69.18,59.59
04-00299,90.74,117.53,107.17,133.69,0.52,212.55,403.92,403.38,368.36,56.59,65.72
04-00300,382.3,212.67,331.19,342.5,244.51,376.82,146.63,129.63,136.41,47.86,54.25
04-00301,254.75,445.12,235.59,354.24,482.67,223.66,322.14,329.24,336.61,74.41,79.2
04-00302,222.51,94.8,376.63,144.51,66.75,260.13,166.2,170.96,187.37,57.15,52.52
04-00303,238.35,265.75,298.13,357.24,316.3,238.26,140.98,167.65,160.29,61.11,64.4
04-00304,455.77,474.7,219.69,462.95,543.91,175.39,395.19,441.95,453.48,23.32,23.19
04-00305,161.69,366.02,476.58,234.58,320.94,506.77,304.55,264.55,288.55,10.19,8.2
04-00306,63.04,157.09,62.67,0.0,59.7,73.68,307.69,353.26,325.02,64.13,52.86
04-00307,201.75,358.23,69.9,153.33,296.1,65.26,268.2,305.9,301.25,55.53,48.2
04-00308,209.64,459.83,342.93,231.41,473.74,438.47,355.59,409.59,427.97,24.62,20.2
04-00309,274.66,188.33,216.57,282.92,128.06,156.2,337.1,395.73,358.54,45.45,52.36
04-00310,202.56,324.56,359.34,206.98,348.24,405.26,270.15,218.87,224.17,44.9,43.33
04-00311,464.31,86.75,104.31,444.74,197.68,107.66,441.73,408.95,372.67,37.16,38.33
04-00312,309.61,232.81,387.04,295.04,165.94,416.39,447.18,504.47,482.11,34.34,29.38
04-00313,390.22,91.61,163.15,381.79,116.8,39.95,140.89,165.95,178.3,49.25,48.53
04-00314,367.8,290.97,471.03,337.91,302.05,577.5,345.15,365.09,392.41,41.0,41.87
04-00315,384.85,142.02,192.26,261.2,135.25,128.39,349.71,416.94,445.86,50.55,48.04
04-00316,239.95,491.59,302.69,280.63,537.89,264.16,128.77,121.31,129.95,54.95,62.69
04-00317,107.96,466.0,70.29,73.6,350.24,144.4,358.59,402.53,365.46,74.07,74.4
04-00318,437.28,207.09,326.11,435.22,197.87,403.48,201.62,231.14,212.31,13.66,15.12
04-00319,148.43,466.96,254.4,183.87,400.52,124.59,119.53,111.74,120.29,22.04,21.64
04-00320,331.91,467.96,499.21,415.91,387.75,466.79,360.74,300.72,318.62,12.05,13.74
04-00321,475.3,212.34,190.57,568.95,208.54,192.17,378.62,406.94,398.08,64.54,69.74
04-00322,359.09,224.89,411.1,381.02,242.24,429.2,256.38,239.58,251.78,62.37,62.01
04-00323,311.54,356.65,304.77,268.63,298.67,328.49,408.27,489.19,489.47,63.08,56.21
04-00324,223.94,109.37,387.65,269.41,187.72,326.86,207.6,200.35,196.42,62.52,60.18
04-00325,248.74,216.46,142.58,136.24,303.55,70.26,132.44,137.49,139.86,37.71,38.21
04-00326,492.98,176.59,329.76,543.05,218.91,242.93,328.34,293.7,271.22,76.23,61.57
04-00327,325.37,444.13,447.5,248.43,464.43,315.08,253.33,236.01,252.14,68.56,77.75
04-00328,193.6,433.81,159.31,182.64,495.55,135.54,286.41,254.02,260.07,24.34,20.23
04-00329,402.08,421.62,394.32,390.49,457.78,458.67,372.5,336.99,349.27,66.46,76.51
04-00330,330.51,168.21,360.05,279.75,101.71,359.25,426.28,475.76,520.42,26.9,29.67
04-00331,333.86,485.94,120.75,279.59,474.06,179.82,303.65,283.8,270.84,20.61,17.17
04-00332,61.26,127.53,164.38,119.79,114.27,70.11,328.53,373.03,409.59,26.94,23.4
04-00333,93.44,348.29,122.12,63.79,324.65,157.96,424.43,358.5,370.5,44.43,44.0
04-00334,396.05,490.45,349.58,386.8,469.73,330.67,408.31,458.01,444.54,22.24,26.41
04-00335,141.0,275.91,191.55,86.0,222.77,279.81,440.22,415.63,440.5,65.08,72.06
04-00336,180.14,408.2,219.46,189.09,501.73,257.93,381.33,358.32,392.9,69.9,69.22
04-00337,206.33,347.89,397.21,219.49,402.05,438.88,257.45,260.78,262.44,43.5,49.42
04-00338,451.97,253.27,127.65,520.2,204.23,266.27,171.08,149.54,140.33,66.27,69.19
04-00339,199.72,174.73,492.14,163.94,169.28,557.94,125.19,126.86,128.57,54.46,64.29
04-00340,307.95,394.06,291.76,368.97,409.24,222.45,104.94,98.98,107.4,62.09,59.07
04-00341,156.12,236.37,224.67,259.55,317.43,199.7,87.26,75.31,81.48,52.75,55.52
04-00342,202.25,482.38,178.94,189.63,496.02,255.13,273.7,240.74,229.37,64.13,75.34
04-00343,305.75,425.92,168.92,342.74,321.29,288.19,402.44,426.97,434.4,30.03,27.22
04-00344,179.61,443.51,65.31,93.52,462.95,92.47,252.88,291.16,310.45,29.62,25.65
04-00345,332.3,380.3,236.65,314.1,409.91,265.87,371.22,381.78,415.78,56.87,45.54
04-00346,107.76,288.28,394.02,35.12,336.65,263.56,439.77,509.83,501.1,16.38,15.53
04-00347,417.35,104.18,116.34,503.57,161.97,59.89,304.92,286.99,278.88,59.48,65.36
04-00348,421.96,446.66,470.59,480.72,514.14,389.38,238.97,220.94,213.28,31.19,28.28
04-00349,256.81,220.76,285.08,234.89,184.02,298.71,268.75,309.09,329.3,39.9,37.72
04-00350,393.64,431.49,245.15,405.28,467.14,226.4,194.3,160.23,164.54,54.37,60.14
04-00351,253.08,320.4,383.63,176.24,358.74,365.07,213.22,170.87,162.42,36.93,29.64
04-00352,386.48,278.39,138.0,367.64,385.95,182.31,151.44,181.7,163.83,46.63,45.09
04-00353,205.98,413.16,141.37,179.69,437.44,34.53,92.91,91.8,87.14,75.33,73.06
04-00354,479.3,241.03,297.56,407.26,84.75,309.99,341.67,318.81,311.81,52.47,54.88
04-00355,259.81,253.0,483.14,227.84,199.69,464.19,368.05,296.61,324.84,60.83,60.35
04-00356,466.8,111.76,108.17,429.83,115.3,172.45,210.11,176.23,163.03,75.04,65.02
04-00357,454.75,129.38,204.24,395.98,173.42,237.98,155.29,169.18,170.19,29.48,27.83
04-00358,73.17,173.35,319.18,138.52,134.69,206.59,138.95,115.71,105.78,64.2,57.13
04-00359,255.16,218.06,358.54,244.26,186.94,419.42,157.61,131.96,137.42,17.94,16.9
04-00360,433.32,267.89,215.96,483.01,337.67,288.9,347.65,390.2,399.51,38.56,39.29
04-00361,68.28,435.32,169.04,170.42,423.0,14.63,262.61,261.9,248.34,22.62,25.43
04-00362,91.52,142.69,238.66,57.28,57.34,145.34,216.4,211.54,192.55,77.39,70.22
04-00363,62.85,235.58,367.91,113.44,225.88,379.2,321.77,308.87,291.72,17.42,19.75
04-00364,473.86,434.5,436.85,510.47,466.73,387.06,320.1,292.61,276.34,50.26,46.09
04-00365,203.19,219.43,433.56,198.06,193.17,414.65,94.86,102.08,110.7,70.75,66.72
04-00366,245.23,136.18,492.97,314.05,141.54,489.64,370.4,321.36,305.66,69.3,82.59
04-00367,497.61,103.72,206.87,424.7,100.92,218.41,336.98,391.89,378.94,54.51,43.64
04-00368,459.81,273.43,91.77,339.69,255.93,147.89,337.56,357.95,343.11,53.47,61.81
04-00369,104.04,125.84,145.37,85.7,171.3,151.1,273.88,321.26,347.27,56.57,67.4
04-00370,421.17,418.1,151.68,365.92,492.52,76.02,287.99,344.63,343.3,70.08,79.77
04-00371,93.13,72.37,140.44,82.1,34.52,183.71,188.65,215.36,206.79,17.68,17.07
04-00372,446.51,250.92,353.3,531.89,243.64,463.14,169.14,163.43,157.82,40.3,34.6
04-00373,292.93,205.5,127.61,184.72,162.41,107.56,116.85,106.4,101.06,34.31,39.49
04-00374,404.98,76.95,172.95,258.16,76.93,141.63,278.45,334.05,334.35,56.92,51.04
04-00375,273.43,419.57,263.8,244.82,389.07,248.97,360.21,383.69,400.83,28.52,33.4
04-00376,303.91,86.47,357.92,296.87,70.29,325.07,375.54,384.71,395.42,48.11,47.62
04-00377,118.65,345.51,295.23,136.95,315.2,279.46,82.59,89.65,83.93,14.62,13.0
04-00378,304.03,133.22,121.15,279.04,183.6,136.92,132.66,131.83,135.1,44.97,42.94
04-00379,311.13,242.07,359.8,378.63,299.56,256.61,405.93,428.46,412.82,45.03,47.54
04-00380,291.55,240.33,291.85,334.8,314.94,326.82,109.18,99.37,97.43,50.91,47.14
04-00381,409.07,352.65,84.75,373.36,394.28,85.45,252.74,298.02,288.33,16.08,13.16
04-00382,253.57,441.66,172.97,297.46,453.3,6.06,225.17,251.16,261.55,35.38,34.39
04-00383,334.17,326.38,395.18,348.59,327.83,423.52,330.88,350.68,356.21,33.68,37.49
04-00384,261.63,324.5,199.42,307.15,284.89,255.91,182.15,200.69,194.01,17.15,15.62
04-00385,499.53,252.68,83.47,559.94,136.48,105.99,428.08,364.76,398.18,56.75,53.46
04-00386,294.81,185.85,355.96,383.72,243.84,246.22,412.72,463.54,471.32,56.11,64.91
04-00387,176.9,82.55,483.25,229.35,5.29,475.93,350.98,393.99,412.25,23.97,19.97
04-00388,375.65,278.22,75.45,323.54,335.0,204.77,326.25,391.41,417.45,18.93,18.64
04-00389,201.06,394.55,174.45,246.06,304.8,193.69,279.52,314.41,324.54,50.17,51.39
04-00390,375.52,180.66,132.94,401.85,209.52,183.62,353.69,342.46,324.31,58.38,65.13
04-00391,473.32,476.23,213.53,478.34,531.7,197.01,256.66,288.66,263.58,49.85,47.52
04-00392,79.39,496.22,224.39,118.73,533.92,315.76,245.87,236.9,231.33,78.69,92.92
04-00393,376.6,180.99,127.83,294.97,168.7,0.0,141.21,141.39,153.91,22.28,26.66
04-00394,286.34,205.08,460.5,307.63,169.6,517.2,304.34,305.28,299.82,18.97,19.33
04-00395,250.88,327.29,351.33,219.01,289.58,201.98,428.6,472.12,492.98,73.68,71.66
04-00396,256.61,451.64,450.93,171.33,528.95,382.72,94.99,104.6,104.43,70.64,66.38
04-00397,446.13,267.19,449.96,345.03,273.97,324.5,132.38,149.18,144.52,56.25,66.39
04-00398,369.23,122.96,400.19,377.07,76.33,391.39,299.17,271.94,249.44,48.45,42.07
04-00399,298.24,372.33,232.07,367.65,369.28,227.52,247.11,200.55,202.73,36.86,40.61
04-00400,386.34,249.17,419.64,338.02,262.58,422.68,101.88,91.95,86.38,26.36,21.89
04-00401,70.14,220.82,273.64,18.44,268.47,190.83,327.77,330.95,356.59,58.16,69.05
04-00402,485.99,479.91,384.62,519.41,425.38,473.27,285.89,316.94,347.56,45.85,50.3
04-00403,267.99,105.39,269.46,358.38,187.95,150.85,347.36,336.18,347.16,53.97,55.39
04-00404,170.59,350.08,377.65,180.91,357.49,362.36,203.06,241.3,262.85,39.63,36.24
04-00405,292.22,480.32,474.87,184.94,465.42,416.3,294.04,340.95,317.76,20.24,22.02
04-00406,445.89,373.52,336.12,418.0,384.31,293.56,307.4,279.06,270.09,53.24,58.93
04-00407,359.13,253.94,101.6,430.2,315.02,193.55,292.44,267.57,267.33,78.24,89.54
04-00408,107.18,127.04,161.72,95.93,162.92,109.46,162.26,170.18,177.63,52.44,42.3
04-00409,138.47,191.46,62.75,160.65,184.77,68.65,276.71,223.58,227.22,67.05,74.29
04-00410,443.85,468.26,468.74,474.87,447.98,502.03,377.87,424.73,466.09,20.42,17.71
04-00411,422.69,434.73,133.27,448.29,357.41,150.0,179.76,189.11,181.69,46.73,45.72
04-00412,328.4,444.99,263.97,293.09,459.71,380.74,215.57,178.6,192.75,30.95,25.74
04-00413,396.71,279.04,216.84,344.65,299.87,182.25,238.15,196.17,179.55,67.27,75.5
04-00414,484.58,494.35,397.78,349.92,564.51,317.46,265.0,227.57,206.32,19.24,21.69
04-00415,259.08,97.11,165.97,239.22,132.15,199.17,168.6,186.97,188.75,30.17,32.85
04-00416,396.75,349.06,160.31,394.68,371.17,209.32,84.82,96.13,89.94,55.11,44.84
04-00417,303.83,190.23,110.47,248.71,328.67,64.57,268.39,233.97,218.96,51.63,57.62
04-00418,175.5,192.06,169.54,175.64,163.32,161.73,262.59,279.59,264.17,22.09,22.31
04-00419,314.21,160.37,387.74,274.02,99.24,336.79,350.14,408.77,389.53,50.15,53.86
04-00420,233.79,348.4,400.54,271.09,352.13,434.53,263.85,275.0,300.01,30.94,25.41
04-00421,362.24,415.15,241.42,305.18,403.88,260.84,201.85,234.4,239.67,16.0,14.45
04-00422,301.99,488.89,387.83,284.74,452.07,408.82,129.5,135.89,128.42,47.39,41.05
04-00423,140.55,67.11,127.96,161.17,76.53,63.46,174.81,143.11,148.33,33.28,28.86
04-00424,192.52,446.6,148.31,153.03,407.93,189.64,158.79,127.82,140.09,13.87,15.14
04-00425,421.66,499.73,324.22,602.64,417.61,279.27,373.62,379.23,381.14,22.13,18.01
04-00426,304.43,118.65,382.46,335.87,215.02,454.95,359.52,360.03,357.18,30.01,28.54
04-00427,490.62,486.19,473.08,465.52,361.29,445.27,391.65,415.67,392.86,37.74,41.37
04-00428,264.01,320.48,270.53,286.14,351.01,334.78,130.67,128.29,115.5,27.18,27.39
04-00429,240.76,313.41,328.19,148.33,290.3,201.95,175.61,163.38,175.35,57.06,53.88
04-00430,274.2,214.84,493.96,265.19,140.25,407.35,440.61,425.53,404.72,54.43,48.42
04-00431,233.01,381.15,304.39,72.96,377.61,352.17,428.58,372.18,381.87,26.95,25.05
04-00432,148.66,166.9,117.18,37.34,156.17,158.1,130.12,145.65,156.4,49.46,49.39
04-00433,366.08,114.7,193.01,390.29,143.74,277.63,430.07,448.94,420.86,55.61,55.0
04-00434,313.99,163.92,79.61,267.1,162.08,82.44,158.8,161.62,177.72,27.45,30.43
04-00435,410.97,462.7,213.4,358.72,495.28,122.97,260.44,289.12,307.91,27.91,30.37
04-00436,383.58,121.38,387.72,353.88,122.32,341.25,103.11,90.11,93.59,32.19,31.8
04-00437,168.68,343.72,266.21,230.27,380.36,261.34,401.2,455.14,436.66,52.07,62.31
04-00438,172.43,442.43,228.99,148.77,437.18,173.68,204.12,243.12,249.68,50.5,49.47
04-00439,360.22,488.47,188.2,383.81,497.86,189.79,85.22,70.46,71.74,71.59,73.04
04-00440,273.46,98.13,459.56,198.62,176.18,430.01,326.75,272.83,280.68,24.47,20.48
04-00441,480.34,468.95,164.95,471.49,527.21,126.73,267.96,265.1,284.13,46.02,45.34
04-00442,216.47,151.5,441.97,248.47,102.17,437.58,158.74,182.42,181.08,36.99,43.94
04-00443,295.19,380.67,214.15,354.79,442.92,177.4,281.64,231.83,227.35,33.93,31.79
04-00444,227.53,336.49,264.05,182.38,435.52,147.0,447.7,375.34,378.92,48.68,51.16
04-00445,92.86,206.16,99.03,48.5,190.41,54.86,321.5,298.33,312.78,49.45,53.08
04-00446,471.3,280.37,368.62,527.87,373.8,452.9,137.19,115.99,116.89,77.22,76.74
04-00447,265.22,426.17,138.34,339.04,382.17,46.81,321.03,364.65,329.09,52.95,54.7
04-00448,262.18,252.68,270.34,236.58,296.46,227.58,99.99,116.25,105.08,20.44,18.72
04-00449,73.86,156.75,285.91,58.28,276.99,179.41,386.09,342.47,340.21,51.77,45.59
04-00450,365.54,155.42,208.2,314.5,216.42,139.56,255.11,209.0,224.97,12.14,12.14
04-00451,379.75,175.48,304.99,430.43,269.23,273.09,325.63,293.16,268.58,17.27,19.9
04-00452,65.21,454.89,240.35,58.41,438.01,288.01,319.36,323.55,333.7,74.82,79.84
04-00453,361.28,193.31,351.56,305.95,231.24,336.47,326.42,390.44,358.21,32.13,38.44
04-00454,255.0,157.16,127.45,320.56,213.27,100.38,207.87,234.24,244.85,33.53,36.02
04-00455,325.34,108.56,112.28,374.27,195.77,146.21,164.06,178.88,195.49,16.13,14.83
04-00456,237.65,401.81,252.05,345.86,286.79,348.93,196.17,195.8,213.61,49.14,45.43
04-00457,87.54,356.83,495.52,59.26,373.91,550.26,227.67,220.38,208.23,28.2,25.87
04-00458,203.66,498.49,124.65,270.02,523.23,39.34,234.14,271.03,268.52,52.97,49.24
04-00459,282.08,159.59,325.78,316.37,118.77,271.74,302.27,307.34,316.29,36.93,36.82
04-00460,123.88,487.45,97.24,126.27,466.02,137.92,207.32,214.59,193.22,79.56,67.78
04-00461,378.19,162.4,320.19,327.7,171.21,355.02,200.79,175.9,189.03,19.32,20.39
04-00462,214.53,472.72,116.15,219.05,473.26,153.37,286.75,302.83,284.59,76.89,89.29
04-00463,275.12,310.22,435.42,258.1,406.28,452.01,385.27,361.83,381.01,37.83,35.36
04-00464,195.28,211.87,164.36,159.08,112.49,107.54,439.09,430.27,470.58,69.23,62.12
04-00465,454.53,128.65,306.49,592.54,115.05,165.12,108.41,124.49,135.03,48.95,39.25
04-00466,285.13,139.33,256.49,196.85,188.71,283.73,349.39,382.73,381.98,16.0,13.69
04-00467,498.97,307.67,218.39,504.13,274.25,258.53,153.28,158.24,142.89,53.35,61.93
04-00468,436.54,137.63,148.73,383.72,177.28,197.23,98.3,93.13,87.84,13.22,10.9
04-00469,293.81,143.1,281.49,330.93,107.21,337.66,116.1,127.95,126.84,73.4,84.18
04-00470,144.29,201.7,408.81,104.63,99.62,411.28,438.91,507.99,504.43,10.33,10.22
04-00471,197.36,269.7,389.67,151.03,188.29,364.32,232.79,246.81,233.07,73.3,65.25
04-00472,165.01,130.74,213.27,113.87,178.29,109.43,138.48,135.66,140.05,18.2,19.56
04-00473,332.03,339.08,256.56,286.96,296.31,332.4,234.73,211.27,205.67,61.65,65.7
04-00474,102.26,237.61,95.6,21.44,182.79,132.49,142.08,154.23,163.63,52.45,56.33
04-00475,460.36,150.88,421.43,323.97,97.22,424.94,179.83,198.23,206.48,29.15,29.92
04-00476,143.63,268.15,428.75,152.01,302.13,433.66,189.05,215.86,216.37,57.53,68.24
04-00477,320.17,76.07,157.59,327.0,150.7,80.78,135.59,110.72,103.25,55.51,58.8
04-00478,387.4,188.13,134.12,398.65,153.26,114.21,191.91,188.93,204.13,63.8,55.14
04-00479,254.72,426.9,491.58,240.6,556.89,440.04,131.63,147.72,143.32,72.5,86.75
04-00480,161.61,260.2,331.89,188.73,248.69,300.22,205.63,195.56,180.79,31.47,36.01
04-00481,199.27,93.18,136.56,207.74,163.15,91.87,306.16,336.36,327.0,54.01,43.47
04-00482,267.7,112.55,133.52,381.61,193.54,216.67,103.83,95.79,103.9,52.78,52.17
04-00483,225.59,171.03,118.27,319.74,169.53,130.56,199.28,211.51,227.26,20.27,18.0
04-00484,289.15,265.06,401.63,291.77,221.98,365.2,223.62,200.84,196.93,55.48,52.87
04-00485,383.8,290.4,312.87,430.21,324.15,284.07,188.27,177.78,160.06,42.93,41.31
04-00486,298.71,342.03,113.81,382.44,304.42,159.72,168.88,177.11,182.8,33.78,31.28
04-00487,372.04,336.54,290.93,416.07,298.81,355.77,311.82,253.61,257.64,13.04,10.87
04-00488,324.55,476.46,164.76,271.27,569.08,213.76,225.72,236.13,238.94,11.94,11.46
04-00489,156.36,249.56,97.41,135.96,251.74,60.93,325.06,328.55,350.8,77.82,66.14
04-00490,438.53,252.52,396.38,597.66,277.76,399.95,333.71,355.09,358.86,37.49,31.42
04-00491,330.7,276.12,464.11,359.05,239.99,495.03,189.57,201.08,220.15,45.62,39.35
04-00492,356.42,149.3,473.54,392.46,117.14,509.12,138.96,165.02,153.41,19.86,18.8
04-00493,381.51,145.32,335.52,337.32,142.52,435.12,200.98,234.52,243.75,58.79,53.71
04-00494,240.31,124.2,308.46,316.5,84.97,292.76,133.57,127.24,121.82,25.39,25.77
04-00495,418.71,168.01,292.69,435.05,94.15,245.16,329.49,393.56,406.82,15.44,14.96
04-00496,77.24,186.58,265.73,87.35,209.04,342.81,397.97,436.97,411.72,63.03,69.94
04-00497,335.61,399.83,188.18,363.03,411.28,177.31,365.38,313.96,324.25,19.36,17.02
04-00498,294.51,432.28,362.96,293.39,374.81,430.48,442.73,413.8,388.86,58.6,61.0
04-00499,314.68,453.3,480.14,325.29,388.91,417.54,102.43,91.85,85.62,34.79,28.08
04-00500,270.7,234.74,190.35,294.36,198.66,122.62,231.28,240.68,252.6,53.98,51.7
04-00501,349.92,335.02,282.06,347.47,368.26,235.63,168.87,172.47,177.72,50.55,50.94
04-00502,182.65,494.57,387.78,143.56,401.22,474.52,129.06,145.92,136.15,22.38,19.64
04-00503,319.37,447.69,213.03,329.39,445.03,308.85,165.09,132.26,120.23,50.54,57.44
04-00504,250.52,250.53,197.73,196.17,234.71,138.28,164.28,158.85,169.69,29.96,25.63
04-00505,79.43,364.72,62.07,9.88,387.07,126.44,228.73,201.93,190.44,44.83,39.31
04-00506,313.95,82.93,480.72,323.06,125.5,481.44,434.52,385.64,355.49,56.39,60.18
04-00507,493.72,175.69,194.53,546.24,178.16,277.87,449.74,520.59,476.35,47.42,54.69
04-00508,445.63,461.42,102.73,493.47,518.55,114.64,269.88,238.32,242.24,69.82,80.76
04-00509,286.9,258.87,390.26,302.86,262.89,353.42,205.31,185.47,180.49,32.33,30.82
04-00510,364.24,318.15,475.72,337.35,248.33,544.36,124.92,122.68,121.33,59.68,65.82
04-00511,373.52,490.4,408.23,331.1,574.39,439.39,250.65,235.69,230.78,49.73,58.41
04-00512,129.23,477.39,162.0,118.92,447.42,196.06,242.36,210.79,228.07,71.65,77.21
04-00513,318.51,388.69,435.49,276.69,405.07,404.68,218.13,193.94,203.36,13.31,15.94
04-00514,98.01,409.04,473.58,75.35,446.51,458.97,142.67,147.59,138.37,12.76,14.44
04-00515,284.38,387.07,404.07,300.14,324.71,336.99,163.9,173.5,157.35,20.66,20.31
04-00516,200.98,275.55,86.29,261.07,180.89,103.61,94.96,82.75,86.41,19.64,17.68
04-00517,107.48,227.14,260.59,96.31,160.3,321.67,197.17,195.24,188.46,24.23,20.27
04-00518,166.01,382.78,319.32,192.05,395.57,206.21,181.13,164.89,174.53,10.06,9.65
04-00519,419.46,390.92,315.62,415.76,296.55,419.31,252.09,261.69,283.38,30.13,27.4
04-00520,395.64,64.88,84.01,450.82,68.55,76.67,201.1,162.37,170.8,20.83,22.7
04-00521,289.54,149.24,69.27,249.96,98.11,45.08,366.31,312.48,309.42,38.52,35.32
04-00522,471.64,387.1,129.87,551.74,343.2,68.02,112.27,115.14,121.08,72.62,67.72
04-00523,456.37,307.74,208.59,387.92,290.91,227.5,170.81,185.6,185.62,59.41,48.13
04-00524,222.23,266.63,366.88,192.37,294.35,416.48,227.89,215.68,198.16,39.73,44.09
04-00525,482.28,254.86,217.74,413.83,235.66,258.68,380.68,405.59,413.39,30.13,26.81
04-00526,332.75,154.33,261.01,351.28,225.27,157.65,364.81,399.82,366.11,57.53,58.32
04-00527,372.25,219.9,287.37,331.45,176.39,272.26,414.25,443.5,425.72,57.38,47.91
04-00528,350.22,455.22,396.25,406.91,475.72,321.46,171.79,144.8,155.73,68.09,54.87
04-00529,457.68,283.97,203.4,422.79,260.74,207.68,388.3,372.42,397.95,59.17,65.31
04-00530,496.61,497.43,154.93,605.51,531.23,147.02,199.05,218.84,202.07,66.49,71.9
04-00531,338.19,498.07,485.86,328.24,434.68,461.04,343.86,375.61,355.09,41.99,37.36
04-00532,492.43,440.23,473.97,452.41,522.84,469.23,188.33,168.49,181.01,20.03,20.53
04-00533,317.93,339.23,436.08,238.67,328.06,486.59,368.6,411.35,427.18,28.09,26.11
04-00534,454.32,282.52,138.64,452.61,257.65,89.83,328.32,334.48,358.1,11.65,10.98
04-00535,472.17,280.01,171.35,518.07,291.54,177.5,366.26,420.91,384.32,60.44,71.69
04-00536,456.19,119.31,389.17,549.25,108.15,394.53,100.77,100.18,94.0,79.6,78.37
04-00537,204.0,293.34,307.64,169.03,301.78,258.79,231.57,193.92,197.63,28.56,26.04
04-00538,473.96,149.43,261.66,435.89,140.89,251.86,152.94,174.52,163.63,64.99,69.55
04-00539,165.63,430.06,235.18,131.19,469.53,241.45,87.12,78.37,85.38,59.19,48.06
04-00540,391.21,425.05,461.32,347.94,424.26,407.4,259.31,229.71,215.27,58.76,62.21
04-00541,252.77,180.71,99.28,195.58,174.92,134.55,435.76,433.74,394.97,46.94,49.99
04-00542,295.5,172.4,326.54,353.15,156.45,364.53,140.54,155.78,168.99,22.36,21.56
04-00543,498.27,480.68,366.12,419.51,441.18,358.13,142.5,148.77,161.47,52.95,45.06
04-00544,484.77,172.44,196.12,595.61,170.7,219.91,204.34,178.18,166.45,71.92,67.09
04-00545,191.54,339.89,206.75,183.42,404.58,232.4,263.78,259.43,237.65,48.79,55.45
04-00546,232.17,300.63,291.89,253.84,333.96,412.72,292.61,236.62,260.09,34.58,40.5
04-00547,115.91,495.04,116.0,118.71,457.98,104.99,421.71,342.32,338.38,25.19,24.45
04-00548,257.42,465.79,292.32,235.2,470.87,280.72,264.0,262.56,247.63,66.86,79.69
04-00549,165.99,351.37,255.95,147.27,391.03,289.08,422.41,473.31,486.5,67.91,76.25
04-00550,264.16,385.23,497.98,236.46,373.73,554.22,98.68,118.1,115.95,66.6,56.75
04-00551,217.74,145.39,211.75,367.09,171.8,233.88,237.06,266.9,250.22,73.97,80.74
04-00552,140.51,339.02,289.77,191.56,296.95,265.42,349.39,412.9,397.66,41.55,45.91
04-00553,418.19,331.41,274.73,548.2,234.87,273.0,397.08,422.43,410.06,18.13,17.2
04-00554,481.16,499.5,252.87,461.13,492.08,285.99,269.3,305.52,321.32,45.22,43.81
04-00555,497.38,201.79,170.88,421.9,266.24,224.09,352.75,422.44,401.81,74.71,89.14
04-00556,133.99,70.24,428.14,170.17,35.95,488.62,388.24,403.38,365.77,23.47,19.91
04-00557,198.63,303.02,417.89,301.39,288.84,498.23,138.94,146.97,134.35,79.58,69.13
04-00558,292.19,161.02,209.37,332.79,194.31,285.58,170.57,201.68,186.8,69.95,78.89
04-00559,218.47,375.35,213.47,117.84,352.66,167.43,287.87,283.64,299.1,23.89,20.32
04-00560,87.9,148.86,270.34,90.63,209.32,324.04,318.61,382.13,358.62,75.02,67.12
04-00561,180.56,479.51,155.06,100.94,554.95,171.38,138.4,128.58,128.23,35.14,32.57
04-00562,223.03,453.19,327.05,223.02,549.6,278.43,438.82,405.81,378.21,36.62,39.37
04-00563,340.09,410.34,446.8,271.21,410.43,351.01,428.44,458.57,459.26,12.42,12.1
04-00564,256.85,80.38,121.03,287.8,184.86,156.86,350.82,399.94,436.08,67.26,68.1
04-00565,416.64,260.31,376.59,445.7,247.93,359.17,132.52,110.0,105.01,40.74,33.25
04-00566,467.72,78.29,201.99,399.23,38.99,291.59,150.41,169.55,185.94,79.06,88.63
04-00567,82.52,357.97,235.52,188.7,265.18,247.45,221.25,212.94,198.23,27.34,25.2
04-00568,191.68,183.39,143.59,245.55,176.16,228.1,177.24,170.15,179.54,77.19,81.07
04-00569,276.25,183.65,245.46,364.68,152.71,254.46,168.15,181.18,183.39,13.32,10.8
04-00570,107.17,134.0,389.3,121.46,146.57,270.24,346.21,298.58,313.84,27.35,31.84
04-00571,264.3,277.57,379.64,218.36,340.23,262.42,163.02,164.02,154.6,11.57,12.21
04-00572,172.89,62.61,435.47,167.77,58.22,447.45,322.44,332.84,313.6,25.95,28.46
04-00573,151.46,263.09,190.56,202.78,241.56,265.2,394.8,335.25,351.31,75.67,87.78
04-00574,297.51,129.44,279.66,390.28,162.33,332.87,338.24,386.38,421.69,30.13,27.7
04-00575,479.85,134.36,342.1,488.47,121.8,341.38,237.14,270.03,244.31,62.75,56.65
04-00576,418.95,114.13,443.29,323.36,37.38,432.65,154.05,183.43,169.97,62.16,70.92
04-00577,422.48,491.98,488.49,489.19,444.67,483.45,228.32,185.97,183.72,64.77,69.97
04-00578,392.08,473.82,498.25,364.04,431.33,523.61,170.67,148.06,159.86,67.87,67.71
04-00579,178.62,299.33,156.97,150.3,287.63,136.79,324.41,336.66,307.34,53.74,54.17
04-00580,282.69,457.94,369.73,187.32,498.13,450.88,225.56,203.56,186.44,24.32,28.26
04-00581,477.78,377.21,453.83,546.52,396.4,525.25,82.89,76.51,82.83,72.31,66.15
04-00582,327.71,336.35,354.41,263.79,396.79,360.67,296.82,243.54,266.7,35.04,37.35
04-00583,85.72,165.94,435.69,16.74,225.06,421.94,163.39,170.63,180.2,64.81,54.05
04-00584,249.39,270.01,429.83,226.43,287.4,368.94,135.46,150.6,138.56,16.99,18.53
04-00585,196.75,87.1,122.37,47.15,90.14,91.44,206.18,209.36,209.09,38.94,41.98
04-00586,421.2,207.84,455.68,432.54,251.19,416.71,305.16,333.53,343.37,77.52,81.71
04-00587,189.88,225.56,266.89,222.15,221.01,286.94,374.22,356.72,340.25,54.39,53.32
04-00588,160.65,283.13,101.83,82.21,375.72,106.52,83.73,94.41,100.32,41.26,33.71
04-00589,481.18,453.19,486.97,451.08,478.81,519.17,374.9,434.5,422.03,32.7,37.3
04-00590,226.99,259.57,136.47,233.57,266.36,73.14,419.31,433.87,394.65,34.45,28.23
04-00591,473.66,275.89,134.43,531.74,179.67,123.73,104.84,84.1,76.92,67.31,64.61
04-00592,381.12,253.97,403.75,447.88,198.17,391.57,386.65,426.18,468.73,67.9,72.15
04-00593,98.64,235.21,344.16,43.69,274.5,342.88,296.21,298.07,312.36,36.35,36.51
04-00594,61.43,467.77,327.52,100.84,486.89,317.03,176.35,188.27,206.07,60.79,67.39
04-00595,192.38,337.45,156.09,202.59,291.74,162.88,273.12,224.28,244.46,24.81,21.19
04-00596,231.07,104.53,183.55,262.56,16.04,163.81,283.29,337.33,327.05,67.99,63.87
04-00597,467.04,79.65,141.1,401.82,46.62,78.69,283.67,309.42,288.96,34.77,39.91
04-00598,313.8,480.44,206.57,306.29,432.16,192.73,278.12,291.65,296.76,34.31,36.37
04-00599,318.83,467.77,188.76,331.43,494.99,210.66,194.05,232.81,228.08,46.11,49.84
04-00600,455.83,428.83,92.75,341.33,431.32,68.39,304.75,351.32,344.91,25.59,30.45
04-00601,467.74,171.47,363.11,512.01,94.28,369.45,392.78,447.64,483.35,64.99,74.36
04-00602,155.57,79.92,290.51,143.78,76.03,307.16,362.56,363.92,361.25,44.75,47.92
04-00603,131.56,67.24,146.48,49.91,41.56,259.69,291.18,282.36,283.86,73.38,71.3
04-00604,382.41,139.54,291.79,354.4,187.31,319.84,269.35,239.98,225.87,44.39,46.58
04-00605,277.12,116.43,439.05,316.82,121.36,444.33,295.24,337.68,335.19,64.94,63.32
04-00606,299.55,330.49,198.48,372.59,385.34,103.87,294.62,297.66,287.75,78.49,74.75
04-00607,139.6,410.27,221.29,148.58,433.78,249.43,314.24,268.0,258.31,62.55,53.84
04-00608,434.64,308.8,335.77,347.46,326.71,373.75,88.97,84.35,80.67,21.1,19.27
04-00609,124.02,79.76,294.63,208.7,54.85,283.49,180.46,187.48,170.66,56.56,50.57
04-00610,274.43,373.73,146.49,184.99,455.58,130.69,137.76,125.41,115.14,47.9,53.01
04-00611,102.04,409.48,170.47,155.3,418.21,191.26,334.03,361.35,350.9,22.9,20.03
04-00612,117.12,140.0,238.45,63.3,231.27,203.41,244.31,240.48,228.74,48.19,40.32
04-00613,406.7,98.18,364.86,408.54,219.33,451.24,205.22,197.0,211.62,75.07,63.37
04-00614,407.48,70.2,227.04,318.49,0.0,193.01,103.31,87.05,92.21,24.77,19.86
04-00615,161.06,63.78,199.01,200.65,0.0,110.34,231.73,271.47,272.5,37.75,44.86
04-00616,283.93,384.34,346.07,395.41,419.16,349.27,397.95,361.01,391.51,71.09,77.1
04-00617,274.15,474.13,231.42,256.35,476.5,308.73,294.84,320.47,345.61,54.49,64.75
04-00618,242.3,222.56,64.18,158.91,207.05,125.49,195.43,212.34,226.21,34.75,41.61
04-00619,289.42,286.78,182.52,350.08,355.06,143.64,195.76,175.52,179.61,46.76,47.69
04-00620,380.5,403.24,485.57,388.82,485.62,520.26,281.12,308.81,317.19,28.46,25.03
04-00621,104.51,249.76,238.7,63.02,297.71,268.73,257.74,233.18,231.67,78.01,74.0
04-00622,281.71,363.49,155.09,256.37,310.9,198.5,404.34,401.67,429.26,72.3,85.86
04-00623,248.43,229.26,150.74,132.85,172.5,134.47,216.73,183.49,198.53,77.21,85.21
04-00624,365.98,161.05,313.99,328.9,224.23,232.03,388.61,340.24,315.91,19.8,16.33
04-00625,86.77,139.45,200.68,141.15,134.8,156.12,431.93,363.71,350.33,71.39,66.39
04-00626,211.45,496.91,241.37,159.42,528.83,240.85,302.96,308.71,279.64,33.47,31.13
04-00627,481.12,99.72,234.73,535.23,87.09,155.74,445.4,462.43,446.93,34.31,30.09
04-00628,399.39,297.28,256.4,367.59,306.14,211.11,158.42,180.83,185.88,54.34,51.2
04-00629,146.27,280.73,143.24,114.56,225.84,101.87,243.99,230.73,247.53,49.5,50.47
04-00630,418.25,439.1,358.02,513.94,393.97,422.96,265.99,288.4,288.02,24.01,22.24
04-00631,94.08,283.95,374.13,136.85,297.25,419.47,88.14,105.19,115.19,17.05,16.29
04-00632,362.88,471.69,384.37,361.59,484.67,375.92,282.0,231.75,248.63,59.23,47.67
04-00633,150.78,380.12,447.71,105.83,274.86,456.27,447.52,420.94,415.94,69.34,74.26
04-00634,413.85,419.64,178.69,383.84,516.29,106.81,348.79,296.45,277.89,66.26,74.3
04-00635,235.74,320.16,184.28,269.34,405.0,211.71,312.9,328.85,341.89,62.32,50.64
04-00636,433.38,386.15,393.54,404.55,371.36,530.59,242.55,250.87,266.39,12.98,11.97
04-00637,451.51,72.72,392.42,381.31,116.89,381.02,93.05,85.97,87.59,42.81,37.77
04-00638,197.23,323.46,344.42,164.74,277.11,342.42,288.35,247.24,250.81,75.43,88.75
04-00639,134.9,162.92,330.66,11.46,133.51,361.88,373.22,408.22,372.44,38.8,46.33
04-00640,273.14,337.47,280.9,226.61,248.41,237.53,203.32,239.44,220.23,26.49,23.96
04-00641,364.37,182.92,175.54,413.42,129.02,213.33,183.79,185.78,193.62,51.31,57.02
04-00642,269.1,379.26,203.38,265.98,358.92,241.72,229.65,259.94,242.78,52.27,58.77
04-00643,296.38,472.99,273.5,335.97,479.17,81.48,347.36,379.9,358.57,54.72,48.99
04-00644,66.66,394.17,105.99,42.87,377.36,168.43,182.72,178.69,194.54,59.81,53.59
04-00645,313.14,205.66,155.47,225.71,211.92,166.63,332.2,320.96,317.31,76.09,80.29
04-00646,410.27,331.73,288.63,387.46,382.93,347.18,381.26,353.83,346.78,16.05,17.63
04-00647,95.23,115.75,189.5,0.0,193.23,176.02,157.18,154.5,156.42,78.41,65.46
04-00648,225.87,309.46,164.55,140.48,294.1,131.82,231.42,233.38,231.34,37.23,40.88
04-00649,198.44,460.39,90.59,138.6,526.11,67.15,144.22,163.37,170.14,66.77,62.32
04-00650,159.92,228.12,404.18,191.74,221.52,427.37,117.37,98.94,94.2,37.43,30.68
04-00651,80.93,160.58,114.53,61.02,182.63,180.31,320.5,311.04,312.35,75.66,78.42
04-00652,359.83,399.81,445.78,406.86,398.73,468.16,403.14,468.66,426.77,13.46,13.57
04-00653,214.0,192.31,337.82,305.18,240.05,258.76,188.88,190.27,190.56,69.45,60.71
04-00654,353.8,354.83,310.71,414.08,411.68,274.67,321.29,325.52,354.72,13.37,12.15
04-00655,123.94,344.41,440.89,127.58,326.88,483.98,167.27,156.47,153.67,75.67,87.71
04-00656,234.99,129.76,88.52,244.92,103.66,137.76,375.58,447.15,404.19,18.35,15.33
04-00657,436.09,376.36,385.06,344.3,504.16,336.3,324.79,362.49,379.42,17.21,14.03
04-00658,134.92,369.32,427.98,78.92,420.58,398.76,402.76,449.73,468.97,17.44,15.12
04-00659,184.36,448.55,448.04,197.8,463.91,411.12,431.07,486.45,444.88,43.64,44.63
04-00660,131.4,178.7,94.62,143.16,91.26,119.64,343.89,352.65,377.92,59.67,49.69
04-00661,449.36,290.77,134.57,411.68,284.2,210.45,302.43,260.32,282.54,23.57,19.74
04-00662,214.82,67.03,93.39,220.97,0.0,77.22,250.37,241.59,245.59,43.14,48.88
04-00663,93.6,94.91,352.27,112.27,136.36,316.91,107.5,103.82,94.39,64.63,77.05
04-00664,383.26,458.3,345.29,398.84,548.67,390.65,276.99,306.49,301.91,58.25,61.25
04-00665,475.84,394.19,435.58,499.72,368.29,402.82,443.45,487.77,468.81,67.79,75.5
04-00666,60.78,465.64,334.73,52.87,393.23,419.87,316.21,268.77,279.48,51.41,49.22
04-00667,113.19,277.29,368.72,133.11,256.57,365.49,276.05,280.31,279.69,47.37,40.72
04-00668,155.8,94.84,200.29,258.36,73.86,150.8,304.64,318.66,328.72,59.6,69.46
04-00669,124.7,227.35,307.47,180.4,189.65,343.54,316.23,316.57,294.28,26.99,30.18
04-00670,313.47,208.21,378.47,398.9,329.05,369.49,348.58,382.95,348.0,16.96,15.47
04-00671,421.45,374.7,338.23,334.46,387.15,297.46,176.99,205.58,218.03,27.66,28.86
04-00672,475.77,434.95,121.85,429.75,411.16,137.88,97.49,100.32,95.23,41.93,48.11
04-00673,335.48,222.2,73.56,219.48,213.46,143.5,278.98,288.14,300.77,35.53,28.72
04-00674,229.09,214.08,360.99,276.82,232.6,461.57,210.32,206.48,219.35,44.6,41.3
04-00675,207.66,62.99,146.17,231.23,41.71,180.28,325.92,387.91,371.58,60.97,53.31
04-00676,463.36,472.96,147.76,530.69,444.82,222.42,248.79,290.41,308.74,55.37,57.6
04-00677,179.61,307.81,109.35,243.02,332.8,137.84,88.29,98.77,100.66,33.37,33.85
04-00678,179.71,350.2,490.08,166.02,354.84,414.42,330.56,281.88,266.41,75.02,86.44
04-00679,83.46,214.46,407.95,151.7,190.14,482.09,314.05,327.06,342.0,45.37,50.91
04-00680,195.27,352.72,307.5,264.91,293.13,336.17,265.25,280.91,294.34,48.67,48.1
04-00681,384.94,205.54,63.61,461.64,127.03,27.28,278.13,324.58,342.13,28.01,28.26
04-00682,182.64,381.96,406.66,149.96,336.23,426.37,425.34,445.34,485.88,67.12,54.63
04-00683,176.02,273.73,381.26,200.77,289.07,309.5,201.23,237.57,226.14,13.19,13.09
04-00684,124.28,338.86,452.69,134.35,390.12,381.88,441.55,495.1,482.46,77.17,82.02
04-00685,65.95,157.88,339.07,68.54,219.73,280.74,409.42,355.68,364.97,26.88,27.02
04-00686,331.06,72.47,346.74,342.27,12.76,288.12,346.46,386.78,391.03,52.95,57.92
04-00687,154.23,317.01,191.51,143.79,251.53,199.88,325.76,266.22,287.85,48.83,51.04
04-00688,134.32,294.26,336.99,98.44,246.85,359.94,286.12,239.93,253.18,51.09,51.46
04-00689,346.71,381.51,168.22,232.6,399.58,98.82,136.73,148.62,144.54,54.86,53.82
04-00690,425.61,234.19,345.36,464.71,270.3,288.97,105.72,117.32,106.02,10.03,10.08
04-00691,234.4,317.82,248.97,249.53,365.2,277.08,283.02,326.71,317.45,77.2,80.63
04-00692,367.21,311.47,103.09,448.52,316.42,130.92,144.12,130.87,138.47,49.6,52.72
04-00693,256.13,442.18,163.12,210.31,402.59,175.93,106.67,112.09,115.03,29.83,26.51
04-00694,271.14,272.74,479.19,226.4,321.69,498.25,276.25,306.23,335.76,38.69,39.75
04-00695,438.85,165.77,210.46,452.79,216.74,202.68,372.27,420.87,409.4,13.12,12.8
04-00696,285.79,95.46,217.14,348.93,169.69,258.72,416.72,392.52,391.83,73.68,75.11
04-00697,325.98,433.46,133.54,298.34,504.39,164.09,270.11,233.81,248.84,43.47,43.65
04-00698,404.19,118.84,426.87,421.87,129.02,463.92,261.57,309.66,327.25,23.23,23.86
04-00699,174.05,210.56,94.81,157.55,179.6,59.29,253.41,212.95,193.91,52.53,56.71
04-00700,213.51,279.92,102.38,71.33,329.97,63.29,375.71,409.48,419.06,78.55,65.67
04-00701,103.26,353.36,90.77,186.35,361.43,191.6,229.15,242.44,242.99,62.12,69.22
04-00702,413.36,441.82,192.89,472.91,544.33,224.03,91.95,105.28,105.38,50.99,54.73
04-00703,482.2,375.17,413.84,411.82,316.01,420.72,144.64,133.42,143.39,30.58,26.78
04-00704,385.33,466.14,348.32,375.28,389.89,312.97,399.64,377.75,391.6,68.51,56.58
04-00705,291.15,282.67,106.6,417.74,303.34,51.96,431.38,396.32,358.43,16.72,16.84
04-00706,492.75,462.71,147.12,491.81,468.85,163.41,355.86,361.7,343.6,73.8,60.57
04-00707,187.35,145.28,451.29,191.52,168.48,446.35,310.25,315.72,324.04,11.8,10.81
04-00708,396.22,205.73,113.57,370.4,194.11,139.2,377.89,388.71,394.07,64.94,57.09
04-00709,476.18,422.59,138.64,372.88,382.74,154.69,351.08,384.48,392.76,60.43,64.51
04-00710,107.7,146.91,133.92,51.12,139.06,143.11,352.32,349.91,351.91,79.65,86.54
04-00711,373.12,409.58,109.79,411.75,410.19,129.14,228.88,249.1,235.57,45.21,36.96
04-00712,413.54,248.86,261.17,480.46,165.15,242.56,151.76,166.46,157.54,46.94,47.0
04-00713,376.39,396.37,369.01,275.57,328.56,387.86,258.15,275.73,250.25,19.83,17.73
04-00714,116.65,162.92,244.55,115.07,141.62,287.44,86.58,99.99,106.11,12.34,10.19
04-00715,206.66,491.09,180.51,156.91,519.86,238.86,169.97,146.84,143.28,73.26,65.49
04-00716,325.2,147.14,392.41,278.81,114.09,451.76,366.9,426.47,416.23,69.15,81.01
04-00717,229.13,416.14,200.67,256.32,416.12,241.61,166.21,196.56,203.99,68.4,73.41
04-00718,468.67,277.28,179.68,472.09,340.13,270.28,136.32,138.67,133.93,33.07,39.57
04-00719,336.53,181.45,339.44,344.65,256.7,388.12,233.11,212.21,194.29,37.37,44.75
04-00720,353.69,286.79,324.31,329.56,285.64,348.88,421.75,501.38,487.82,24.48,22.83
04-00721,221.69,487.05,299.56,114.53,578.68,197.37,336.92,347.97,313.3,39.51,32.07
04-00722,229.89,382.5,291.48,244.16,375.98,265.37,393.56,383.89,413.26,23.68,19.88
04-00723,385.77,86.23,73.98,285.5,145.87,36.38,348.62,327.65,327.47,48.4,52.2
04-00724,398.84,272.34,457.09,341.02,259.29,474.6,197.78,213.0,229.21,42.12,45.21
04-00725,206.67,300.49,465.52,311.1,296.44,468.84,189.29,202.87,188.71,16.27,18.36
04-00726,495.35,369.75,134.05,503.98,397.79,132.9,306.14,332.86,359.81,65.37,56.6
04-00727,435.04,240.68,490.87,478.86,307.82,461.57,414.25,451.69,463.23,54.17,49.75
04-00728,114.64,472.6,428.04,74.4,493.87,524.49,303.85,274.09,275.65,37.19,31.96
04-00729,368.73,136.43,79.83,423.29,138.75,135.51,196.87,196.82,186.51,63.93,72.05
04-00730,499.31,204.96,193.39,550.69,254.46,80.43,234.19,254.55,263.52,33.62,32.24
04-00731,285.25,363.41,420.85,179.48,395.5,500.89,101.7,119.86,121.99,14.84,16.71
04-00732,166.69,288.71,61.35,195.9,241.26,112.17,190.22,187.4,188.63,14.37,13.68
04-00733,377.07,362.72,383.11,389.79,404.98,441.86,290.98,267.32,257.36,72.1,78.04
04-00734,326.86,355.72,382.33,263.41,210.26,424.48,430.11,491.86,477.04,44.52,37.77
04-00735,162.33,182.91,177.33,220.36,160.7,177.43,174.71,170.08,159.18,61.32,59.66
04-00736,91.96,223.6,431.91,181.17,152.78,427.56,104.54,112.15,112.36,18.31,18.16
04-00737,332.59,282.82,144.54,343.9,251.61,190.96,124.08,135.28,145.07,15.5,15.78
04-00738,289.2,165.76,352.45,212.35,158.92,445.71,174.88,153.62,148.0,33.24,38.3
04-00739,282.92,268.83,436.84,261.54,256.31,432.79,181.02,208.92,197.92,50.61,58.9
04-00740,455.71,442.75,122.2,588.11,382.21,100.77,371.17,388.08,426.14,60.06,59.19
04-00741,243.7,243.68,288.98,235.97,230.69,308.13,334.13,347.59,324.38,32.62,28.38
04-00742,106.46,117.9,187.12,135.58,32.48,248.02,373.4,395.27,391.05,48.2,53.33
04-00743,275.42,387.45,306.61,352.28,409.69,316.96,213.62,205.19,190.67,11.27,11.47
04-00744,474.88,454.85,267.43,503.81,514.62,298.09,329.31,335.42,348.6,32.44,26.34
04-00745,462.66,251.75,185.33,497.66,222.75,119.46,112.36,130.99,141.77,57.78,46.99
04-00746,78.07,453.49,210.92,146.24,465.54,222.1,238.97,243.37,235.36,41.2,33.19
04-00747,172.68,489.85,65.88,222.68,430.6,166.59,129.38,118.74,110.64,22.99,22.42
04-00748,484.14,370.84,180.79,464.84,342.49,172.23,417.62,489.96,536.55,28.78,32.19
04-00749,74.34,481.61,404.51,19.81,560.49,347.77,255.7,248.71,239.14,61.3,68.83
04-00750,352.11,169.34,196.95,454.16,179.7,229.55,382.8,418.98,383.49,75.63,73.13
04-00751,143.41,321.3,125.33,122.02,377.79,100.49,152.92,145.85,132.98,49.29,55.32
04-00752,168.49,470.0,262.35,173.8,492.15,234.28,208.08,231.33,218.25,17.12,19.36
04-00753,362.29,312.76,140.4,370.22,238.33,112.78,437.76,492.66,481.9,10.23,12.03
04-00754,263.5,457.84,256.92,253.27,448.88,277.07,262.45,294.57,303.81,36.89,36.11
04-00755,398.68,302.77,237.69,469.14,267.12,207.97,135.32,130.49,140.08,79.77,76.72
04-00756,169.19,209.45,405.02,98.79,173.95,473.43,393.29,407.45,381.1,21.11,21.9
04-00757,97.35,82.93,319.65,67.12,160.06,261.35,280.43,226.52,237.78,60.74,70.15
04-00758,324.06,382.7,182.02,423.79,332.74,126.26,187.99,169.2,175.98,23.61,27.81
04-00759,152.53,65.65,397.63,196.37,80.03,379.11,82.43,76.37,75.08,73.44,68.37
04-00760,409.43,396.9,248.94,447.68,362.12,287.46,357.45,385.88,408.25,63.12,65.92
04-00761,103.83,259.15,134.2,82.58,207.11,179.11,307.46,257.43,232.5,70.81,65.03
04-00762,337.8,316.23,374.95,301.6,303.71,401.16,175.56,157.74,154.01,17.54,20.51
04-00763,158.9,370.78,169.07,261.58,468.0,208.21,236.58,243.96,241.56,57.05,49.22
04-00764,351.61,65.75,202.16,306.67,0.0,257.93,98.74,91.75,90.22,20.17,21.95
04-00765,78.72,196.34,471.43,30.5,205.08,521.88,156.68,155.0,167.47,71.56,83.44
04-00766,399.44,290.04,79.3,412.16,349.75,31.05,325.41,305.83,283.2,22.47,20.78
04-00767,146.06,270.13,172.47,75.44,220.72,201.77,254.57,289.11,261.0,23.96,26.41
04-00768,231.66,92.64,76.04,194.8,35.59,225.16,92.6,103.15,109.94,73.95,74.61
04-00769,69.84,202.3,377.76,49.6,281.14,417.05,280.67,334.93,323.23,53.47,47.48
04-00770,174.57,328.36,369.37,210.37,347.15,342.61,128.05,143.67,145.21,76.29,72.95
04-00771,125.06,256.75,114.5,169.38,252.01,133.4,446.63,446.96,449.82,49.74,43.46
04-00772,211.72,90.88,447.74,280.64,0.0,405.06,249.58,298.63,325.9,57.83,68.84
04-00773,74.27,425.23,321.79,68.98,454.97,354.5,230.51,194.76,213.02,30.52,35.11
04-00774,199.24,283.99,130.44,155.77,260.44,230.42,84.52,82.62,87.02,50.97,47.03
04-00775,308.82,73.18,192.43,292.29,114.89,307.88,227.13,200.87,209.16,64.85,52.35
04-00776,362.04,97.61,419.2,351.75,64.34,435.58,281.37,236.29,231.43,69.17,65.09
04-00777,226.3,492.73,216.72,223.7,517.26,211.09,442.67,376.06,340.64,45.54,46.64
04-00778,418.56,278.36,453.06,409.14,296.79,572.48,323.45,296.48,302.04,36.43,40.4
04-00779,151.15,303.89,374.93,55.5,364.1,430.35,253.32,266.09,280.81,40.2,34.76
04-00780,457.98,395.87,274.25,572.34,433.96,299.41,358.46,331.15,298.43,33.31,34.59
04-00781,86.18,311.64,320.64,117.11,238.54,441.16,173.45,169.66,184.4,37.92,33.48
04-00782,488.18,143.11,276.71,584.24,97.35,317.36,203.7,213.76,226.1,45.54,51.94
04-00783,390.57,384.63,347.24,353.11,460.42,416.96,382.96,351.69,334.6,59.41,53.31
04-00784,132.62,189.94,485.15,222.91,134.83,479.99,335.38,379.96,372.26,68.25,61.29
04-00785,361.26,157.52,470.34,392.16,48.14,494.42,88.01,73.01,67.25,62.56,73.64
04-00786,275.38,82.36,172.64,228.74,42.48,186.29,245.63,246.62,268.11,11.48,10.19
04-00787,497.34,291.92,443.52,487.53,245.96,380.52,214.48,244.9,256.04,13.83,16.02
04-00788,117.87,337.64,177.75,89.44,345.36,124.59,224.45,206.29,193.83,33.61,31.48
04-00789,120.02,80.59,413.71,110.95,24.38,477.71,374.52,432.96,466.98,67.02,66.75
04-00790,146.51,325.4,121.7,233.23,312.49,218.09,384.54,353.67,370.75,49.13,58.16
04-00791,82.52,334.45,309.66,61.79,230.46,391.13,162.24,143.88,134.55,52.7,48.11
04-00792,81.61,95.24,253.15,92.67,84.17,345.0,384.9,310.26,313.42,47.8,55.6
04-00793,494.42,195.51,455.01,446.28,171.26,523.53,338.51,280.67,262.13,30.35,30.53
04-00794,482.11,403.67,211.91,557.67,419.15,152.75,363.3,367.14,402.27,47.65,40.76
04-00795,495.79,64.92,75.16,430.04,8.49,28.36,154.04,138.74,136.81,43.93,37.38
04-00796,113.18,60.23,484.6,25.0,74.05,484.03,99.71,81.18,86.72,27.45,27.16
04-00797,428.88,206.61,194.56,415.59,236.79,136.55,416.78,473.4,439.23,64.34,68.05
04-00798,193.5,64.57,300.72,213.95,36.56,389.66,442.51,502.5,489.63,78.41,88.48
04-00799,226.61,188.24,234.07,191.67,146.8,280.41,91.41,100.12,106.61,24.22,20.57
04-00800,70.59,136.64,323.11,69.6,197.65,236.34,338.14,294.61,268.33,43.85,39.08
04-00801,349.13,263.64,441.66,279.26,250.34,326.25,282.69,328.39,357.76,29.55,31.63
04-00802,89.12,273.09,137.65,73.05,251.04,124.94,186.88,200.65,192.95,75.01,83.22
04-00803,378.91,383.43,87.67,403.01,486.94,120.73,361.31,384.68,399.1,15.26,16.42
04-00804,205.13,304.32,368.92,128.55,307.06,301.95,330.68,330.31,355.71,65.2,64.12
04-00805,384.73,383.03,82.13,403.77,204.26,38.74,153.96,169.62,173.85,69.1,66.61
04-00806,106.41,257.93,352.14,38.3,291.3,458.97,400.46,353.6,379.33,49.5,50.93
04-00807,135.74,465.53,173.21,153.05,456.65,178.67,81.0,68.77,70.42,76.88,70.95
04-00808,109.03,150.81,246.1,91.57,165.5,271.85,208.51,238.06,261.5,11.02,11.86
04-00809,415.17,389.2,367.55,508.59,381.82,318.89,343.23,312.39,331.85,33.74,32.91
04-00810,83.08,425.43,396.61,116.35,451.06,382.25,214.06,175.52,166.26,73.32,86.52
04-00811,412.03,475.95,105.11,359.24,449.11,157.19,400.44,479.54,503.31,58.7,67.73
04-00812,324.21,307.93,311.18,445.26,261.37,226.43,445.94,402.76,401.81,27.32,27.91
04-00813,290.08,249.88,95.01,334.86,333.36,120.31,290.2,251.74,232.13,24.66,23.98
04-00814,477.92,495.68,445.09,414.07,480.79,447.61,331.64,267.15,246.96,63.31,73.49
04-00815,362.61,247.19,474.13,372.37,297.01,394.07,184.45,156.25,142.05,59.91,50.28
04-00816,310.13,393.07,454.46,394.3,398.01,434.17,103.26,91.1,99.91,59.2,68.64
04-00817,286.49,204.56,105.24,198.67,181.87,72.0,265.46,293.89,284.09,47.52,43.94
04-00818,357.17,419.63,212.28,340.09,505.99,195.4,410.61,427.17,453.71,13.0,15.3
04-00819,328.12,324.15,312.19,212.88,286.19,338.01,169.16,165.22,166.35,22.66,22.04
04-00820,380.34,75.47,365.16,481.78,3.71,387.91,322.57,278.77,273.83,41.63,43.75
04-00821,130.07,109.08,484.26,224.73,77.6,546.19,123.9,133.9,125.59,64.88,70.89
04-00822,325.17,288.94,379.62,230.61,450.98,368.81,432.69,467.03,480.68,55.49,60.9
04-00823,456.38,379.93,443.33,372.85,409.62,446.77,386.5,410.78,429.26,49.95,54.98
04-00824,410.44,219.25,285.48,511.66,211.94,272.98,261.21,288.51,272.55,42.27,44.37
04-00825,423.4,172.07,205.11,363.39,157.55,275.25,260.26,303.99,319.54,67.61,58.06
04-00826,148.02,159.63,459.42,73.05,128.11,454.13,358.9,391.55,393.99,16.42,19.59
04-00827,445.77,342.76,183.64,434.12,281.39,196.13,340.06,326.45,341.46,76.83,77.56
04-00828,138.48,103.67,264.84,129.27,28.23,229.35,182.72,193.28,192.27,20.4,19.31
04-00829,421.94,390.65,455.37,379.41,330.12,410.14,436.32,402.39,389.0,24.68,28.02
04-00830,478.14,301.83,242.74,456.38,264.84,284.72,269.48,232.51,231.74,36.8,32.49
04-00831,60.21,69.16,229.14,70.63,26.05,193.63,193.99,216.39,221.83,12.61,12.34
04-00832,149.0,70.91,232.5,86.25,158.48,192.37,248.27,295.02,290.68,61.3,70.12
04-00833,195.12,459.28,342.32,147.19,478.57,266.94,349.34,322.94,296.34,55.4,63.02
04-00834,112.14,216.42,366.96,145.96,160.25,300.42,203.72,175.88,183.0,39.32,37.02
04-00835,376.7,350.36,116.86,443.15,275.35,34.39,214.01,247.28,256.87,19.06,19.21
04-00836,397.48,496.8,455.76,314.45,527.66,425.12,235.95,280.91,257.95,78.63,85.7
04-00837,307.01,378.31,269.79,405.19,308.36,347.12,331.77,363.29,385.44,61.17,66.75
04-00838,90.11,148.53,422.83,201.37,307.38,405.22,425.98,349.83,339.23,21.33,25.51
04-00839,162.4,257.35,277.43,106.67,253.95,221.1,266.82,285.64,262.65,16.03,15.64
04-00840,65.92,484.16,182.4,96.86,450.81,206.57,348.18,306.8,328.74,11.71,12.43
04-00841,484.78,209.62,131.76,535.11,250.79,163.7,419.27,388.59,353.23,70.34,57.69
04-00842,125.65,253.0,427.19,60.86,321.39,440.35,250.01,200.19,205.62,43.61,50.56
04-00843,70.25,231.15,312.11,61.62,304.64,286.13,306.18,272.86,257.24,41.9,39.39
04-00844,441.71,191.5,463.26,487.76,219.2,534.65,221.9,217.59,233.63,65.67,64.77
04-00845,494.02,230.95,262.45,348.62,273.61,191.64,358.52,288.45,308.47,47.82,45.57
04-00846,221.2,468.33,393.34,124.23,512.21,355.4,90.66,101.96,93.65,66.18,53.01
04-00847,297.17,111.21,85.53,293.93,46.31,97.12,324.93,339.62,371.14,62.54,66.81
04-00848,331.15,229.76,306.7,430.75,233.06,267.4,215.24,181.2,197.43,75.27,86.34
04-00849,288.73,370.79,413.13,363.66,400.39,372.54,315.73,258.83,246.89,74.98,74.46
04-00850,91.75,98.85,440.67,134.24,227.47,465.05,442.51,464.09,495.79,73.18,65.42
04-00851,376.59,387.97,393.64,355.37,358.71,404.55,442.79,384.88,416.9,71.58,80.44
04-00852,61.64,402.63,315.81,0.0,297.91,197.84,441.41,428.32,452.9,14.84,14.33
04-00853,278.36,436.8,210.8,250.34,392.58,75.33,144.98,128.75,138.73,19.29,20.43
04-00854,373.97,285.83,377.21,328.75,183.64,347.24,376.32,353.25,332.16,17.67,21.07
04-00855,438.27,436.71,368.17,447.79,448.65,416.8,173.69,140.86,148.18,27.83,22.74
04-00856,270.62,265.53,381.74,215.02,260.79,274.77,209.35,220.43,206.65,65.11,56.63
04-00857,120.11,223.31,89.07,73.42,230.7,65.68,421.84,419.11,400.53,25.85,22.85
04-00858,360.44,166.59,169.85,377.64,79.79,251.35,322.57,318.74,327.44,64.56,54.0
04-00859,344.94,314.22,294.62,312.96,313.97,251.37,383.75,332.0,304.56,75.97,83.38
04-00860,71.24,380.22,123.48,24.23,382.36,132.78,144.12,157.26,157.57,60.0,63.79
04-00861,150.66,317.33,290.36,249.98,427.88,159.44,394.72,321.58,309.94,13.44,13.65
04-00862,266.77,207.25,81.98,290.55,118.75,112.61,238.55,204.78,188.15,32.76,34.83
04-00863,67.12,316.56,218.39,210.5,402.29,243.95,422.57,383.01,373.28,57.7,49.73
04-00864,321.88,277.49,139.65,315.11,204.28,116.94,322.65,304.52,322.34,16.27,19.03
04-00865,448.5,416.31,333.6,439.2,419.77,318.47,106.43,126.67,122.86,32.69,37.69
04-00866,291.52,238.68,352.43,326.77,227.0,425.19,377.24,370.65,393.66,18.46,19.67
04-00867,483.34,435.88,312.11,398.41,453.35,354.8,261.28,247.11,232.04,34.8,28.36
04-00868,74.78,416.15,143.84,45.79,377.96,136.4,252.68,225.5,239.94,18.97,22.67
04-00869,432.93,304.0,129.15,432.81,348.48,215.65,252.45,204.1,199.57,27.95,33.02
04-00870,282.71,488.39,60.24,322.11,545.52,46.21,331.02,309.69,304.7,73.97,74.19
04-00871,382.74,90.13,358.7,352.7,103.81,457.81,82.08,82.47,80.7,65.33,75.78
04-00872,165.96,292.32,91.03,135.38,237.21,105.35,363.46,410.23,431.55,71.17,70.91
04-00873,328.41,157.25,340.68,356.49,210.19,235.32,324.73,312.96,294.9,12.24,13.58
04-00874,76.63,487.17,250.37,180.62,494.9,196.25,410.55,361.6,347.82,71.3,77.19
04-00875,295.09,351.61,84.96,344.52,277.97,133.16,337.24,281.25,255.61,48.77,57.56
04-00876,247.13,458.44,346.02,309.94,574.98,383.39,260.17,267.51,272.47,16.83,18.69
04-00877,105.4,385.09,183.86,168.99,486.05,197.38,255.57,218.53,220.81,69.12,55.88
04-00878,351.37,408.25,158.01,287.65,308.55,272.4,84.73,79.33,72.73,67.03,67.74
04-00879,156.27,367.11,411.36,192.24,301.01,494.04,390.99,341.75,323.31,77.0,67.47
04-00880,199.47,245.85,189.4,231.66,287.16,201.34,171.42,159.1,153.38,65.76,68.4
04-00881,334.83,163.5,319.62,288.44,44.47,302.08,374.42,399.67,362.05,15.32,12.8
04-00882,476.88,230.99,180.15,444.55,302.75,302.86,99.74,96.6,94.86,61.61,60.72
04-00883,193.24,430.33,250.95,177.71,454.68,225.26,398.11,418.09,430.2,11.08,11.53
04-00884,466.9,372.86,268.17,543.8,281.55,234.88,414.14,348.63,354.71,44.92,42.26
04-00885,144.03,89.75,217.82,281.24,53.68,110.04,268.1,267.61,293.88,31.28,34.2
04-00886,258.72,152.71,482.26,212.35,119.36,492.45,433.58,389.01,362.63,14.99,17.15
04-00887,83.42,163.94,397.89,119.26,104.87,359.36,310.46,302.31,327.54,52.41,58.39
04-00888,63.52,198.12,400.16,177.18,313.75,368.95,149.92,142.08,132.97,79.65,72.61
04-00889,362.74,471.51,242.02,429.42,528.48,250.09,417.37,433.2,407.23,40.18,32.9
04-00890,492.51,123.79,368.43,493.89,17.43,364.5,225.97,188.08,169.32,45.28,52.58
04-00891,221.94,185.76,456.23,211.19,272.95,441.56,346.81,392.76,415.99,34.62,36.71
04-00892,166.61,130.95,420.16,183.47,117.57,401.92,189.33,193.48,198.43,54.78,49.34
04-00893,365.15,443.48,245.55,249.64,365.27,346.88,283.6,324.43,356.21,24.71,22.55
04-00894,371.95,346.0,497.84,383.65,250.96,610.64,112.36,95.92,94.73,22.68,23.72
04-00895,60.94,63.83,422.76,74.59,159.51,431.15,401.44,352.79,357.59,53.82,50.07
04-00896,459.45,368.72,91.76,445.7,315.26,208.29,354.67,372.99,374.06,27.95,30.08
04-00897,137.8,460.33,96.06,119.26,446.2,142.94,202.84,220.56,205.49,51.1,46.33
04-00898,223.95,183.72,421.25,289.22,111.51,475.69,439.06,508.65,513.11,20.14,21.32
04-00899,422.13,403.56,210.51,355.66,466.94,221.93,326.82,295.44,297.39,16.09,17.32
04-00900,471.65,150.54,167.89,383.04,164.04,160.52,114.91,123.86,124.64,47.47,53.71
04-00901,94.2,149.89,144.92,49.8,159.2,162.48,102.29,112.2,119.97,72.63,76.81
04-00902,307.14,424.36,336.79,323.54,460.1,456.93,320.05,334.49,343.33,19.05,15.72
04-00903,311.75,221.14,333.48,242.59,254.15,320.08,449.64,494.78,534.45,10.96,8.95
04-00904,292.31,311.7,317.03,335.42,281.43,303.7,258.51,266.1,251.55,59.23,68.99
04-00905,349.27,121.49,469.16,393.04,41.88,542.0,111.34,98.23,93.97,61.41,52.69
04-00906,231.52,180.41,413.22,189.74,229.54,515.67,395.78,392.86,389.56,53.24,51.81
04-00907,269.56,68.22,390.04,285.09,122.64,447.89,333.87,307.03,288.22,34.38,33.58
04-00908,163.94,159.94,351.6,211.46,138.78,324.23,259.69,271.36,244.45,23.09,20.61
04-00909,198.08,64.5,404.11,42.39,15.55,415.89,409.16,441.31,406.44,22.81,18.8
04-00910,181.57,418.36,487.39,274.15,423.12,431.58,414.21,375.25,383.34,21.83,19.9
04-00911,138.81,361.0,431.87,137.39,337.67,415.83,171.06,150.05,135.74,71.47,78.84
04-00912,423.98,495.56,337.54,364.62,549.34,304.32,222.78,243.36,266.61,26.42,30.28
04-00913,214.45,415.08,235.0,245.91,310.83,354.55,223.89,206.9,217.23,13.94,13.16
04-00914,491.22,275.47,91.88,425.85,280.05,64.76,434.45,351.66,316.78,54.11,43.43
04-00915,377.79,180.29,307.93,363.71,166.45,281.04,287.22,312.22,306.57,46.36,47.99
04-00916,72.13,483.89,319.21,126.8,529.91,374.03,374.28,448.42,427.27,77.43,66.1
04-00917,490.88,450.01,396.37,364.38,361.94,382.74,125.11,140.26,136.48,12.55,10.19
04-00918,201.06,424.69,163.44,225.77,459.79,97.28,237.4,236.73,218.3,62.19,64.56
04-00919,110.86,278.2,418.86,81.52,300.65,325.92,250.83,251.32,230.7,60.85,64.68
04-00920,77.04,283.52,165.55,144.42,295.8,177.12,310.34,279.89,255.95,71.78,63.54
04-00921,324.9,310.94,127.76,281.72,301.41,115.33,279.5,308.47,332.87,77.16,74.22
04-00922,286.63,229.54,447.52,283.8,130.11,385.08,231.66,215.15,212.32,42.3,36.68
04-00923,384.55,301.53,385.53,383.42,342.86,337.4,393.92,405.38,407.43,42.89,47.26
04-00924,309.6,474.04,463.67,457.72,448.09,325.3,171.44,174.98,161.0,35.36,40.13
04-00925,211.88,331.06,137.36,233.03,395.64,155.63,152.67,178.43,183.01,39.07,31.44
04-00926,186.75,165.6,427.12,182.79,40.81,229.24,134.72,109.03,113.01,41.52,39.43
04-00927,375.49,158.36,419.48,291.05,201.4,344.8,167.79,177.31,179.14,59.56,62.15
04-00928,277.51,384.58,305.51,183.8,355.36,313.75,228.5,250.51,269.61,39.03,45.56
04-00929,166.75,338.56,241.96,113.5,282.56,226.17,395.96,358.96,339.96,52.51,43.56
04-00930,155.65,442.64,439.68,198.57,466.65,373.37,198.55,166.22,166.75,13.73,13.05
04-00931,338.08,306.39,292.04,459.47,391.8,340.16,175.05,158.67,149.79,22.41,23.21
04-00932,356.8,462.21,186.23,399.85,305.76,225.32,361.49,362.43,349.64,62.32,71.49
04-00933,463.5,451.25,453.64,463.51,529.86,471.11,196.32,218.7,200.1,12.19,11.04
04-00934,131.95,304.75,315.91,76.89,299.16,249.76,266.18,246.16,237.15,68.78,77.35
04-00935,184.35,418.25,108.33,180.09,418.82,64.25,90.86,97.98,96.45,69.05,66.54
04-00936,450.18,122.24,203.38,479.7,178.56,282.01,128.47,124.22,133.6,29.88,29.79
04-00937,474.26,153.14,442.21,560.37,119.39,476.7,283.77,263.56,248.95,44.53,37.37
04-00938,194.03,226.96,231.05,314.76,180.77,231.31,171.93,154.22,164.51,17.51,14.65
04-00939,392.99,135.27,223.1,348.62,68.3,145.45,213.2,226.52,215.37,39.9,39.86
04-00940,171.64,196.8,353.01,243.51,99.66,248.21,350.49,348.28,348.63,67.77,67.37
04-00941,362.27,408.52,243.51,374.49,454.17,132.68,184.02,153.73,162.7,42.09,49.13
04-00942,61.93,257.35,94.86,49.24,223.99,114.66,377.95,438.21,442.73,29.92,26.13
04-00943,251.26,401.34,236.67,173.15,573.53,179.3,318.66,357.3,326.49,16.75,18.37
04-00944,195.43,252.41,462.41,95.44,250.59,436.75,313.47,349.4,315.49,52.64,45.74
04-00945,313.52,294.22,288.02,297.36,375.22,346.45,180.27,147.43,140.57,46.85,40.14
04-00946,496.04,455.25,131.89,536.77,397.95,165.18,303.16,267.23,284.75,10.95,11.05
04-00947,391.08,410.99,86.7,360.12,359.97,171.07,241.7,216.31,223.14,58.39,69.2
04-00948,334.02,166.13,93.02,280.52,139.97,119.62,418.91,480.98,495.8,34.88,41.66
04-00949,95.61,76.29,295.42,82.52,111.17,384.17,138.77,147.55,142.96,16.75,18.98
04-00950,357.09,418.63,198.94,401.24,296.78,112.58,304.17,249.4,231.26,47.31,49.09
04-00951,259.47,416.47,260.73,278.07,337.08,332.58,420.71,384.75,420.02,78.68,68.34
04-00952,92.41,359.82,475.87,0.0,320.44,464.95,106.94,126.07,120.33,66.41,55.26
04-00953,298.69,484.11,312.08,354.84,458.5,274.54,329.15,326.39,297.62,44.99,44.25
04-00954,197.35,227.19,150.67,277.42,287.36,132.12,300.62,271.24,282.44,30.51,24.61
04-00955,85.28,204.89,319.55,88.06,217.56,263.49,322.04,302.36,309.08,60.32,60.47
04-00956,258.59,311.03,456.38,234.2,217.73,424.7,306.37,301.57,328.5,45.35,41.17
04-00957,222.11,398.95,182.44,315.99,359.31,303.64,288.31,270.41,276.29,58.05,61.08
04-00958,372.71,386.1,343.29,408.78,432.81,368.24,220.82,188.9,204.93,57.99,49.9
04-00959,421.83,77.05,474.28,489.84,83.26,559.22,247.3,208.57,204.88,21.34,24.69
04-00960,379.67,334.49,243.1,364.4,331.76,171.68,298.74,326.62,342.58,44.94,42.24
04-00961,228.24,333.06,371.84,166.34,410.48,533.79,258.33,259.01,236.64,50.35,42.4
04-00962,84.69,131.64,486.57,74.35,64.55,499.85,263.73,226.22,206.36,36.5,33.65
04-00963,479.43,216.3,359.18,554.65,296.66,386.86,349.49,366.09,401.35,50.14,57.22
04-00964,187.23,494.32,291.04,235.96,551.46,232.06,217.13,224.44,235.83,20.47,19.85
04-00965,85.18,312.1,163.27,3.73,264.07,127.75,266.99,304.41,297.0,41.26,46.47
04-00966,246.34,364.26,154.54,168.71,286.22,110.17,415.56,478.78,457.38,69.72,64.25
04-00967,164.93,247.11,499.2,201.37,279.5,409.17,94.51,95.29,86.66,39.5,41.62
04-00968,325.27,368.69,393.02,291.33,337.55,395.83,232.33,243.38,239.89,43.79,51.71
04-00969,204.29,74.88,449.64,263.62,49.91,367.9,363.74,404.42,443.79,20.21,17.43
04-00970,472.2,238.9,293.96,474.35,260.68,335.63,449.5,538.85,493.24,13.22,11.13
04-00971,316.54,458.32,385.64,361.8,431.56,372.58,333.09,395.7,396.74,26.18,31.32
04-00972,300.58,280.08,284.7,298.11,185.45,355.07,438.01,450.08,407.39,27.08,30.0
04-00973,440.31,368.76,165.63,388.35,440.04,114.83,261.77,220.27,207.55,44.85,40.6
04-00974,286.45,209.53,280.14,247.04,191.31,273.5,281.87,319.29,338.28,22.18,22.86
04-00975,128.89,270.29,261.51,147.27,298.4,250.22,236.07,248.43,246.44,72.21,57.88
04-00976,296.32,199.36,289.51,227.92,162.41,246.05,449.29,481.58,459.98,60.97,51.07
04-00977,111.78,243.35,292.92,116.09,323.38,296.77,266.03,253.95,277.19,42.26,45.49
04-00978,259.64,384.27,64.5,196.93,448.86,0.0,192.79,205.81,190.84,69.81,56.45
04-00979,401.2,272.65,363.12,381.88,213.65,426.43,179.54,195.26,205.62,10.63,9.16
04-00980,257.99,496.6,302.88,254.55,464.1,418.82,174.97,154.56,163.62,69.95,81.66
04-00981,179.35,269.48,154.89,234.19,287.17,108.63,408.76,477.94,465.12,65.69,63.14
04-00982,331.55,124.01,120.88,274.6,61.92,117.35,158.82,186.98,193.7,25.44,24.99
04-00983,333.5,325.15,135.83,338.16,320.21,156.81,217.76,256.75,254.63,45.25,36.86
04-00984,464.9,222.47,146.52,436.28,219.93,160.78,368.75,322.74,293.7,31.7,29.62
04-00985,309.01,301.7,399.58,477.56,196.15,454.46,371.76,390.49,383.34,42.41,47.01
04-00986,245.61,408.52,382.08,182.7,479.74,337.48,291.97,303.95,324.72,30.46,30.71
04-00987,488.52,83.27,128.76,425.73,60.39,23.17,303.54,265.64,261.91,20.93,21.3
04-00988,201.13,296.87,193.45,233.57,252.62,186.51,338.36,340.78,335.76,38.76,42.24
04-00989,130.44,325.43,339.67,170.98,252.59,374.63,171.94,152.49,158.0,11.92,13.25
04-00990,314.6,487.15,142.68,378.38,574.36,233.4,334.28,374.74,370.79,22.06,24.54
04-00991,362.39,493.95,291.64,302.71,462.93,272.77,205.85,169.47,169.05,69.06,71.45
04-00992,185.76,212.18,308.13,162.0,154.78,437.87,370.25,396.62,395.43,20.98,22.06
04-00993,471.91,354.07,162.87,544.8,429.25,111.14,317.92,376.1,403.9,64.29,71.81
04-00994,101.2,100.9,316.27,71.21,182.81,192.68,188.78,193.51,178.89,40.93,42.46
04-00995,112.62,216.97,405.87,115.16,337.97,414.63,172.61,154.61,140.14,64.08,70.12
04-00996,205.12,248.12,401.19,189.54,230.18,421.94,263.09,261.67,282.52,30.84,28.55
04-00997,284.24,192.14,411.67,274.44,262.09,445.27,374.89,384.88,416.29,54.72,44.1
04-00998,92.59,117.38,198.41,159.78,88.96,246.9,136.96,138.72,143.98,44.78,36.64
04-00999,373.65,259.56,340.02,449.73,228.24,326.28,395.58,347.95,337.96,39.88,39.82
04-01000,88.92,76.56,332.2,85.99,49.42,433.44,403.57,460.44,480.52,46.66,53.23
04-01001,304.49,477.37,421.58,277.46,600.11,410.93,188.91,209.91,218.88,63.12,56.66
04-01002,219.35,279.93,285.87,200.92,181.62,342.67,223.72,237.92,228.12,29.18,33.75
04-01003,87.06,363.79,156.67,149.32,462.48,39.33,158.72,156.72,152.43,12.35,13.53
04-01004,312.71,189.96,238.84,298.24,227.14,266.57,297.15,248.5,266.76,15.69,12.9
04-01005,372.28,109.31,318.59,343.81,104.46,408.06,288.19,325.45,318.95,41.51,34.62
04-01006,261.09,130.78,99.5,256.9,142.4,30.11,382.88,454.36,436.84,73.39,78.91
04-01007,256.35,285.35,144.23,276.75,301.82,29.68,389.75,402.15,392.45,36.65,35.96
04-01008,151.91,311.43,103.54,229.36,314.3,118.17,146.93,137.02,131.8,13.32,10.73
04-01009,262.5,172.88,390.23,389.79,253.6,405.71,211.31,170.41,155.57,79.41,70.88
04-01010,161.95,250.02,368.34,203.85,238.93,384.57,316.42,281.69,309.76,47.29,40.07
04-01011,354.34,395.94,321.53,424.21,386.28,253.75,276.62,315.3,292.13,62.71,72.05
04-01012,345.31,183.88,315.63,326.05,174.92,345.76,329.56,334.07,319.83,51.05,52.42
04-01013,108.72,100.68,435.78,105.0,65.38,359.37,130.94,120.96,127.55,39.13,42.58
04-01014,283.69,260.0,227.5,227.92,263.6,358.41,149.57,148.2,145.35,44.64,45.31
04-01015,167.48,127.95,387.76,138.21,220.65,476.51,182.79,200.68,205.27,15.52,12.84
04-01016,364.33,189.82,456.43,295.29,192.7,401.04,225.23,266.83,274.89,26.98,21.9
04-01017,337.25,222.13,466.64,335.37,191.98,564.73,339.04,378.44,389.67,78.89,90.32
04-01018,398.38,135.44,332.88,427.19,189.13,387.1,163.7,165.8,170.51,54.95,51.39
04-01019,109.37,177.6,387.65,117.77,126.39,394.32,443.78,485.16,484.0,41.0,45.42
04-01020,434.1,431.53,347.51,463.0,462.61,418.65,400.26,332.34,364.52,54.43,45.88
04-01021,490.34,165.35,355.58,503.51,148.39,339.7,258.94,288.47,312.73,31.75,33.85
04-01022,426.51,175.22,87.43,391.09,91.08,87.33,297.61,296.68,283.92,75.78,68.81
04-01023,252.44,64.16,445.78,266.86,44.57,448.75,300.25,307.39,296.24,15.95,18.48
04-01024,213.75,349.48,151.23,196.55,330.43,123.27,111.13,128.03,131.29,74.6,83.66
04-01025,186.27,102.62,214.24,166.29,128.61,238.34,199.84,217.77,205.5,34.01,37.25
04-01026,221.47,76.51,342.44,206.11,24.62,359.43,327.54,320.19,311.11,35.3,40.08
04-01027,378.93,455.56,332.38,424.84,378.75,286.76,138.45,138.03,138.66,34.59,27.89
04-01028,151.65,486.2,201.4,140.32,448.94,221.75,411.99,421.65,460.11,41.91,40.33
04-01029,60.2,369.74,97.16,149.44,383.1,118.78,296.12,354.12,324.03,35.54,33.99
04-01030,459.0,477.88,70.86,510.45,516.77,42.67,363.46,431.71,401.19,64.74,67.24
04-01031,435.88,394.61,341.39,488.84,277.31,371.86,89.85,78.88,77.07,26.62,22.46
04-01032,335.18,145.13,227.16,375.39,206.79,164.9,167.44,166.37,162.82,76.59,70.03
04-01033,204.95,482.91,457.09,213.21,502.66,422.78,307.81,316.53,287.16,39.98,41.98
04-01034,211.36,308.4,68.94,150.38,301.31,0.0,375.55,426.88,453.14,41.74,40.64
04-01035,323.28,390.55,132.78,409.17,354.54,129.24,426.9,377.95,349.34,15.52,14.24
04-01036,465.49,439.43,205.66,548.98,476.15,175.74,364.34,413.77,428.11,63.91,55.53
04-01037,493.68,217.22,483.68,520.59,199.5,537.72,143.99,151.52,145.58,51.41,54.92
04-01038,222.18,234.04,490.71,190.3,234.87,526.19,428.73,377.67,391.69,52.5,55.38
04-01039,110.68,372.38,93.39,36.73,416.53,61.01,411.17,412.53,433.67,78.15,91.32
04-01040,70.48,229.21,72.29,22.92,184.57,79.59,122.97,137.53,136.33,33.04,28.95
04-01041,108.93,287.12,444.67,198.63,345.01,477.84,183.53,173.12,161.33,45.73,37.68
04-01042,372.61,166.76,358.47,383.01,99.39,443.32,177.71,150.79,159.14,40.64,34.48
04-01043,483.25,245.88,299.56,425.56,358.99,288.42,146.27,153.17,146.65,79.48,72.04
04-01044,342.24,360.12,261.31,316.47,320.28,324.6,161.79,177.69,194.9,52.17,51.93
04-01045,166.1,332.48,393.7,76.93,371.21,372.91,369.18,394.37,377.42,38.37,45.04
04-01046,229.45,129.55,209.47,202.19,48.73,184.91,197.34,163.27,148.17,51.09,46.66
04-01047,110.47,141.25,238.87,149.43,151.13,287.69,80.77,77.08,79.26,26.55,30.61
04-01048,183.48,169.43,309.69,180.6,251.95,507.01,373.66,408.45,414.5,58.12,54.85
04-01049,136.48,151.97,489.84,84.14,178.55,395.88,257.87,258.41,233.45,73.35,71.59
04-01050,335.94,442.3,248.5,144.01,485.14,174.38,150.17,127.53,117.86,38.7,33.58
04-01051,463.44,78.78,115.88,425.38,0.0,301.08,240.66,220.76,204.26,25.06,28.75
04-01052,128.21,311.88,491.36,96.03,334.84,520.76,430.96,441.64,453.05,32.32,32.42
04-01053,192.26,134.84,79.41,192.07,204.08,110.49,211.56,226.06,217.64,74.54,70.36
04-01054,280.88,89.23,493.52,260.95,172.68,476.07,339.44,381.38,354.18,29.86,35.31
04-01055,429.96,139.67,266.09,546.12,67.14,288.37,270.95,232.25,244.07,77.81,91.38
04-01056,411.37,248.91,382.33,465.91,176.32,370.57,170.53,147.62,136.0,34.82,33.43
04-01057,371.63,486.18,388.69,465.79,514.65,416.72,333.64,319.4,348.26,40.89,33.73
04-01058,126.36,202.41,165.06,185.26,203.92,154.42,81.77,72.76,72.51,50.68,45.92
04-01059,308.01,425.24,84.02,338.25,455.09,62.27,300.52,321.85,293.08,10.63,8.89
04-01060,104.91,113.52,284.02,224.17,238.42,288.53,141.53,146.05,157.28,75.24,84.88
04-01061,171.49,301.67,491.25,190.11,194.18,443.07,364.66,312.52,308.45,55.27,46.65
04-01062,163.02,93.41,112.71,30.86,0.0,85.45,346.92,385.39,387.99,77.09,89.49
04-01063,336.44,485.9,183.72,330.9,436.38,271.56,438.12,446.55,412.05,30.86,36.63
04-01064,205.84,415.46,151.42,256.38,395.13,205.85,388.02,326.04,302.23,13.74,14.52
04-01065,106.99,482.64,142.35,66.4,520.94,153.08,251.19,230.86,230.77,12.27,14.23
04-01066,298.57,248.55,271.43,315.99,269.73,284.3,330.28,386.86,416.89,77.67,67.25
04-01067,80.62,114.2,296.22,54.95,54.09,286.91,135.6,138.95,125.25,79.21,85.93
04-01068,187.23,157.25,305.36,209.54,255.4,328.11,262.49,311.73,297.1,77.14,75.07
04-01069,309.55,266.84,246.19,472.08,257.96,227.28,124.35,133.1,128.22,62.6,51.97
04-01070,491.47,451.43,199.46,435.22,468.88,180.27,404.37,469.87,447.29,22.97,26.27
04-01071,100.88,470.75,399.28,141.53,472.32,291.2,377.51,312.26,305.85,43.05,37.63
04-01072,421.35,402.15,287.01,281.01,404.07,219.42,123.08,101.49,108.11,74.3,67.68
04-01073,311.25,114.41,173.87,363.92,57.96,256.62,260.34,294.51,296.61,54.94,58.02
04-01074,246.11,447.47,237.73,234.04,363.97,227.97,154.94,181.53,176.8,37.95,32.68
04-01075,76.67,410.83,313.23,140.78,563.76,354.09,182.86,159.26,169.97,76.31,63.27
04-01076,421.95,169.29,353.88,388.72,179.14,389.06,434.55,477.71,434.92,26.63,31.18
04-01077,257.68,471.35,323.23,302.43,439.06,357.26,197.22,221.3,206.74,49.77,44.42
04-01078,466.39,304.1,182.49,562.66,418.63,141.91,413.51,444.21,479.01,48.48,50.3
04-01079,305.14,485.53,384.81,300.08,506.29,431.74,143.61,146.08,143.13,68.77,77.42
04-01080,451.47,457.68,144.03,491.63,530.19,224.69,304.98,274.67,296.28,52.48,50.81
04-01081,179.69,168.11,435.57,176.6,109.82,375.31,92.15,93.88,88.35,40.1,32.11
04-01082,454.21,472.74,338.33,477.64,416.94,369.11,439.3,499.93,530.27,73.6,58.99
04-01083,302.29,135.45,337.37,252.55,90.74,408.75,119.83,137.65,147.4,66.81,76.3
04-01084,101.67,97.45,281.96,199.76,141.33,327.1,86.73,92.95,93.5,12.03,12.46
04-01085,480.88,364.46,465.15,390.41,219.86,492.36,388.32,436.92,477.63,51.45,53.11
04-01086,109.12,211.3,277.0,107.74,188.97,333.02,244.7,249.11,228.15,41.11,37.74
04-01087,215.77,235.65,249.46,194.48,257.04,325.52,408.04,408.61,367.89,26.52,27.06
04-01088,180.37,162.26,253.13,113.41,141.55,353.88,272.05,254.91,262.98,68.69,76.27
04-01089,425.73,382.5,465.17,400.34,399.26,522.94,148.33,165.19,168.42,35.91,38.38
04-01090,441.57,99.05,352.63,489.74,13.37,441.72,426.1,492.08,468.62,62.66,61.45
04-01091,352.44,266.36,213.12,329.64,143.92,180.43,442.89,496.66,490.06,50.06,52.81
04-01092,315.83,273.59,290.79,221.71,225.63,265.93,245.45,240.98,260.69,64.35,68.15
04-01093,346.29,256.17,159.36,316.58,186.98,215.81,324.18,318.4,297.83,25.95,24.38
04-01094,317.45,366.84,388.62,298.29,358.38,475.6,306.43,269.2,276.6,12.6,10.14
04-01095,325.06,181.41,380.74,344.98,161.12,475.21,109.17,120.14,116.2,57.19,52.58
04-01096,260.85,132.92,77.34,332.93,259.51,97.89,443.07,507.46,469.9,40.82,44.36
04-01097,269.18,208.73,75.28,290.67,204.5,141.59,266.92,266.36,284.58,59.75,51.95
04-01098,404.68,371.25,468.05,428.75,382.88,586.65,371.25,337.55,339.21,72.8,82.35
04-01099,135.2,459.15,204.94,163.31,534.46,152.4,143.71,120.59,127.02,43.91,42.13
04-01100,184.62,357.59,107.07,250.9,410.05,143.52,327.96,367.13,399.62,19.73,22.37
04-01101,311.3,492.17,491.03,244.85,505.3,537.95,371.06,435.36,450.1,56.47,57.73
04-01102,328.41,307.36,368.5,410.43,356.58,292.25,210.7,233.48,215.02,56.21,59.99
04-01103,156.94,360.87,83.69,108.64,275.31,42.35,226.69,199.65,214.78,38.05,37.43
04-01104,186.34,195.04,470.43,49.39,285.56,362.01,337.94,404.67,429.48,11.66,10.36
04-01105,91.2,195.89,266.13,20.94,257.87,211.2,272.12,268.6,266.0,67.56,66.55
04-01106,348.07,217.44,85.8,323.08,181.74,146.17,432.9,377.93,366.34,66.74,58.93
04-01107,139.35,101.99,441.96,57.88,167.71,415.43,141.29,131.14,121.19,38.94,39.72
04-01108,107.57,85.76,449.79,128.03,0.0,328.64,313.78,350.82,371.5,42.07,44.84
04-01109,292.97,314.92,350.25,280.7,416.94,374.49,114.99,111.93,108.89,28.71,28.35
04-01110,318.23,462.22,498.31,330.37,472.14,511.95,356.09,392.0,385.79,37.89,41.82
04-01111,133.86,481.97,340.93,193.47,440.56,344.06,440.67,452.56,423.67,60.92,56.96
04-01112,306.95,306.85,370.4,360.97,285.81,380.28,447.52,533.22,507.88,51.88,50.07
04-01113,259.74,353.11,353.14,121.97,306.32,306.16,171.32,138.96,152.39,61.24,56.82
04-01114,288.27,344.01,389.37,353.17,298.27,485.7,106.83,118.61,112.28,72.68,79.32
04-01115,468.14,299.53,375.89,389.08,245.84,434.74,371.8,307.64,305.25,64.85,62.81
04-01116,430.76,259.76,131.22,336.94,213.12,128.07,186.11,220.08,207.83,59.52,67.29
04-01117,200.93,186.54,248.86,200.43,228.53,257.65,391.68,354.21,336.49,30.02,35.98
04-01118,452.06,438.4,139.92,454.48,424.85,213.35,221.39,188.18,177.99,78.81,78.3
04-01119,475.29,137.46,163.37,517.63,0.0,184.32,94.44,105.19,107.6,50.69,46.09
04-01120,218.49,144.35,82.57,293.29,191.83,143.07,274.13,284.25,312.59,55.79,62.24
04-01121,174.24,125.29,467.64,220.89,101.61,365.5,160.18,143.98,153.59,17.57,14.39
04-01122,411.98,158.85,187.88,380.07,265.74,193.64,162.03,151.25,155.68,59.13,59.14
04-01123,119.1,406.8,297.69,119.98,305.18,307.94,402.84,480.88,499.93,57.46,63.66
04-01124,102.63,427.48,385.58,49.96,394.78,294.76,327.09,319.98,307.11,23.79,22.1
04-01125,470.57,452.5,411.81,469.39,511.46,394.31,418.2,496.41,506.57,71.61,64.01
04-01126,279.5,275.17,469.12,321.72,280.1,495.82,397.73,343.03,358.33,39.45,31.59
04-01127,179.47,145.8,376.25,164.68,179.77,321.97,259.72,225.47,224.07,31.34,26.22
04-01128,116.76,195.28,280.42,57.26,136.73,255.93,284.44,281.8,309.14,39.35,31.5
04-01129,301.58,406.68,84.72,326.87,508.45,154.01,446.21,478.75,506.33,42.18,37.62
04-01130,494.5,306.92,478.12,463.8,310.69,462.8,165.5,164.21,173.41,76.72,68.65
04-01131,375.4,367.2,271.21,340.96,299.13,313.58,302.82,261.02,236.4,26.95,27.04
04-01132,203.34,96.89,287.42,277.69,49.17,228.86,430.78,439.69,436.85,18.6,16.08
04-01133,471.36,353.96,223.98,447.08,452.81,182.32,104.71,109.15,115.6,62.89,67.13
04-01134,326.22,104.6,434.69,262.6,261.84,393.97,274.77,322.22,318.84,67.49,77.03
04-01135,281.95,352.02,277.07,259.45,378.03,309.35,99.82,108.29,98.24,75.17,65.58
04-01136,82.21,265.09,126.16,112.82,207.14,19.8,81.36,71.78,69.02,41.97,43.06
04-01137,261.6,407.54,131.21,329.97,490.15,134.8,362.88,374.48,350.88,18.1,16.87
04-01138,464.77,229.04,199.69,438.44,208.82,235.27,431.69,482.17,450.69,73.18,75.46
04-01139,142.44,201.96,75.14,260.51,78.87,0.0,284.36,308.08,333.88,29.92,25.07
04-01140,165.49,443.23,73.32,167.28,385.1,101.88,153.33,135.46,123.59,62.7,71.52
04-01141,499.03,405.93,452.03,554.2,248.48,347.62,140.28,148.02,145.63,58.9,53.48
04-01142,496.25,319.07,128.59,425.03,217.35,259.92,245.08,225.15,225.59,42.16,40.91
04-01143,366.24,130.36,191.63,338.06,151.13,162.42,176.65,189.75,206.22,33.47,35.39
04-01144,65.27,281.39,105.37,44.67,234.89,108.99,151.26,136.49,148.02,24.31,26.51
04-01145,248.36,239.24,144.0,231.06,125.43,52.97,292.48,290.42,317.4,54.02,54.13
04-01146,423.59,435.37,164.01,367.86,435.49,103.31,136.19,117.03,117.0,69.98,69.3
04-01147,357.73,179.55,175.88,312.11,77.3,162.9,233.54,208.28,206.19,66.27,69.09
04-01148,302.46,122.55,240.18,297.32,29.69,190.64,426.66,470.67,453.55,17.24,14.59
04-01149,164.74,270.43,159.84,158.51,261.6,206.71,383.3,453.11,463.85,64.99,63.09
04-01150,157.61,345.2,479.93,290.99,196.38,586.49,363.49,297.74,323.02,26.56,25.75
04-01151,451.26,487.28,308.96,493.31,447.68,323.41,80.36,75.34,81.82,56.26,46.41
04-01152,272.67,153.18,362.73,255.91,159.06,393.42,186.23,154.55,152.84,61.72,55.79
04-01153,166.52,363.0,184.82,192.87,373.13,203.16,317.89,380.46,348.82,37.42,36.13
04-01154,102.66,282.47,287.21,134.08,333.67,231.3,389.96,419.83,434.38,24.47,23.0
04-01155,465.0,404.15,109.13,380.24,385.34,0.0,351.63,297.43,315.94,56.41,55.93
04-01156,327.1,61.19,306.99,430.19,8.38,278.29,232.32,254.41,279.46,25.82,23.63
04-01157,74.46,326.41,187.3,82.99,384.15,236.71,372.86,389.65,397.47,28.46,24.81
04-01158,443.4,247.25,484.75,496.31,279.75,555.92,344.69,337.47,351.04,63.51,51.52
04-01159,99.22,321.05,312.79,149.21,255.03,362.02,174.42,149.83,156.89,50.3,60.28
04-01160,459.98,73.14,391.93,504.49,132.13,413.55,309.06,322.01,332.92,56.6,55.04
04-01161,342.59,419.38,425.4,224.56,524.0,383.61,111.71,120.69,120.21,26.28,26.84
04-01162,482.03,307.07,482.7,459.25,326.33,446.51,108.57,105.15,99.68,51.87,51.2
04-01163,203.63,382.35,258.79,207.57,304.77,252.81,127.55,143.46,132.2,46.47,53.77
04-01164,331.48,380.13,329.94,189.64,219.81,339.89,307.29,254.0,255.4,57.16,50.71
04-01165,267.26,475.88,228.97,274.82,478.05,256.58,130.09,132.47,144.97,31.63,33.75
04-01166,219.74,142.18,61.57,211.48,171.64,43.64,364.37,292.52,302.91,15.39,17.08
04-01167,449.65,411.95,84.78,436.03,429.17,0.0,97.26,97.63,99.47,15.86,18.68
04-01168,293.72,283.5,475.94,339.64,280.6,529.11,377.45,315.76,344.46,48.09,43.0
04-01169,396.68,195.55,397.7,436.62,175.78,358.11,333.52,345.65,320.8,18.26,19.47
04-01170,73.65,67.39,496.33,89.03,74.98,489.07,355.07,290.7,271.98,21.73,21.72
04-01171,422.37,469.5,423.68,445.02,455.25,489.3,259.14,292.6,305.54,75.96,64.59
04-01172,293.79,137.09,432.25,258.79,189.97,378.78,254.23,303.47,289.76,10.21,11.63
04-01173,247.16,366.22,450.64,284.81,264.85,504.06,273.36,256.25,233.74,26.36,31.39
04-01174,342.24,173.87,404.33,346.26,151.69,458.08,260.28,280.66,294.67,27.8,29.75
04-01175,131.38,494.65,304.36,120.96,403.56,369.35,269.35,289.99,269.08,50.95,58.74
04-01176,481.27,475.1,64.88,495.79,373.77,148.3,265.87,264.88,261.09,39.63,34.5
04-01177,123.44,490.6,487.55,54.86,325.82,380.98,278.0,324.69,324.64,11.28,13.48
04-01178,371.1,266.8,212.18,404.58,294.05,237.35,166.97,175.11,176.23,38.57,46.16
04-01179,97.57,398.32,69.06,164.56,457.3,17.04,312.68,314.91,319.35,23.8,22.09
04-01180,367.94,425.5,324.17,398.54,494.06,377.14,223.86,230.25,228.38,38.16,45.19
04-01181,198.88,373.37,429.51,127.57,317.33,385.0,278.04,320.99,338.95,39.11,40.25
04-01182,120.58,233.55,238.2,110.04,235.98,268.88,159.1,147.15,144.27,77.97,87.89
04-01183,216.98,197.83,307.29,137.61,245.61,263.5,281.13,291.05,310.11,22.95,24.36
04-01184,78.83,99.19,335.18,96.05,41.22,312.89,238.65,267.04,292.74,32.74,26.88
04-01185,340.5,447.18,138.72,503.26,476.07,96.64,228.95,212.72,214.67,53.86,60.31
04-01186,435.34,429.09,270.18,308.0,361.74,236.41,235.31,243.41,240.98,17.51,18.04
04-01187,213.34,182.9,248.91,216.08,150.68,280.72,292.91,294.25,266.89,36.4,34.28
04-01188,126.93,474.63,370.87,142.19,486.28,276.88,298.94,312.23,309.66,70.16,57.42
04-01189,241.35,224.59,329.53,340.3,256.88,301.82,343.14,295.53,311.94,41.74,37.27
04-01190,302.26,200.91,391.61,225.5,283.88,366.19,425.61,381.69,379.29,38.42,35.12
04-01191,381.03,209.32,102.89,353.89,272.2,69.7,93.39,91.42,82.71,38.52,41.8
04-01192,267.48,89.45,299.36,266.14,44.77,219.04,139.64,149.62,137.95,57.49,57.87
04-01193,331.37,264.62,194.21,349.68,348.26,222.18,147.14,171.49,184.83,63.96,62.23
04-01194,442.28,429.02,434.75,268.31,457.82,395.39,255.62,229.3,214.7,49.15,51.69
04-01195,242.25,312.94,260.41,269.34,318.32,279.23,347.94,337.53,366.24,55.66,59.21
04-01196,240.11,433.08,362.68,216.15,460.53,351.28,257.91,223.95,238.68,31.94,26.53
04-01197,118.42,186.25,216.45,141.92,186.58,100.77,220.26,248.36,236.94,19.67,18.88
04-01198,428.49,345.74,86.95,387.49,265.83,93.85,121.54,98.89,95.9,59.26,62.02
04-01199,294.24,190.31,81.94,250.08,110.54,107.86,296.21,268.21,273.93,43.95,44.89
04-01200,496.79,149.02,383.98,515.84,104.11,390.62,183.74,169.5,177.78,52.76,55.84
04-01201,410.92,125.03,214.86,455.11,109.84,228.66,127.3,120.62,125.89,27.3,23.8
04-01202,170.9,228.92,497.72,182.28,179.3,549.87,257.8,258.85,247.03,27.74,26.36
04-01203,249.03,183.2,126.69,309.77,95.57,74.79,283.39,268.07,286.8,61.83,54.57
04-01204,301.16,176.08,114.44,272.23,275.19,46.91,376.67,432.69,461.69,63.87,54.47
04-01205,85.02,202.62,208.12,57.7,246.63,281.47,241.01,271.47,271.25,78.72,81.32
04-01206,451.67,476.18,97.27,489.32,554.75,205.16,193.86,203.61,184.77,78.44,92.11
04-01207,345.77,231.41,273.08,406.94,258.84,294.69,82.58,78.91,73.72,23.19,26.66
04-01208,434.74,90.66,65.96,321.99,77.88,0.0,128.65,138.25,126.95,18.3,20.14
04-01209,353.87,487.42,325.71,352.63,498.16,348.14,202.99,203.27,208.39,57.84,50.86
04-01210,145.85,214.61,76.79,132.24,142.38,145.09,229.77,243.14,239.09,67.99,74.31
04-01211,113.04,469.94,406.51,49.07,436.31,342.51,379.6,367.03,401.43,55.07,65.81
04-01212,161.03,133.68,251.31,238.81,78.04,198.48,138.13,164.48,172.49,44.25,42.23
04-01213,150.5,371.17,164.96,97.84,370.08,272.9,204.82,182.97,171.77,65.04,71.49
04-01214,169.0,196.68,237.53,93.72,180.4,241.47,288.6,231.9,215.7,20.6,23.22
04-01215,175.75,188.1,400.85,142.15,226.32,544.84,343.3,310.26,323.92,74.21,79.96
04-01216,196.48,324.89,369.04,213.53,325.41,315.33,337.56,332.66,357.15,21.54,22.04
04-01217,237.19,261.84,473.52,271.56,368.17,554.15,88.47,85.21,80.72,33.99,33.26
04-01218,348.43,280.1,340.4,355.24,168.81,360.31,111.82,128.31,138.12,20.17,20.99
04-01219,278.71,288.6,430.02,401.83,408.42,370.38,95.86,111.17,103.6,26.6,23.87
04-01220,152.05,173.54,439.86,193.14,88.56,435.35,438.7,431.41,415.26,16.27,18.69
04-01221,101.19,87.1,450.86,196.27,68.32,546.93,427.14,361.73,364.42,71.58,77.42
04-01222,370.37,398.31,194.61,395.43,393.38,227.72,411.48,443.75,462.38,25.45,27.72
04-01223,165.82,217.86,71.02,146.44,275.94,7.16,134.45,114.82,123.06,32.29,31.08
04-01224,185.55,430.16,414.44,294.07,396.06,420.28,333.3,277.09,275.14,50.19,41.2
04-01225,450.22,333.17,406.05,474.0,322.59,351.42,158.87,158.2,173.16,80.0,71.89
04-01226,376.67,113.95,394.41,311.36,172.29,388.03,271.21,235.94,220.84,20.15,17.57
04-01227,87.62,412.58,471.58,123.26,414.76,508.55,380.15,309.81,306.39,72.77,59.33
04-01228,445.07,175.38,411.4,301.76,266.63,334.46,193.56,160.8,168.45,52.68,56.05
04-01229,128.14,91.19,359.29,178.98,137.27,425.94,133.6,151.96,157.37,45.9,50.31
04-01230,425.24,200.29,277.6,419.3,146.43,221.06,318.52,376.81,344.27,71.17,69.25
04-01231,247.65,154.78,333.93,262.3,189.57,334.69,181.73,203.17,215.24,13.13,15.36
04-01232,431.99,138.0,89.53,400.2,97.85,0.0,83.29,68.16,65.35,76.29,63.05
04-01233,284.46,484.12,435.11,255.31,587.23,383.76,352.5,362.71,334.97,27.39,24.06
04-01234,262.98,70.27,269.65,249.51,155.63,290.37,210.17,212.13,198.14,33.57,40.14
04-01235,240.37,113.87,84.24,202.03,57.15,95.57,231.26,207.08,216.08,32.77,33.94
04-01236,120.45,380.45,142.9,44.12,296.4,109.12,424.64,469.6,515.51,15.98,18.04
04-01237,206.22,177.26,469.58,59.85,75.39,446.12,418.01,414.74,404.81,26.31,30.85
04-01238,124.58,460.78,221.19,33.54,477.6,145.8,224.73,202.72,204.48,43.65,36.68
04-01239,329.08,375.97,230.42,358.42,466.66,321.75,372.67,389.46,421.13,52.57,58.18
04-01240,359.07,142.12,168.49,344.6,201.1,208.16,365.14,389.05,375.92,16.18,16.54
04-01241,331.35,369.7,339.75,339.31,313.15,359.23,334.11,321.97,323.21,74.14,72.8
04-01242,241.47,487.24,354.06,283.39,546.98,432.34,263.73,297.89,318.77,55.64,59.62
04-01243,499.75,119.39,344.67,537.03,123.14,461.92,354.4,384.06,377.64,45.54,39.81
04-01244,253.53,214.13,305.25,252.9,215.17,314.68,334.85,294.78,291.63,33.79,28.49
04-01245,244.8,345.64,294.97,192.29,382.02,343.78,222.07,238.38,229.57,56.81,51.75
04-01246,310.32,377.1,110.58,360.06,396.79,117.71,379.46,370.12,360.58,43.09,43.44
04-01247,239.01,220.02,439.67,230.04,224.78,597.74,158.65,132.57,135.07,55.16,62.1
04-01248,443.47,273.17,326.7,564.19,244.33,420.12,281.18,284.07,266.78,13.29,11.36
04-01249,133.79,131.02,349.8,179.89,98.31,320.12,417.33,460.78,439.26,66.62,58.11
04-01250,225.19,257.48,275.84,312.59,320.17,380.86,302.62,281.27,274.68,61.48,67.68
04-01251,222.25,416.19,310.66,240.54,316.75,270.98,391.77,313.83,319.34,73.46,78.8
04-01252,122.98,211.14,288.59,176.07,162.82,368.33,307.56,264.19,246.35,60.53,72.19
04-01253,297.96,465.08,359.26,217.9,491.06,347.83,375.44,367.75,336.92,68.09,59.83
04-01254,223.65,355.71,370.22,185.35,421.47,418.04,258.15,272.3,250.56,71.96,58.31
04-01255,113.18,228.75,263.59,190.04,145.98,274.01,319.99,273.99,293.63,20.22,17.9
04-01256,162.08,162.05,175.78,92.97,233.27,210.48,287.37,279.99,273.17,66.09,72.75
04-01257,262.39,307.23,205.19,311.47,284.68,236.68,137.92,154.29,154.86,18.42,21.58
04-01258,438.21,359.02,250.64,482.21,396.18,149.34,435.49,480.02,506.71,60.36,69.8
04-01259,475.07,105.27,385.98,427.57,282.15,347.35,435.96,480.15,527.15,28.21,27.93
04-01260,440.72,196.05,366.18,452.43,105.66,467.17,114.8,136.07,149.04,61.46,63.97
04-01261,193.39,107.94,317.03,280.01,94.77,257.04,368.65,321.03,337.94,34.92,30.99
04-01262,394.62,242.53,311.83,489.5,236.88,386.43,356.15,293.21,305.3,43.38,51.43
04-01263,348.15,394.74,265.2,295.5,468.09,245.69,147.83,121.51,121.93,12.59,10.49
04-01264,184.77,228.51,370.63,200.78,170.31,488.9,102.95,92.98,89.29,17.91,14.4
04-01265,128.83,153.36,328.44,191.44,279.2,361.44,147.47,134.69,135.55,10.45,9.11
04-01266,394.12,393.99,374.07,402.89,321.65,342.42,361.97,297.97,319.76,77.0,85.79
04-01267,393.15,336.67,430.81,333.03,327.1,387.71,148.31,154.67,168.25,43.44,35.77
04-01268,100.53,319.12,159.28,238.38,359.1,122.29,117.08,129.79,139.32,33.46,32.28
04-01269,487.2,279.32,438.2,418.74,355.84,410.02,260.78,253.28,237.63,76.26,69.6
04-01270,468.84,86.39,325.3,427.33,65.12,345.73,415.72,412.09,450.55,35.33,39.06
04-01271,238.23,233.77,159.17,303.23,261.31,297.44,382.08,418.84,451.72,26.59,23.64
04-01272,304.72,436.41,100.1,355.62,507.75,74.77,318.36,354.22,344.02,49.74,57.73
04-01273,214.5,448.04,169.48,324.43,433.29,204.43,362.29,370.42,393.63,14.79,17.53
04-01274,468.57,330.04,60.95,393.41,229.52,218.95,278.9,325.48,308.61,74.1,71.54
04-01275,110.21,203.29,218.15,104.2,164.73,256.01,200.35,228.93,235.91,49.94,42.04
04-01276,268.56,188.6,232.83,251.4,179.52,173.25,349.08,310.02,335.92,59.34,60.35
04-01277,231.65,381.8,396.11,281.14,399.58,408.38,318.96,261.4,239.15,63.61,55.98
04-01278,302.6,193.44,203.59,198.02,149.31,221.22,107.99,113.12,103.41,64.21,65.61
04-01279,296.05,181.23,419.66,257.04,165.92,413.29,263.67,217.2,229.69,61.73,62.9
04-01280,498.01,155.23,330.14,424.35,210.39,406.7,146.33,128.23,115.73,36.6,31.0
04-01281,245.73,199.37,461.27,227.35,45.37,605.2,426.52,363.78,366.54,46.48,38.19
04-01282,378.64,293.65,213.73,334.82,288.88,291.27,337.98,280.38,265.46,65.49,64.44
04-01283,147.39,432.11,216.34,184.64,403.64,235.1,355.0,307.74,299.3,10.59,9.42
04-01284,97.22,257.57,360.35,94.48,273.77,388.39,194.02,210.99,200.06,24.82,22.12
04-01285,198.6,410.48,486.86,201.94,420.5,499.84,215.81,237.43,215.43,16.07,13.46
04-01286,187.03,473.39,264.05,161.83,501.74,255.33,449.17,480.91,482.71,17.18,16.84
04-01287,322.3,113.14,144.05,245.11,149.31,174.83,287.08,321.01,338.9,69.41,73.0
04-01288,236.83,128.44,78.94,319.05,87.23,112.78,162.41,165.4,149.31,11.49,10.15
04-01289,450.56,245.11,97.74,502.46,237.19,86.79,310.86,271.71,291.92,64.66,74.87
04-01290,121.47,78.57,421.15,85.8,191.45,291.29,337.3,307.78,299.24,34.26,27.47
04-01291,323.44,461.32,286.51,308.82,532.09,172.47,319.87,311.81,323.54,75.61,72.59
04-01292,268.06,241.14,371.46,267.59,221.22,408.14,218.22,241.57,226.52,24.57,21.4
04-01293,168.84,99.03,208.75,244.7,89.31,173.66,99.08,88.0,86.22,11.85,10.29
04-01294,209.2,400.95,248.76,177.81,448.8,204.55,131.28,120.39,130.95,58.43,63.99
04-01295,392.99,286.73,469.35,332.47,194.51,482.48,177.76,182.35,176.79,42.45,50.81
04-01296,254.37,484.96,432.48,197.78,482.8,481.26,197.73,220.16,201.9,32.4,35.07
04-01297,316.96,435.09,464.45,392.83,426.92,565.95,328.29,373.55,359.57,26.75,27.35
04-01298,89.16,471.14,259.81,7.51,479.92,271.27,238.42,220.47,209.64,34.04,32.66
04-01299,163.53,180.0,133.0,258.98,134.65,81.69,167.56,151.72,142.04,18.88,22.09
04-01300,220.72,99.39,340.34,180.88,206.13,362.74,211.56,246.57,250.69,35.23,38.78
04-01301,156.54,384.76,280.47,164.54,276.08,233.56,138.32,132.48,129.51,53.24,45.31
04-01302,376.94,335.0,183.01,398.28,346.13,131.21,372.72,305.62,293.34,13.78,14.71
04-01303,465.3,452.97,397.57,459.09,535.26,413.3,436.15,493.58,490.62,26.98,32.0
04-01304,315.69,130.72,303.19,287.35,132.61,169.79,437.12,404.51,388.7,62.03,71.08
04-01305,126.57,467.22,155.1,143.52,545.94,136.98,299.41,279.01,257.84,24.17,26.62
04-01306,456.34,370.84,177.29,527.52,439.78,179.66,359.54,428.8,413.47,29.63,24.89
04-01307,491.56,389.89,69.53,462.25,497.53,90.23,385.93,320.61,296.03,30.34,30.27
04-01308,338.54,247.51,481.1,351.59,248.58,372.0,380.64,435.94,413.6,23.01,21.62
04-01309,369.98,289.39,323.94,381.49,189.38,373.72,150.04,130.11,129.0,49.91,54.29
04-01310,319.49,422.47,381.52,357.14,467.98,422.79,254.58,298.23,300.91,24.87,21.26
04-01311,372.55,163.29,178.95,345.16,57.54,225.2,373.97,344.37,337.49,20.15,16.16
04-01312,492.85,288.07,159.09,436.27,287.7,175.24,319.97,330.3,359.05,51.23,60.76
04-01313,374.69,253.33,220.78,491.61,277.11,188.45,373.65,349.4,362.37,10.81,10.22
04-01314,69.09,212.58,225.28,58.94,160.41,142.87,411.87,414.95,427.53,10.56,12.11
04-01315,128.02,177.68,239.15,194.71,183.06,234.02,235.06,265.43,274.9,59.54,52.02
04-01316,64.01,245.62,411.74,49.55,222.64,404.9,289.28,341.37,326.22,16.68,18.81
04-01317,200.15,308.62,231.69,226.57,236.63,329.04,306.8,334.87,324.32,16.02,17.32
04-01318,418.13,364.56,497.19,386.58,435.94,570.47,98.73,98.86,96.98,60.92,72.82
04-01319,185.42,348.88,227.47,226.67,371.86,297.04,354.45,350.98,377.11,25.58,23.13
04-01320,117.28,456.37,403.21,201.25,425.17,360.6,207.36,182.64,180.05,50.23,53.46
04-01321,357.94,67.72,315.3,323.08,12.11,279.14,355.65,326.81,318.42,12.79,13.94
04-01322,458.76,365.71,272.36,503.56,362.3,308.46,377.08,365.93,359.41,62.79,60.56
04-01323,482.85,185.79,335.54,527.79,390.58,316.49,113.89,100.17,95.93,17.04,19.44
04-01324,427.18,82.42,312.88,404.5,196.52,311.16,435.76,463.69,441.98,26.38,30.22
04-01325,135.76,251.2,364.87,88.13,245.66,468.67,90.6,106.11,99.23,46.15,46.14
04-01326,99.12,176.65,424.22,111.67,177.67,536.35,359.06,337.0,335.09,77.11,68.15
04-01327,210.38,241.78,184.61,205.46,192.33,165.95,244.38,286.42,311.23,54.49,62.88
04-01328,457.41,389.07,386.95,425.8,398.02,440.32,147.34,120.37,127.06,18.84,19.74
04-01329,239.91,477.31,134.36,205.46,447.69,230.16,370.19,327.3,354.28,36.01,29.95
04-01330,111.06,337.46,464.29,151.73,256.27,452.67,413.59,452.93,487.31,61.75,63.7
04-01331,152.91,413.1,397.39,56.95,437.55,434.35,148.47,129.6,128.46,41.67,47.6
04-01332,112.92,351.14,269.0,218.56,307.38,207.95,150.94,174.05,168.05,10.03,8.31
04-01333,156.86,333.18,495.69,77.81,387.17,600.54,121.45,123.76,119.14,45.42,39.46
04-01334,127.6,461.24,434.49,40.57,501.1,523.62,391.44,468.15,473.79,73.32,65.03
04-01335,67.41,434.5,415.75,81.99,332.03,354.49,177.25,156.03,165.15,37.88,42.17
04-01336,402.62,153.26,97.99,472.91,132.01,67.1,158.91,127.15,133.46,39.19,42.3
04-01337,139.72,117.02,254.62,207.82,118.46,333.56,416.52,422.71,436.99,39.84,47.36
04-01338,373.07,424.91,82.53,352.24,338.92,20.76,421.7,433.62,416.12,42.45,49.58
04-01339,327.64,434.53,149.43,193.45,340.36,181.94,352.46,367.56,332.68,76.64,84.01
04-01340,136.38,79.51,267.82,122.18,122.47,284.58,432.34,495.96,460.07,10.09,10.94
04-01341,467.46,304.73,418.16,473.74,332.3,486.22,328.62,380.61,388.82,10.53,9.89
04-01342,178.03,133.96,238.06,97.45,74.27,278.48,133.54,135.49,133.71,29.28,28.45
04-01343,136.9,359.04,118.65,48.74,295.42,108.74,410.47,442.4,459.43,70.29,71.85
04-01344,105.06,409.62,407.85,112.23,357.17,466.74,125.93,105.28,99.08,39.8,37.02
04-01345,262.92,498.56,132.04,192.6,393.7,112.98,265.63,246.98,261.63,54.61,61.72
04-01346,240.37,262.46,175.18,248.21,149.99,261.7,301.42,294.04,289.23,35.55,30.95
04-01347,318.03,122.32,244.18,329.93,189.81,180.14,157.93,128.21,118.55,68.52,59.36
04-01348,457.34,369.28,102.45,468.54,362.28,117.52,306.57,270.02,289.21,20.36,20.21
04-01349,81.76,226.76,62.63,0.0,177.03,94.59,425.3,347.45,335.67,42.48,43.79
04-01350,467.62,207.59,282.76,432.31,200.11,273.36,152.95,176.94,177.36,48.77,57.45
04-01351,125.82,66.65,187.37,195.13,81.24,171.18,371.37,397.68,418.97,34.31,40.34
04-01352,121.94,307.55,282.49,137.51,265.25,340.67,86.97,76.99,82.85,41.65,38.03
04-01353,235.14,254.12,179.54,140.98,387.3,171.47,449.27,399.01,374.65,17.09,20.37
04-01354,446.05,430.54,192.83,508.3,425.85,247.77,237.18,216.58,225.73,39.05,43.43
04-01355,62.41,283.09,273.07,0.0,205.05,237.48,438.85,424.96,431.91,28.82,29.17
04-01356,91.64,235.84,76.16,98.47,293.49,103.97,396.63,398.99,383.69,61.55,65.74
04-01357,200.94,361.59,362.93,180.19,362.3,377.51,289.75,239.54,229.5,13.69,14.4
04-01358,69.65,476.71,202.49,121.25,488.25,256.02,103.82,113.27,108.01,57.96,51.2
04-01359,251.05,324.33,397.67,268.2,299.4,275.64,159.96,157.11,154.61,36.04,31.5
04-01360,254.63,441.05,345.63,204.57,481.35,406.08,154.72,171.02,159.16,24.19,24.44
04-01361,127.25,340.26,137.89,165.66,348.8,96.3,265.86,224.59,224.72,20.72,21.95
04-01362,140.65,412.4,419.59,135.3,454.48,460.03,224.66,233.13,244.48,60.24,48.71
04-01363,187.45,153.74,107.31,133.93,191.72,49.68,363.76,330.73,307.64,34.53,29.98
04-01364,186.26,338.24,315.57,163.83,411.55,213.64,241.37,237.44,233.46,48.15,40.8
04-01365,348.89,290.67,147.73,444.06,261.79,206.75,263.39,227.36,238.82,30.15,26.91
04-01366,452.69,373.97,139.59,424.18,355.71,59.49,446.42,363.66,329.97,51.9,44.77
04-01367,106.92,411.49,303.56,40.02,369.38,218.19,407.57,433.07,390.04,18.84,17.58
04-01368,165.51,77.03,487.98,133.83,42.96,536.88,182.99,194.38,203.23,49.11,43.77
04-01369,350.87,85.51,497.86,389.39,0.0,524.93,345.17,290.14,290.55,12.91,10.57
04-01370,398.59,490.88,451.24,472.83,424.26,366.58,81.75,93.97,100.27,29.84,23.92
04-01371,123.18,81.79,385.94,23.18,114.63,378.54,265.58,294.34,286.08,54.16,58.71
04-01372,343.49,423.0,411.02,194.54,347.7,359.81,141.72,137.08,133.1,64.03,52.4
04-01373,185.7,332.63,410.5,35.18,277.21,456.61,305.82,366.52,332.06,17.69,15.35
04-01374,90.7,233.09,149.66,104.2,177.48,164.0,354.0,323.51,313.74,74.05,85.95
04-01375,323.79,307.54,284.33,309.65,242.51,246.73,419.47,362.9,370.73,22.98,24.78
04-01376,448.14,298.55,496.5,474.54,301.96,559.64,384.17,319.49,296.53,41.81,41.75
04-01377,84.72,61.53,278.94,136.91,9.82,201.93,208.88,214.77,210.12,70.85,67.91
04-01378,381.6,257.19,91.79,391.47,247.56,140.99,299.0,245.21,226.1,53.47,51.53
04-01379,92.79,365.77,262.84,81.74,413.36,345.56,230.78,243.97,255.19,14.52,15.73
04-01380,409.25,449.24,402.23,401.04,433.3,438.48,308.31,251.97,251.98,12.19,12.94
04-01381,317.11,102.26,211.03,319.69,52.26,227.61,284.96,280.5,297.62,55.7,47.19
04-01382,490.12,262.6,131.09,563.58,330.65,77.44,344.95,383.18,380.71,75.3,81.22
04-01383,462.23,306.36,165.48,325.45,239.68,173.34,100.35,80.43,80.97,53.42,58.59
04-01384,293.34,125.49,206.31,283.2,165.31,137.33,407.07,334.39,341.16,48.6,45.52
04-01385,499.9,493.69,234.78,445.29,569.24,267.16,406.39,448.98,423.79,25.49,27.03
04-01386,116.16,100.35,172.02,130.75,48.44,213.92,86.38,77.42,71.24,65.7,60.52
04-01387,215.13,240.47,138.32,148.64,288.74,115.22,259.44,266.31,281.28,33.23,37.68
04-01388,103.63,496.04,110.62,7.77,364.66,52.18,103.09,85.89,86.64,14.8,12.74
04-01389,334.9,321.91,126.32,344.11,392.0,201.11,103.94,86.03,89.37,14.56,15.48
04-01390,414.61,124.04,463.83,331.77,106.75,518.3,331.45,368.17,371.04,49.2,54.39
04-01391,381.59,480.15,379.6,396.62,432.71,492.35,274.57,324.83,342.52,52.29,44.8
04-01392,492.23,185.57,465.29,580.6,166.61,421.61,210.55,188.85,202.76,20.94,21.66
04-01393,204.61,207.5,354.98,88.23,229.25,294.18,425.99,400.45,370.17,68.61,82.25
04-01394,222.54,72.87,446.92,240.88,179.89,377.12,113.86,109.37,100.83,69.74,66.12
04-01395,217.66,173.68,264.45,201.88,109.18,206.17,153.06,131.56,124.06,77.22,69.74
04-01396,297.55,167.36,406.03,275.98,145.96,321.96,365.22,304.33,292.46,49.14,49.55
04-01397,275.53,481.21,67.39,247.33,343.41,56.68,142.47,148.21,157.73,30.12,28.85
04-01398,147.49,104.06,61.59,130.88,85.05,32.24,420.27,441.29,478.02,53.01,62.6
04-01399,301.64,408.08,195.64,343.16,353.61,162.67,126.31,130.75,123.7,67.7,77.74
04-01400,213.82,497.75,68.02,241.18,493.56,157.68,196.91,166.9,179.15,40.48,41.79
04-01401,449.26,224.7,264.56,478.93,223.18,247.63,142.44,163.08,155.47,63.8,52.14
04-01402,81.72,476.08,386.86,2.97,545.72,355.43,259.76,253.61,228.63,73.63,59.16
04-01403,310.37,279.11,168.08,275.64,255.41,239.5,442.79,483.49,439.14,38.43,45.95
04-01404,392.84,272.21,369.16,492.87,299.73,401.19,292.37,244.62,258.78,12.62,15.14
04-01405,318.88,360.9,308.01,342.56,435.55,365.46,336.41,353.76,387.62,23.59,25.77
04-01406,149.23,113.15,110.13,149.26,55.41,144.69,269.94,235.0,241.83,44.58,52.87
04-01407,242.18,131.69,175.7,265.89,112.74,61.42,233.81,274.21,265.95,23.18,18.62
04-01408,303.67,273.17,138.61,241.82,278.54,131.38,298.09,293.44,293.34,49.48,41.79
04-01409,435.8,188.69,464.5,438.01,192.75,397.72,162.52,154.96,147.16,36.92,43.01
04-01410,356.23,113.98,353.8,340.32,112.85,356.17,154.55,141.39,143.48,45.58,46.46
04-01411,278.73,213.35,357.72,433.43,318.31,343.86,364.21,333.48,349.92,34.63,36.82
04-01412,388.42,176.0,280.19,448.98,192.51,144.42,398.85,328.6,351.5,11.52,10.52
04-01413,383.97,374.84,93.95,247.14,339.85,146.42,398.81,367.21,379.32,37.46,41.69
04-01414,385.73,120.48,165.73,322.48,261.29,283.58,305.93,252.98,267.43,65.34,60.98
04-01415,109.24,167.78,221.9,103.45,161.32,187.02,370.28,424.03,422.64,37.78,33.2
04-01416,186.32,187.29,169.96,178.41,216.96,280.83,84.6,70.78,69.29,68.95,62.18
04-01417,355.81,490.78,423.03,432.94,498.27,386.23,425.64,424.65,461.77,57.71,58.24
04-01418,168.58,494.24,421.29,95.39,490.7,470.4,101.24,99.23,90.61,64.79,62.49
04-01419,333.01,199.62,118.12,256.6,263.56,45.36,341.89,381.75,399.97,32.59,27.84
04-01420,409.22,153.31,286.63,390.26,150.5,289.32,350.06,383.42,361.68,20.28,22.05
04-01421,292.2,125.03,144.3,332.73,58.22,132.52,321.22,334.69,326.09,56.93,64.0
04-01422,440.24,393.84,123.2,497.44,413.84,160.81,252.67,228.99,230.68,15.82,17.4
04-01423,67.88,325.44,276.91,137.81,291.21,298.1,237.6,214.14,204.52,34.12,28.2
04-01424,292.77,94.36,281.0,340.07,150.31,248.57,101.96,88.3,82.58,15.18,15.56
04-01425,272.38,424.95,173.58,144.53,397.69,182.07,398.34,477.29,445.65,17.0,20.06
04-01426,425.61,427.6,266.46,435.49,562.87,201.21,152.81,124.37,117.66,66.71,55.65
04-01427,415.74,136.84,417.31,405.03,206.34,348.38,127.93,125.67,123.5,58.55,62.79
04-01428,329.07,449.04,493.38,292.59,454.4,549.02,173.31,206.24,204.42,21.27,19.25
04-01429,169.9,170.68,413.34,156.36,140.86,519.2,94.09,104.73,104.76,46.01,54.18
04-01430,407.41,145.64,250.88,443.61,84.51,265.52,157.97,163.47,175.32,42.04,34.5
04-01431,386.28,328.7,493.69,377.91,353.86,564.8,137.46,130.67,118.02,44.55,49.64
04-01432,301.95,436.71,347.88,263.82,447.03,403.43,203.89,167.07,172.87,47.84,46.85
04-01433,284.55,129.03,116.86,212.81,97.62,48.74,342.63,398.16,423.32,52.43,59.98
04-01434,78.08,235.44,197.35,102.3,210.47,183.94,223.8,261.33,254.37,11.69,9.39
04-01435,385.76,487.72,374.64,414.04,486.49,282.91,343.8,387.73,382.65,17.82,18.65
04-01436,238.7,158.91,111.58,236.11,137.62,5.32,121.36,109.28,98.56,73.16,64.8
04-01437,318.91,326.3,71.9,288.86,294.95,39.21,273.87,240.06,251.28,18.79,20.28
04-01438,445.62,378.66,369.6,378.89,387.57,426.65,379.41,320.83,296.17,50.85,54.08
04-01439,130.14,488.85,327.47,114.76,368.9,402.08,302.97,298.11,326.83,22.98,18.64
04-01440,394.75,304.19,374.89,379.73,375.44,429.89,383.48,328.64,355.95,19.58,21.81
04-01441,106.12,250.66,140.11,0.0,189.46,58.7,159.01,182.56,176.42,54.83,51.73
04-01442,370.82,183.88,273.43,383.94,265.4,309.72,145.02,162.17,163.42,64.68,55.0
04-01443,338.31,287.97,244.55,293.26,231.32,104.88,359.26,427.94,456.3,59.73,62.69
04-01444,426.17,128.43,413.33,345.61,195.81,513.67,210.5,184.15,174.17,17.41,18.27
04-01445,181.27,278.02,433.99,335.69,229.4,372.05,352.95,314.24,294.29,49.13,56.49
04-01446,190.91,232.41,73.99,235.02,239.13,85.42,86.77,88.15,94.3,40.54,34.73
04-01447,373.67,279.61,115.8,389.66,189.79,57.52,261.94,254.8,233.68,18.64,21.95
04-01448,459.72,473.99,150.48,390.7,465.17,90.52,180.35,196.95,203.48,62.61,52.88
04-01449,220.08,305.76,109.14,266.23,270.99,126.1,139.23,130.76,136.3,35.62,30.41
04-01450,79.62,74.83,332.97,52.53,13.15,392.55,375.36,428.34,441.65,67.09,54.52
04-01451,403.22,260.87,118.16,232.57,203.24,55.86,346.42,375.47,353.79,26.01,24.5
04-01452,269.79,282.08,367.75,234.52,287.05,447.87,327.04,319.07,337.96,44.35,52.07
04-01453,483.32,210.05,117.43,474.31,146.41,173.58,232.38,269.99,247.65,44.86,39.14
04-01454,224.66,254.43,431.85,234.7,250.13,517.55,259.34,228.31,247.96,13.26,15.59
04-01455,410.07,105.94,347.45,409.19,44.67,445.76,419.29,398.47,429.37,49.0,53.16
04-01456,64.55,96.61,389.88,171.27,26.12,472.82,81.51,89.73,97.16,10.25,9.28
04-01457,172.67,122.32,173.52,201.04,175.6,164.33,199.08,203.64,203.44,63.68,64.65
04-01458,497.33,72.46,248.37,513.01,44.54,186.29,245.6,208.56,192.55,30.67,29.65
04-01459,362.17,410.15,308.49,350.5,373.54,161.03,120.56,135.5,124.06,58.1,49.19
04-01460,373.48,76.26,320.85,303.83,71.93,211.32,421.61,451.09,423.36,35.17,34.59
04-01461,98.6,490.42,429.79,84.06,546.27,512.6,249.58,209.58,207.65,32.76,37.65
04-01462,279.24,415.15,233.06,185.31,452.91,237.83,88.35,89.96,96.84,64.05,52.39
04-01463,292.19,78.04,188.8,286.96,54.02,159.67,223.39,253.64,261.86,21.93,22.57
04-01464,426.77,240.43,318.27,415.03,245.98,293.54,351.1,402.57,405.5,29.9,30.77
04-01465,276.17,411.06,250.79,200.59,392.3,343.59,235.6,233.81,218.53,59.78,52.21
04-01466,305.15,229.26,213.57,221.49,209.63,150.2,417.45,334.27,301.3,77.87,87.46
04-01467,265.4,214.22,275.75,361.64,269.6,343.61,401.49,385.83,356.26,56.58,59.84
04-01468,169.86,104.43,402.09,133.66,163.34,378.63,81.11,94.13,100.55,78.48,69.45
04-01469,96.22,410.67,245.96,152.75,404.14,162.35,257.26,227.88,221.15,64.23,67.77
04-01470,421.3,244.91,94.14,419.5,268.22,9.63,281.08,245.26,232.04,37.85,41.41
04-01471,341.0,448.75,270.56,448.42,483.79,242.18,168.35,163.58,177.44,61.65,61.38
04-01472,273.6,384.04,360.07,219.01,357.81,358.19,335.78,325.55,312.61,32.65,33.52
04-01473,217.12,190.59,404.7,190.22,197.64,510.89,263.62,313.85,336.16,25.06,28.51
04-01474,253.25,407.97,373.86,279.84,513.68,332.79,350.26,407.5,446.13,48.4,49.43
04-01475,426.92,244.19,417.05,376.22,310.0,347.66,413.65,472.9,426.64,26.08,26.59
04-01476,189.37,280.44,240.42,173.35,297.76,265.93,314.45,276.38,278.79,74.79,74.87
04-01477,132.53,290.77,394.86,142.49,278.01,312.79,166.35,199.4,210.85,18.34,20.34
04-01478,303.26,467.24,295.41,368.05,495.41,314.68,379.82,366.02,366.04,68.04,76.27
04-01479,212.06,192.08,251.04,188.35,202.14,276.04,346.1,344.37,347.01,54.7,62.73
04-01480,452.18,472.93,195.46,453.64,420.87,137.63,194.88,190.01,175.99,42.07,37.11
04-01481,209.63,326.63,498.26,314.16,243.74,561.01,185.46,158.25,157.35,59.37,48.66
04-01482,379.74,343.54,189.88,366.36,344.96,163.69,253.61,243.56,250.47,45.15,51.17
04-01483,273.1,243.99,273.36,304.67,199.95,346.03,124.83,140.12,152.88,52.06,53.94
04-01484,484.01,82.74,145.27,456.04,127.67,94.67,85.74,93.73,90.4,75.05,86.18
04-01485,251.67,124.24,294.58,277.0,57.72,186.98,422.29,431.07,433.02,21.1,17.49
04-01486,100.38,186.52,224.62,65.43,189.12,228.96,362.55,359.57,392.32,58.58,53.12
04-01487,481.14,118.06,445.42,505.33,109.81,468.45,226.43,216.6,237.29,32.95,35.36
04-01488,342.33,293.44,293.12,389.37,259.82,315.57,141.68,138.52,148.45,30.18,24.37
04-01489,80.47,439.82,288.43,104.11,371.91,269.08,393.73,469.69,468.57,77.25,86.11
04-01490,362.01,466.12,183.41,347.46,459.73,223.38,240.3,228.16,247.25,70.88,82.92
04-01491,444.56,169.01,253.0,375.37,50.66,294.7,195.12,228.05,220.29,72.9,82.95
04-01492,408.18,167.19,254.96,401.82,251.07,305.88,168.41,153.0,141.94,25.79,23.6
04-01493,446.32,177.98,104.21,413.27,260.13,85.83,80.69,65.8,67.96,57.44,54.25
04-01494,196.38,73.93,136.22,129.37,118.15,153.91,392.61,460.13,457.06,47.34,55.46
04-01495,211.25,64.03,284.47,262.16,148.09,220.71,96.63,90.36,87.79,27.25,24.67
04-01496,134.32,453.47,124.96,61.78,390.04,91.01,251.75,260.31,264.25,40.47,40.66
04-01497,163.11,360.23,103.85,295.36,399.95,146.51,193.7,167.02,166.2,25.34,25.07
04-01498,196.8,418.39,331.17,241.47,405.07,363.1,107.24,113.81,119.94,15.55,16.57
04-01499,390.08,194.11,102.52,418.56,208.1,115.18,169.22,141.39,154.7,49.3,57.92
04-01500,399.55,372.45,310.44,521.04,433.61,342.86,218.74,219.61,235.39,50.97,46.85
04-01501,359.85,125.97,361.02,332.42,81.07,360.52,263.22,294.25,274.73,56.16,57.96
04-01502,484.51,101.71,437.22,486.99,72.81,384.2,146.13,126.76,123.14,13.45,12.27
04-01503,465.51,355.5,444.25,380.24,462.69,457.91,270.66,249.53,260.66,70.38,67.82
04-01504,178.3,381.67,456.72,150.44,308.57,529.66,415.99,475.23,517.13,66.91,63.41
04-01505,396.5,288.24,438.8,234.11,273.73,399.06,166.25,195.27,204.08,77.38,65.46
04-01506,281.33,95.7,177.41,300.86,197.45,270.64,365.96,381.94,357.81,69.29,67.17
04-01507,326.63,254.74,355.68,293.16,224.07,406.89,327.17,268.16,269.16,27.6,31.78
04-01508,376.61,106.11,265.24,403.07,41.73,252.86,426.05,426.53,424.91,39.41,44.66
04-01509,313.36,356.36,185.64,262.65,400.61,198.92,323.4,284.75,295.16,61.47,64.17
04-01510,128.46,449.15,486.04,81.01,484.32,430.8,399.16,435.29,468.89,30.7,31.38
04-01511,452.13,137.6,220.74,455.71,194.77,284.54,367.5,436.87,400.29,71.9,74.18
04-01512,460.31,196.61,301.54,399.72,147.49,268.95,324.56,375.83,404.49,42.77,36.67
04-01513,374.01,311.38,307.73,272.38,329.0,389.71,361.88,311.49,336.94,78.55,93.81
04-01514,409.33,413.18,82.97,430.12,492.42,74.27,427.66,435.84,461.22,74.44,80.9
04-01515,326.38,182.51,131.52,310.75,280.53,175.9,210.13,247.02,233.09,58.49,55.18
04-01516,73.81,388.92,377.58,17.77,349.27,339.85,97.77,105.03,107.5,42.97,45.26
04-01517,453.64,130.02,248.68,450.05,36.97,202.06,173.37,182.06,179.29,16.72,17.02
04-01518,198.92,337.59,389.85,228.07,382.13,470.71,314.23,347.73,329.34,10.11,11.14
04-01519,233.1,144.42,449.08,231.36,110.56,488.89,294.74,257.04,238.93,72.41,61.56
04-01520,85.25,484.88,319.73,121.04,456.41,252.2,412.08,450.11,448.14,10.23,10.01
04-01521,182.52,484.57,255.78,374.82,511.63,239.6,339.75,333.25,306.25,44.79,42.25
04-01522,250.85,90.25,302.02,331.29,164.99,181.11,386.79,406.75,374.64,13.48,11.07
04-01523,98.7,183.47,358.96,170.24,231.13,401.96,226.45,221.4,221.47,40.69,37.13
04-01524,386.41,387.2,372.37,428.68,475.72,348.83,231.07,247.76,268.1,48.37,57.51
04-01525,68.8,352.59,104.61,110.33,284.22,56.99,421.25,500.82,528.34,54.84,58.14
04-01526,434.64,465.4,111.21,402.65,376.4,103.94,118.54,121.54,112.42,38.57,34.53
04-01527,197.71,424.1,161.92,130.75,304.73,113.16,427.19,486.22,503.2,55.11,45.86
04-01528,69.29,422.54,159.19,120.26,453.42,57.65,173.83,172.66,188.81,19.78,21.54
04-01529,478.83,218.82,376.2,625.96,358.73,541.65,163.99,174.93,182.28,68.78,62.6
04-01530,455.31,492.63,465.86,382.24,430.18,486.77,423.48,406.7,412.94,23.08,25.8
04-01531,187.74,111.24,73.58,271.05,47.5,130.85,231.7,242.51,240.59,46.98,54.31
04-01532,135.7,317.85,272.16,29.83,312.23,318.5,260.95,306.03,320.14,27.66,28.6
04-01533,299.13,294.02,350.82,350.96,389.18,471.55,159.6,159.74,159.21,53.4,54.77
04-01534,147.82,439.45,206.02,120.13,341.01,292.06,196.56,198.81,199.71,66.72,64.1
04-01535,147.24,309.44,149.44,14.51,302.55,173.84,123.05,139.72,140.29,56.05,53.6
04-01536,250.49,105.29,272.05,220.4,138.3,313.11,199.09,179.17,168.23,55.08,62.41
04-01537,369.97,464.83,379.19,373.33,510.76,369.1,337.74,314.5,324.5,35.61,40.9
04-01538,257.38,433.22,441.62,294.93,497.24,478.63,295.07,289.22,261.0,50.46,43.72
04-01539,184.71,377.69,401.97,148.51,283.02,423.17,405.22,384.27,410.06,68.01,71.18
04-01540,226.25,139.15,139.56,262.73,152.66,108.42,162.1,186.11,190.6,75.1,81.18
04-01541,321.67,119.65,286.25,298.67,125.45,302.85,89.82,78.95,84.38,12.25,14.45
04-01542,250.52,197.36,279.22,341.0,221.63,222.55,96.36,115.04,120.09,58.57,57.35
04-01543,460.33,419.68,350.6,411.52,387.48,391.06,197.02,159.46,166.41,65.35,77.93
04-01544,363.66,363.06,411.53,455.87,397.79,467.08,103.04,91.64,94.91,74.09,88.13
04-01545,493.63,240.71,243.36,455.78,209.67,264.31,191.42,216.86,231.6,52.81,50.11
04-01546,290.33,305.52,106.59,352.49,336.57,158.76,215.46,198.86,191.49,72.09,59.55
04-01547,193.58,207.59,493.7,226.08,244.98,496.91,158.23,154.31,143.06,45.87,45.11
04-01548,150.87,246.81,208.1,101.24,344.17,199.91,150.42,155.0,141.34,63.39,73.51
04-01549,117.53,467.9,399.25,59.52,501.9,530.62,87.29,101.66,103.55,58.7,65.77
04-01550,100.87,194.99,459.88,186.38,206.19,548.07,142.26,155.67,154.48,14.74,13.17
04-01551,469.09,427.85,453.33,469.75,415.68,477.37,141.59,131.67,125.83,28.51,27.95
04-01552,137.52,491.94,370.53,49.99,377.88,342.99,126.49,141.11,134.25,56.97,53.35
04-01553,390.84,233.84,136.38,440.7,333.0,212.55,160.52,147.31,153.74,68.02,61.12
04-01554,434.26,111.06,130.71,443.05,75.44,164.51,116.58,108.15,112.3,72.12,68.62
04-01555,399.39,129.83,317.08,391.09,31.7,291.62,382.04,381.89,398.42,68.06,59.17
04-01556,79.9,336.82,419.01,209.94,328.28,377.86,222.33,265.37,238.91,19.4,20.79
04-01557,392.44,423.74,159.91,370.66,515.01,170.22,331.2,344.64,321.44,78.02,88.42
04-01558,343.72,217.02,433.46,311.25,213.09,454.5,418.12,393.42,368.05,34.39,33.57
04-01559,383.76,95.27,230.21,398.39,189.78,162.76,216.4,205.55,223.33,14.09,15.59
04-01560,469.54,440.91,300.62,420.51,474.48,301.17,401.04,426.69,442.64,52.71,57.34
04-01561,349.62,313.25,387.45,420.06,297.63,331.95,299.29,332.8,319.5,40.85,40.66
04-01562,254.54,182.68,371.68,153.12,183.32,372.16,149.78,179.57,170.84,35.49,34.71
04-01563,350.22,355.2,427.26,358.36,408.08,449.77,394.29,386.95,418.37,53.21,62.16
04-01564,231.86,416.61,226.71,219.57,412.18,290.79,386.39,314.36,336.99,67.5,78.6
04-01565,256.34,129.76,77.64,370.73,88.9,21.2,138.17,143.1,142.95,77.71,81.51
04-01566,492.46,83.96,158.03,526.65,173.04,170.62,171.03,141.53,138.98,10.2,10.85
04-01567,469.07,217.31,272.76,485.43,197.09,283.48,439.21,500.74,508.07,79.27,82.63
04-01568,403.66,63.64,494.77,411.86,108.67,553.79,283.13,328.62,342.96,37.25,41.47
04-01569,62.3,63.35,400.02,91.5,46.51,300.5,144.01,161.91,160.28,56.07,53.01
04-01570,108.61,284.44,427.71,79.36,246.91,480.02,429.11,461.47,437.33,78.08,73.96
04-01571,440.21,321.4,242.5,386.96,371.94,295.96,128.56,133.22,123.47,78.25,70.36
04-01572,394.87,193.5,278.76,460.31,264.26,137.53,92.76,102.68,103.74,75.69,74.19
04-01573,161.09,196.12,466.04,86.96,146.66,420.52,282.63,251.18,244.68,29.81,29.99
04-01574,438.33,302.99,77.65,350.72,343.05,15.6,279.83,318.14,320.1,17.51,18.92
04-01575,416.48,286.46,145.0,347.72,278.21,105.16,386.64,344.69,310.79,60.11,52.52
04-01576,193.8,499.98,435.68,119.99,457.25,440.55,391.31,453.76,429.68,10.18,11.51
04-01577,429.78,456.21,370.81,396.84,491.2,389.31,174.41,163.21,175.69,60.69,55.97
04-01578,199.97,383.86,336.77,321.26,382.55,356.56,100.32,115.53,123.95,49.78,50.86
04-01579,177.9,437.83,402.83,233.3,481.86,252.88,137.89,115.1,119.53,67.46,69.49
04-01580,269.19,334.48,361.64,222.4,249.13,360.6,329.38,369.34,357.51,73.83,82.23
04-01581,260.91,61.7,488.58,150.83,116.66,488.31,196.06,224.14,236.5,48.56,42.48
04-01582,469.29,144.22,90.78,362.25,237.09,76.78,422.39,374.99,357.21,18.11,19.04
04-01583,337.33,126.1,477.69,300.21,129.55,473.21,433.02,445.42,485.36,70.97,80.72
04-01584,484.13,404.3,95.98,363.58,345.74,129.93,96.12,92.13,85.09,45.95,52.19
04-01585,198.52,285.37,174.31,253.48,199.88,313.5,296.57,241.97,237.72,13.53,16.03
04-01586,167.83,375.02,209.37,132.03,309.26,274.88,354.05,322.92,314.0,74.32,64.62
04-01587,177.96,413.24,256.21,223.49,446.62,211.34,173.75,165.86,150.35,20.42,19.18
04-01588,340.42,435.91,387.51,372.44,544.81,487.63,123.4,127.47,115.51,55.47,64.9
04-01589,310.45,452.33,449.89,210.5,361.53,452.13,271.04,303.88,323.63,71.66,76.85
04-01590,454.95,245.14,79.14,472.27,253.4,136.2,233.45,266.15,270.71,60.79,51.57
04-01591,323.07,265.17,203.79,383.38,327.98,167.61,248.05,256.35,252.94,23.66,27.99
04-01592,342.01,346.92,316.82,374.15,453.43,340.26,389.98,440.31,416.7,67.76,80.28
04-01593,128.68,389.16,387.8,127.37,376.38,365.73,371.78,301.47,301.28,77.15,90.95
04-01594,233.28,440.45,492.02,207.86,452.24,569.16,289.78,281.67,266.84,37.33,43.78
04-01595,344.23,246.94,237.4,441.91,276.43,239.51,194.87,181.72,166.3,49.93,48.27
04-01596,363.04,252.0,458.06,322.56,196.5,512.48,165.77,153.19,150.7,24.65,28.45
04-01597,79.0,354.8,489.78,103.66,512.21,539.1,235.37,270.74,273.79,68.86,59.21
04-01598,243.33,371.58,488.2,186.18,417.44,466.65,381.0,323.17,348.2,56.13,60.11
04-01599,386.2,229.06,259.53,339.29,240.41,259.12,205.69,217.24,218.7,76.76,72.67
04-01600,109.7,125.21,189.88,78.88,70.56,219.02,425.33,395.09,380.3,19.62,20.99
04-01601,375.71,162.17,359.55,311.56,65.75,421.98,194.89,205.8,206.14,10.97,9.63
04-01602,137.71,201.78,450.94,224.26,193.39,444.01,435.12,406.42,396.3,12.58,10.6
04-01603,174.67,163.76,306.77,130.77,72.29,280.04,119.15,129.73,127.3,27.75,25.61
04-01604,277.28,264.23,272.59,312.2,209.89,392.17,127.23,139.36,134.38,79.27,63.78
04-01605,126.12,478.04,299.24,274.84,495.51,371.6,142.65,130.72,117.83,31.71,37.75
04-01606,491.27,442.23,354.38,625.72,424.73,397.57,153.22,150.58,138.2,43.34,40.76
04-01607,370.13,274.21,81.27,297.23,225.52,153.56,380.55,375.59,374.7,74.18,70.35
04-01608,433.36,66.37,256.65,375.13,0.0,213.94,350.64,354.17,349.78,40.05,46.17
04-01609,261.02,78.13,365.15,221.88,79.92,354.26,222.26,256.26,259.4,19.3,21.97
04-01610,424.08,421.95,439.81,397.74,508.82,380.65,149.97,125.51,113.27,61.77,70.7
04-01611,183.64,80.38,292.28,155.61,47.89,289.11,365.37,337.63,333.61,70.31,68.58
04-01612,389.63,217.81,185.9,333.24,213.06,209.46,106.99,106.62,109.9,50.97,42.29
04-01613,290.4,324.66,108.38,249.93,345.21,151.47,212.06,219.16,198.36,75.75,79.99
04-01614,114.28,326.09,386.18,126.26,326.55,363.33,318.0,328.8,352.26,50.46,41.29
04-01615,393.81,191.69,347.54,455.51,65.64,343.47,446.89,385.7,353.52,68.77,70.15
04-01616,174.63,343.78,453.04,165.61,339.93,416.9,366.87,314.07,297.89,32.99,33.06
04-01617,75.97,120.25,282.25,86.07,137.06,234.66,251.78,210.08,212.31,52.69,57.6
04-01618,480.76,443.16,265.39,570.24,493.76,203.51,317.28,360.51,364.08,23.04,26.59
04-01619,131.31,484.47,361.42,259.37,415.79,409.88,360.61,391.23,420.05,53.45,47.27
04-01620,403.62,378.39,282.78,370.04,342.7,310.41,395.48,326.32,316.77,74.0,60.93
04-01621,164.33,172.99,322.0,167.4,109.25,230.08,275.54,319.81,309.31,20.98,17.79
04-01622,325.46,147.41,414.57,317.23,9.23,475.58,225.38,213.16,200.42,24.02,28.79
04-01623,463.92,440.55,267.04,501.46,353.06,288.93,332.4,341.58,369.1,74.95,85.46
04-01624,314.0,217.15,399.47,370.61,195.35,529.9,297.94,318.93,330.46,72.42,78.69
04-01625,337.71,467.77,360.37,240.3,461.75,327.59,186.18,205.65,218.07,44.4,41.4
04-01626,457.03,115.74,317.46,574.77,45.2,420.07,225.13,239.47,219.96,37.85,43.38
04-01627,299.95,458.61,319.91,306.72,422.54,203.87,190.98,184.55,198.1,36.06,34.58
04-01628,289.64,426.45,383.52,253.4,411.7,444.8,207.34,239.59,217.76,41.13,48.28
04-01629,437.11,112.39,194.73,585.2,54.14,154.11,427.56,365.76,347.88,34.06,34.15
04-01630,392.17,305.1,235.31,410.35,402.15,192.71,289.91,337.13,330.92,79.36,89.35
04-01631,273.32,287.28,485.28,226.66,216.47,487.31,277.49,266.32,260.02,64.38,54.58
04-01632,134.6,107.84,172.52,139.23,102.41,205.37,389.58,330.42,314.63,56.7,52.2
04-01633,183.03,60.4,382.29,173.23,8.37,401.66,380.63,443.23,434.54,73.42,71.48
04-01634,401.99,182.33,236.02,359.61,234.08,194.69,427.52,474.79,471.21,24.3,27.09
04-01635,322.07,241.03,419.44,346.39,261.41,389.54,119.15,137.66,138.31,68.46,72.06
04-01636,472.74,105.64,470.98,427.26,81.9,527.16,205.75,189.68,183.04,17.08,17.87
04-01637,368.85,286.7,325.17,360.71,259.5,314.1,181.71,158.23,173.74,57.37,61.91
04-01638,422.03,456.24,87.85,391.8,436.21,157.69,349.7,365.11,329.2,12.75,14.71
04-01639,177.35,265.42,434.89,278.16,251.99,407.92,137.09,122.37,120.53,67.48,75.26
04-01640,439.46,333.99,235.91,466.1,274.14,246.69,175.93,189.51,185.45,11.03,10.46
04-01641,79.98,264.85,337.76,136.58,288.08,323.05,118.1,115.16,105.2,55.04,52.78
04-01642,164.04,132.38,288.95,197.54,92.99,337.34,167.85,135.08,128.6,53.13,51.47
04-01643,490.34,181.19,295.94,504.86,147.46,358.9,374.88,410.16,434.36,78.53,70.11
04-01644,308.08,289.46,88.23,363.88,265.6,46.8,119.7,127.71,131.6,25.66,21.37
04-01645,438.34,423.78,111.46,494.27,394.76,165.05,444.76,465.59,491.81,22.47,25.48
04-01646,290.14,387.85,223.7,355.07,457.83,318.9,139.47,115.01,117.95,28.66,33.04
04-01647,127.1,228.51,345.31,67.74,264.43,341.26,383.5,326.6,297.1,50.28,43.88
04-01648,281.73,304.21,100.93,254.64,441.86,10.89,392.83,345.56,349.36,73.32,68.59
04-01649,217.17,221.49,150.47,299.17,266.37,148.14,118.68,120.72,128.86,69.75,81.83
04-01650,147.04,194.99,298.16,180.49,355.69,253.26,250.81,229.35,230.88,73.89,62.93
04-01651,168.83,196.64,235.45,200.81,121.16,297.76,133.01,107.88,109.85,30.19,33.77
04-01652,95.4,148.1,113.21,0.0,147.21,77.31,341.45,390.51,417.12,69.52,71.14
04-01653,453.54,325.26,103.31,454.55,417.58,125.64,190.34,225.31,207.66,10.12,9.16
04-01654,475.34,428.1,165.18,477.76,477.04,213.06,276.8,305.82,310.75,58.19,62.9
04-01655,132.18,335.73,152.95,129.04,326.4,230.64,220.5,216.57,225.43,63.88,72.16
04-01656,167.6,69.23,235.33,169.52,125.14,234.14,329.54,389.04,365.84,45.84,52.87
04-01657,326.46,479.77,200.3,363.99,580.76,59.76,358.91,392.56,417.89,62.85,56.39
04-01658,262.41,322.99,114.43,279.0,379.23,232.3,323.87,294.95,302.76,24.55,28.14
04-01659,395.28,328.91,69.53,442.08,365.11,66.37,139.87,157.85,158.18,15.82,15.22
04-01660,125.4,171.31,140.13,163.37,115.58,151.68,288.68,241.26,220.7,32.1,37.01
04-01661,431.65,337.38,220.89,443.45,375.81,248.94,348.31,340.26,355.31,63.42,71.18
04-01662,214.85,497.5,168.21,138.5,613.18,138.17,237.7,278.28,262.35,35.73,41.76
04-01663,353.03,443.91,337.96,311.25,485.68,295.96,187.57,225.04,223.54,76.81,71.6
04-01664,71.37,483.56,137.53,131.08,504.47,123.79,155.02,137.97,137.43,50.47,48.41
04-01665,297.2,462.33,131.35,333.61,455.76,88.25,443.93,355.57,356.68,15.16,14.05
04-01666,329.86,388.92,373.65,385.12,432.26,410.3,110.79,126.74,137.65,68.26,74.98
04-01667,435.2,356.42,496.22,477.3,419.38,446.83,124.27,110.67,105.43,77.18,80.64
04-01668,63.97,181.05,295.04,76.03,5.12,309.61,288.44,254.9,244.74,50.66,51.75
04-01669,158.29,389.62,489.79,114.17,377.21,467.38,110.27,111.55,102.56,15.04,13.36
04-01670,240.08,179.07,292.3,276.69,40.5,266.21,185.57,172.1,180.22,42.53,48.46
04-01671,248.73,205.2,486.57,292.76,246.84,541.42,173.14,143.47,149.14,14.06,15.72
04-01672,240.67,240.84,430.93,206.79,285.76,385.1,140.54,134.79,129.67,32.05,28.58
04-01673,226.58,79.36,94.84,237.98,99.17,76.08,401.63,366.19,364.14,78.76,71.22
04-01674,498.6,118.66,438.41,531.54,124.94,517.27,284.13,279.74,285.4,23.31,23.07
04-01675,162.12,77.65,338.56,156.42,164.67,345.71,187.32,194.34,213.26,71.93,68.73
04-01676,275.16,463.87,248.43,293.61,558.23,238.42,311.54,335.77,336.87,70.7,59.92
04-01677,203.52,101.98,432.25,158.99,196.06,390.12,144.6,126.53,124.27,78.7,74.97
04-01678,443.82,226.21,489.11,479.35,166.66,521.36,347.93,335.1,355.88,33.45,37.78
04-01679,323.71,300.59,450.26,310.53,342.71,450.38,294.51,336.55,313.2,35.71,29.2
04-01680,401.84,331.62,111.46,393.42,284.76,136.19,238.81,232.65,249.11,77.25,65.86
04-01681,428.6,221.39,125.53,367.28,228.87,115.29,147.33,118.06,122.01,70.03,72.72
04-01682,163.15,483.35,240.51,100.01,489.08,284.48,201.65,177.56,188.64,72.8,73.26
04-01683,242.94,345.35,377.88,264.91,322.93,452.21,126.89,111.32,101.12,13.54,12.58
04-01684,125.29,442.58,98.76,128.74,511.13,150.14,329.83,372.41,398.96,30.87,30.92
04-01685,233.89,243.1,414.1,320.52,302.31,501.24,299.51,348.43,319.2,34.91,33.34
04-01686,184.58,314.84,142.37,185.41,244.85,126.45,349.0,287.93,292.33,59.48,68.27
04-01687,300.69,230.7,110.65,278.02,307.28,99.05,358.82,405.65,411.13,30.67,31.69
04-01688,268.55,231.36,202.7,221.07,213.86,179.76,396.55,469.27,489.74,34.45,39.64
04-01689,78.12,363.18,211.65,78.3,374.98,193.89,172.26,189.21,191.8,21.9,17.8
04-01690,395.8,431.73,316.25,470.39,435.49,308.3,149.13,138.01,148.25,45.1,45.01
04-01691,394.59,361.16,258.56,392.65,346.72,184.09,378.51,343.42,332.29,38.73,44.96
04-01692,301.74,259.99,420.2,361.02,238.56,455.63,329.7,382.43,388.97,25.08,27.11
04-01693,464.54,234.04,468.2,460.32,175.42,366.16,347.95,339.92,312.47,58.59,53.57
04-01694,412.38,157.42,446.31,431.04,232.51,385.4,244.7,260.46,242.5,24.5,25.63
04-01695,234.6,222.17,216.79,207.27,204.68,141.57,367.37,358.02,361.25,51.55,48.67
04-01696,246.27,255.96,344.29,149.39,205.58,385.94,357.51,369.62,376.36,27.89,22.34
04-01697,227.34,138.95,247.44,273.62,232.55,329.54,344.34,372.49,364.69,10.3,8.32
04-01698,66.23,391.64,490.27,57.19,401.24,468.85,391.85,456.27,432.18,12.29,11.01
04-01699,77.91,95.91,298.68,76.6,153.86,350.03,310.35,269.85,295.68,71.93,68.81
04-01700,492.54,162.91,252.1,475.38,204.14,305.13,371.11,392.59,358.74,39.06,40.56
04-01701,140.18,162.58,423.75,84.75,96.29,380.98,435.75,420.96,408.31,14.93,15.4
04-01702,315.07,197.85,399.16,472.14,207.59,444.96,341.3,331.74,320.31,34.0,33.83
04-01703,325.61,252.65,68.72,246.1,205.14,4.18,132.55,125.92,135.02,68.65,68.98
04-01704,79.39,227.14,333.83,86.66,214.11,284.15,105.4,97.79,96.95,46.71,41.55
04-01705,373.95,103.68,439.99,348.61,58.55,372.65,105.98,114.36,111.32,68.03,65.58
04-01706,196.1,402.99,424.74,194.24,391.99,384.13,121.23,111.98,114.46,72.44,61.77
04-01707,202.77,471.96,139.98,141.0,517.7,173.48,325.96,262.23,263.19,51.45,51.07
04-01708,119.77,410.16,140.01,102.68,502.12,177.04,223.32,253.13,242.46,33.96,31.48
04-01709,95.73,235.84,432.83,66.34,237.81,310.08,337.82,392.02,364.06,46.55,48.48
04-01710,75.02,116.14,187.86,73.47,71.05,192.89,160.18,179.23,178.95,43.77,44.43
04-01711,474.97,445.99,209.29,523.48,492.08,269.01,447.13,403.7,441.0,29.83,26.33
04-01712,389.94,143.96,256.35,246.73,79.62,308.9,371.27,335.16,325.92,16.12,12.97
04-01713,440.3,218.63,173.46,469.94,102.53,137.91,352.27,395.8,434.09,77.01,73.43
04-01714,200.59,74.16,120.19,54.17,0.0,146.08,165.66,157.83,163.98,69.08,71.37
04-01715,187.24,197.85,164.41,133.04,342.45,130.79,244.46,240.28,222.57,17.78,17.89
04-01716,187.68,319.1,240.84,187.68,420.34,234.44,94.89,78.01,81.53,70.45,59.95
04-01717,467.24,192.69,350.97,408.42,276.64,349.1,182.11,191.2,198.56,36.86,37.22
04-01718,202.87,110.03,108.11,211.13,75.39,0.0,310.38,356.07,332.67,38.17,45.77
04-01719,168.52,300.21,294.83,123.73,297.97,337.21,432.59,417.99,428.8,48.63,57.39
04-01720,435.57,401.98,429.87,366.85,380.15,321.9,310.41,334.18,308.16,11.68,10.24
04-01721,301.49,200.68,228.64,244.03,176.32,303.43,241.81,216.53,235.21,30.28,31.3
04-01722,79.26,170.37,340.12,23.39,268.36,350.96,98.7,95.66,88.13,51.6,47.55
04-01723,229.01,405.02,333.74,363.31,387.22,290.76,231.68,257.57,256.82,15.3,14.71
04-01724,253.86,284.06,341.45,367.26,269.41,319.31,117.35,121.04,111.27,14.96,15.6
04-01725,314.66,499.16,115.92,297.41,507.69,175.9,93.98,100.9,105.8,58.88,51.47
04-01726,447.3,357.37,230.2,618.82,331.35,158.53,319.25,276.92,299.01,67.25,55.93
04-01727,372.41,366.41,72.7,269.76,382.29,75.09,399.09,376.77,375.86,15.53,12.43
04-01728,222.2,101.77,172.65,306.73,102.08,241.26,299.48,328.44,336.2,46.66,53.72
04-01729,183.78,481.77,367.13,204.92,498.2,278.62,107.38,106.33,106.72,44.71,35.89
04-01730,185.72,187.64,472.66,194.49,134.0,490.66,356.07,356.24,385.32,46.79,41.31
04-01731,234.45,253.04,239.47,340.89,220.21,281.78,332.07,381.67,384.11,52.35,60.99
04-01732,303.66,238.82,123.87,374.87,242.01,103.91,417.57,376.32,399.15,40.37,34.35
04-01733,159.74,420.97,105.77,147.57,486.05,99.56,418.58,347.24,353.24,49.38,42.89
04-01734,149.56,105.44,464.72,155.43,168.07,576.79,134.39,119.17,115.83,50.3,53.89
04-01735,135.92,338.72,468.34,212.91,294.55,538.36,281.06,320.86,289.77,64.83,61.62
04-01736,80.98,421.77,259.47,60.91,472.19,239.97,339.5,279.6,299.96,77.5,82.61
04-01737,263.4,417.87,142.49,337.76,507.0,191.4,242.19,283.69,287.97,29.63,28.35
04-01738,117.38,121.52,213.37,0.0,125.65,181.73,339.79,326.24,295.92,21.39,20.5
04-01739,491.23,164.92,287.58,444.18,192.2,264.11,297.63,242.93,261.44,56.43,55.65
04-01740,349.7,241.6,307.94,301.64,252.79,367.95,115.72,113.12,105.82,60.82,58.35
04-01741,443.37,406.72,176.27,398.8,398.67,181.39,140.3,138.65,131.92,34.72,29.73
04-01742,343.97,151.18,379.27,344.83,236.45,330.02,266.79,239.69,263.4,67.66,78.49
04-01743,248.86,244.23,203.43,353.23,301.27,244.0,175.65,183.44,197.5,73.16,74.64
04-01744,145.68,259.73,314.36,138.03,271.66,154.79,377.09,439.02,412.57,50.87,59.48
04-01745,486.82,380.71,470.65,376.54,325.65,444.51,363.23,429.17,466.23,70.33,80.27
04-01746,135.22,360.51,331.87,93.84,410.18,359.76,226.72,264.8,277.82,13.42,11.37
04-01747,366.5,189.38,397.24,301.28,109.6,382.55,175.2,179.87,166.68,39.45,44.86
04-01748,183.34,324.41,136.14,209.47,317.41,178.69,341.25,360.45,395.24,63.42,54.72
04-01749,312.98,430.4,449.94,359.42,448.9,453.65,326.54,340.91,317.7,13.63,11.06
04-01750,291.36,487.92,492.76,309.45,446.16,508.43,168.92,138.66,136.69,40.87,34.21
04-01751,113.86,395.61,121.87,144.47,444.42,96.05,223.35,259.84,261.61,77.28,85.06
04-01752,94.15,378.71,84.64,134.09,315.86,84.87,292.52,329.3,328.96,64.86,72.47
04-01753,494.64,193.12,72.99,489.02,192.69,0.0,177.58,207.74,218.92,66.22,65.0
04-01754,127.16,145.91,357.88,245.83,116.68,291.92,328.6,384.16,373.68,11.57,11.77
04-01755,194.13,399.08,370.94,216.37,455.84,442.13,148.67,159.02,152.09,79.16,63.52
04-01756,93.01,463.56,217.63,185.9,434.6,189.51,87.29,104.06,106.26,23.83,26.12
04-01757,268.03,129.3,215.38,162.09,246.45,188.21,147.84,148.27,153.48,40.65,45.6
04-01758,397.34,379.64,390.19,411.38,334.92,433.5,391.85,396.07,404.8,68.52,59.01
04-01759,370.25,209.27,446.1,417.1,240.11,392.25,441.22,404.88,375.4,67.37,68.69
04-01760,110.13,86.72,417.83,108.18,46.26,378.58,259.19,210.01,224.59,10.18,10.45
04-01761,497.19,475.84,148.11,369.34,564.84,6.85,434.53,433.31,417.88,68.55,75.88
04-01762,330.98,312.98,117.83,388.25,342.01,157.0,117.27,117.16,126.87,78.04,81.92
04-01763,117.39,228.05,399.17,131.31,212.45,473.36,308.48,369.3,396.88,54.63,45.74
04-01764,221.25,219.1,268.32,230.56,160.77,243.51,218.98,182.85,197.72,29.58,25.93
04-01765,81.11,196.47,225.09,57.42,217.65,289.47,179.15,183.14,192.26,77.46,78.13
04-01766,466.3,484.96,187.59,487.63,477.75,114.03,265.28,312.86,318.3,39.5,43.56
04-01767,335.28,467.37,333.35,322.76,423.42,292.44,92.81,99.14,104.17,76.24,70.2
04-01768,312.96,187.78,163.7,382.55,188.15,109.08,232.45,201.02,189.09,51.7,52.98
04-01769,98.35,433.68,253.53,129.73,326.04,193.61,368.11,429.02,396.33,63.55,58.33
04-01770,389.21,134.65,378.35,313.59,177.21,361.68,116.67,101.52,104.23,51.55,51.24
04-01771,219.03,169.2,146.85,255.64,170.99,98.85,406.55,457.45,435.88,40.7,35.01
04-01772,482.55,489.94,354.78,501.94,457.77,324.76,386.83,344.71,325.45,63.69,60.62
04-01773,187.91,66.68,115.35,217.3,167.74,92.72,304.32,353.83,339.91,53.6,43.91
04-01774,85.22,335.01,432.58,86.09,298.34,404.42,329.04,360.74,368.0,11.45,10.41
04-01775,86.6,76.63,267.11,38.75,118.17,295.87,252.69,244.35,260.47,60.53,68.12
04-01776,88.46,83.56,480.19,104.24,39.56,483.93,349.38,342.29,327.35,18.94,19.1
04-01777,373.46,93.35,380.66,303.51,2.74,435.93,276.53,230.57,222.35,26.64,30.31
04-01778,450.36,274.11,369.88,409.44,283.4,373.23,415.03,349.56,365.83,14.13,15.62
04-01779,196.49,410.27,402.29,268.2,331.87,452.06,164.88,156.17,171.74,12.75,10.25
04-01780,209.38,462.69,218.06,157.64,509.0,187.45,342.44,345.81,347.01,65.92,70.27
04-01781,451.54,324.03,407.67,434.2,305.33,365.51,306.02,361.85,353.93,49.3,48.72
04-01782,496.53,418.59,328.26,507.27,337.32,349.14,423.65,436.96,453.84,65.6,71.68
04-01783,355.09,69.77,193.39,394.28,0.0,219.5,101.21,84.6,87.12,74.75,78.09
04-01784,465.78,358.38,460.11,521.4,487.79,353.0,237.63,246.63,254.94,43.07,36.08
04-01785,129.91,363.14,489.57,181.35,304.93,530.5,443.74,414.67,425.92,44.67,52.83
04-01786,219.27,236.72,236.49,193.23,290.79,282.1,95.46,101.99,100.45,44.13,49.97
04-01787,484.44,263.54,64.97,434.85,248.11,126.89,313.57,319.58,341.45,28.72,26.97
04-01788,209.36,488.19,490.96,255.66,517.32,445.22,150.44,148.66,138.6,75.88,80.61
04-01789,191.21,149.99,205.44,145.22,179.82,152.79,146.46,153.79,161.81,12.77,13.39
04-01790,156.03,138.71,209.04,81.47,292.59,199.47,317.34,375.42,395.07,47.63,56.94
04-01791,472.71,320.39,180.87,521.97,403.61,261.24,370.54,308.12,282.67,51.29,52.18
04-01792,386.05,186.91,281.99,367.29,185.37,295.94,398.0,435.59,439.65,37.8,33.11
04-01793,467.17,84.13,180.1,427.63,31.89,277.81,287.56,297.8,291.8,35.52,37.42
04-01794,187.8,97.15,400.04,160.59,23.26,391.91,392.33,460.45,416.14,59.41,48.02
04-01795,229.72,464.73,436.56,183.74,427.52,452.87,82.83,89.19,97.47,68.4,71.09
04-01796,354.38,250.95,480.24,378.28,235.38,462.37,378.58,371.26,346.92,14.09,11.47
04-01797,414.22,158.07,106.7,431.09,123.47,102.71,198.86,170.11,162.06,19.68,20.98
04-01798,328.26,491.45,154.93,334.54,536.35,231.31,433.36,501.84,532.11,42.98,34.86
04-01799,80.78,265.77,207.31,47.14,219.05,237.15,98.43,94.09,96.3,15.63,17.2
04-01800,380.33,102.04,378.62,472.0,67.62,403.21,374.22,392.22,355.55,79.22,64.48
04-01801,465.96,471.87,162.03,457.62,534.72,173.47,192.27,217.85,207.66,23.35,20.3
04-01802,162.58,230.07,423.4,231.19,308.16,523.25,341.81,275.33,271.22,12.92,14.62
04-01803,124.07,329.66,308.23,133.66,290.16,361.04,208.12,243.07,234.51,64.99,53.79
04-01804,357.56,419.5,401.14,355.86,299.43,429.61,403.3,371.31,338.76,63.0,53.44
04-01805,230.96,147.76,158.22,254.82,99.37,196.46,388.19,423.5,435.78,57.56,53.07
04-01806,204.25,431.07,172.35,112.86,400.43,140.39,129.08,103.54,107.53,15.8,16.42
04-01807,323.08,71.84,396.82,230.93,122.77,360.76,412.43,341.24,321.49,25.15,21.08
04-01808,216.46,303.17,82.8,237.06,326.86,129.83,83.47,69.85,71.95,48.75,49.15
04-01809,213.57,322.36,403.4,297.03,265.48,504.8,307.49,295.45,310.96,53.2,47.33
04-01810,178.58,458.0,202.26,214.89,425.23,155.2,279.65,223.94,236.38,36.91,32.46
04-01811,287.35,213.67,473.17,255.11,101.98,440.05,445.79,452.02,469.51,35.92,37.53
04-01812,399.4,274.61,118.15,326.17,248.86,216.81,212.19,184.39,179.55,48.0,49.9
04-01813,410.46,232.96,395.14,488.78,221.69,431.32,295.11,305.32,298.59,67.24,65.42
04-01814,81.12,77.45,268.94,26.62,91.31,277.73,396.65,438.24,479.24,19.43,20.92
04-01815,162.29,283.62,457.63,82.13,217.05,433.48,366.65,438.94,428.04,55.12,54.93
04-01816,118.46,320.75,159.19,0.0,349.55,188.71,165.8,196.53,177.41,51.14,58.04
04-01817,306.26,66.37,217.54,363.79,130.67,184.93,362.52,420.1,422.88,62.38,69.51
04-01818,146.92,225.72,303.15,139.72,141.03,259.17,265.54,253.78,258.4,69.06,82.4
04-01819,146.49,75.6,175.11,34.75,81.09,162.18,182.63,203.64,222.44,33.05,39.34
04-01820,179.64,245.34,178.5,182.28,318.03,81.78,446.12,517.54,551.2,17.77,17.76
04-01821,478.09,244.76,491.06,480.68,201.63,430.03,430.84,374.83,375.67,54.71,57.4
04-01822,299.36,356.69,265.76,332.91,350.26,357.12,227.57,225.33,224.61,78.66,87.09
04-01823,482.69,479.76,472.04,458.97,495.12,453.21,428.88,417.56,411.56,73.6,59.82
04-01824,159.97,106.51,471.38,89.58,133.48,488.67,260.26,237.08,224.45,58.92,67.49
04-01825,117.02,210.46,231.95,147.52,257.27,236.14,230.09,198.38,199.27,34.24,28.17
04-01826,444.35,466.56,132.91,493.39,573.06,179.17,372.66,392.19,395.73,21.98,18.39
04-01827,464.49,283.72,84.64,457.83,267.01,56.43,84.84,80.06,83.24,69.94,74.83
04-01828,311.68,223.41,69.17,205.47,185.9,156.45,405.17,480.27,491.29,20.15,20.68
04-01829,488.35,371.01,243.98,455.3,262.32,184.93,347.09,390.01,382.62,76.31,81.72
04-01830,471.52,62.89,399.44,396.43,29.33,348.7,94.54,90.01,85.16,52.14,47.61
04-01831,288.3,105.26,234.07,322.53,0.0,246.68,385.78,447.14,433.23,45.13,42.94
04-01832,460.19,394.34,248.77,422.3,464.57,280.28,224.66,258.73,244.09,70.47,76.73
04-01833,449.85,355.6,147.19,436.8,292.78,173.52,422.88,346.41,378.21,63.62,52.66
04-01834,352.16,407.32,203.67,359.32,331.63,367.87,306.91,257.37,266.92,32.43,33.35
04-01835,432.64,440.82,440.23,459.84,340.79,431.49,306.71,252.84,238.06,75.68,74.78
04-01836,490.36,177.75,337.42,559.11,195.53,243.76,212.99,192.39,203.83,56.05,56.3
04-01837,204.35,260.45,385.02,244.47,331.58,373.49,338.95,307.92,283.61,26.49,28.93
04-01838,324.1,126.97,84.18,370.48,63.99,133.34,437.78,499.24,495.1,73.98,86.75
04-01839,450.39,160.83,369.77,535.56,160.34,323.94,208.32,210.3,196.0,49.8,50.72
04-01840,495.29,396.6,429.63,461.84,504.3,427.1,289.91,318.21,310.86,57.15,66.75
04-01841,476.41,453.59,327.13,384.53,517.73,416.74,179.57,188.8,205.16,69.08,75.66
04-01842,276.79,76.57,382.96,275.87,78.69,374.1,117.88,135.37,148.1,25.16,24.46
04-01843,349.84,414.21,285.27,362.68,440.58,198.03,283.06,324.51,354.34,11.47,9.28
04-01844,272.48,477.95,138.21,334.78,468.49,134.02,220.98,237.54,249.48,24.71,26.85
04-01845,336.78,404.4,70.64,317.38,378.04,148.4,128.03,151.53,162.78,18.5,18.59
04-01846,218.69,475.76,320.57,173.88,450.1,313.9,440.25,472.8,437.81,10.43,10.8
04-01847,470.97,386.72,371.37,503.77,276.46,399.38,329.54,280.29,295.92,18.59,17.67
04-01848,149.85,193.7,317.42,178.59,236.22,303.57,360.74,350.71,379.6,35.08,39.97
04-01849,211.79,117.67,65.32,251.49,202.26,61.27,230.44,276.3,258.55,43.83,48.09
04-01850,189.06,307.93,409.48,312.22,241.43,477.35,315.33,305.61,318.11,14.52,15.07
04-01851,283.45,283.0,75.82,387.54,329.99,43.49,85.66,90.52,81.82,70.07,82.62
04-01852,287.55,312.48,446.92,284.74,309.82,539.98,222.66,207.6,203.27,46.73,46.35
04-01853,353.92,244.81,67.82,409.96,292.78,2.44,443.68,423.98,434.15,17.04,20.02
04-01854,436.67,164.2,118.19,476.39,226.18,125.73,113.99,135.39,126.79,56.42,59.86
04-01855,256.39,105.27,373.99,233.69,107.66,386.42,380.23,330.14,314.48,30.95,36.87
04-01856,469.71,219.02,428.5,496.46,113.35,480.37,84.62,75.34,80.76,60.29,68.47
04-01857,331.97,121.97,152.83,355.15,92.11,187.48,446.28,406.27,392.36,24.39,29.11
04-01858,379.89,217.59,163.84,295.71,216.16,156.03,180.35,187.58,198.48,22.79,21.5
04-01859,280.74,216.7,178.7,330.84,217.82,193.04,142.2,135.78,133.85,79.28,64.59
04-01860,417.47,430.51,212.15,301.27,426.64,304.16,373.4,381.78,419.14,72.7,70.2
04-01861,391.57,163.9,336.08,373.62,159.8,336.35,259.53,288.4,280.21,60.75,57.55
04-01862,114.45,459.97,494.47,146.76,427.71,462.6,276.9,312.96,301.66,38.14,44.74
04-01863,146.98,146.78,83.23,163.82,245.08,66.73,236.99,277.79,253.96,15.85,17.32
04-01864,425.2,465.59,239.36,552.27,429.22,214.18,358.94,342.15,309.14,68.25,64.65
04-01865,340.52,247.51,240.48,288.04,209.56,267.13,216.44,236.36,249.77,70.84,64.03
04-01866,296.78,447.48,297.22,241.03,402.98,293.99,412.77,474.32,479.01,11.76,11.89
04-01867,208.29,449.1,406.43,286.68,488.61,460.19,251.61,266.32,251.4,10.1,9.08
04-01868,473.42,226.24,247.3,557.58,201.2,304.01,296.88,285.35,292.28,34.77,37.73
04-01869,343.46,297.89,170.0,287.69,269.58,55.62,233.73,195.03,191.38,19.15,18.37
04-01870,351.39,139.76,65.78,328.57,83.78,190.68,194.3,224.2,211.54,22.07,22.59
04-01871,111.18,65.32,149.43,0.0,44.38,119.87,359.54,302.26,289.69,34.68,39.54
04-01872,116.86,467.54,106.77,97.87,388.4,44.89,448.13,450.07,443.08,56.65,51.98
04-01873,329.78,81.88,175.48,311.33,0.0,159.04,403.71,431.62,415.94,50.83,45.69
04-01874,89.67,266.08,99.89,150.54,172.26,69.83,90.43,75.47,70.73,55.84,58.34
04-01875,359.42,117.33,268.82,397.33,129.15,300.89,289.2,317.33,305.96,26.62,23.95
04-01876,208.25,218.59,335.12,134.43,332.52,364.73,260.56,245.85,236.18,75.35,63.29
04-01877,229.36,349.25,238.7,191.85,348.76,281.62,312.86,297.4,294.98,72.23,70.58
04-01878,226.65,146.1,450.75,174.14,203.83,543.59,248.95,232.78,219.12,60.11,59.51
04-01879,146.7,345.04,205.49,157.39,368.54,55.1,445.34,488.63,466.68,58.37,52.54
04-01880,77.71,438.71,181.03,86.06,441.55,294.44,289.06,323.53,306.99,77.4,87.96
04-01881,190.6,143.14,249.53,184.64,262.14,380.72,385.45,318.76,341.12,55.42,49.31
04-01882,436.3,329.58,336.67,453.25,370.95,250.16,174.23,143.49,135.93,63.79,62.13
04-01883,226.83,362.99,260.98,170.31,351.36,267.36,161.93,139.84,133.3,33.87,33.0
04-01884,67.88,478.74,249.39,125.55,441.03,274.03,192.93,184.25,184.43,25.51,25.6
04-01885,268.55,450.77,360.72,165.52,421.22,440.27,351.25,302.22,305.18,36.71,40.38
04-01886,392.29,166.86,204.67,481.59,140.77,115.68,191.57,178.12,167.53,67.3,64.26
04-01887,391.27,71.23,429.01,470.2,56.98,542.29,225.51,265.65,255.08,13.86,12.55
04-01888,107.98,226.44,320.95,9.19,296.84,340.14,354.66,418.94,458.13,45.52,50.89
04-01889,189.65,140.77,191.42,127.22,175.78,190.47,347.63,329.45,359.1,41.53,35.99
04-01890,150.68,297.89,186.38,223.27,371.21,215.24,283.4,250.59,234.52,26.57,30.91
04-01891,332.26,340.02,353.52,417.9,395.1,366.22,121.58,117.14,119.32,75.88,68.71
04-01892,445.5,390.05,67.71,362.94,454.41,0.0,375.56,439.91,428.37,19.24,18.19
04-01893,113.49,243.96,100.89,103.12,261.59,104.06,183.58,200.19,195.93,47.57,51.3
04-01894,334.34,213.47,460.46,429.4,197.37,504.2,296.94,247.53,238.7,64.33,71.35
04-01895,434.82,319.94,354.39,502.63,324.89,351.05,203.28,230.86,232.92,67.66,55.87
04-01896,465.27,136.73,87.2,442.81,35.94,27.67,129.9,137.94,145.47,54.32,52.02
04-01897,276.85,486.79,334.23,216.31,506.41,310.18,449.92,405.13,411.09,29.44,24.14
04-01898,357.51,308.01,85.83,216.39,311.32,160.02,212.5,218.32,236.64,70.41,82.71
04-01899,136.21,239.17,473.74,204.44,248.51,466.99,118.32,105.84,110.19,36.0,37.17
04-01900,162.86,354.03,64.89,115.75,382.05,101.74,222.99,186.45,181.14,23.64,25.0
04-01901,280.13,118.35,249.7,124.43,222.9,307.61,346.91,376.78,352.23,11.22,13.04
04-01902,182.98,287.79,477.17,56.31,265.51,488.78,162.62,169.63,154.67,58.07,66.47
04-01903,124.97,139.15,113.91,141.15,170.22,140.02,374.05,317.63,344.34,28.16,31.91
04-01904,371.7,347.28,80.13,416.94,306.21,67.33,287.76,315.36,291.0,38.04,41.63
04-01905,322.17,274.6,140.83,373.51,318.37,202.24,282.37,297.8,299.0,60.63,71.54
04-01906,114.65,127.71,141.19,158.51,210.4,212.51,261.05,249.61,231.32,21.84,24.89
04-01907,318.31,152.55,75.96,326.8,147.04,141.04,273.85,221.69,213.14,54.9,54.2
04-01908,493.92,61.95,499.84,413.82,38.49,515.11,121.98,139.82,141.19,79.06,88.96
04-01909,396.16,312.46,459.77,438.86,362.5,473.07,346.44,374.55,380.98,56.63,63.58
04-01910,168.32,174.36,281.61,203.17,132.47,287.13,425.82,464.03,459.79,48.47,57.98
04-01911,112.04,220.09,406.54,176.35,284.41,364.25,87.53,103.74,109.4,50.62,41.88
04-01912,211.61,495.34,265.15,223.52,568.56,232.57,395.16,448.58,436.66,57.41,66.64
04-01913,241.63,431.99,304.24,171.22,429.27,389.22,118.73,96.18,99.35,20.42,18.65
04-01914,181.18,401.17,481.0,167.78,410.92,511.67,238.33,194.93,193.01,10.13,10.61
04-01915,441.59,246.75,429.05,324.92,220.24,332.73,359.04,316.72,346.85,38.6,44.48
04-01916,72.39,412.64,188.99,123.1,417.83,111.14,444.07,364.44,382.23,11.05,12.58
04-01917,476.36,430.2,248.02,513.46,425.27,392.28,418.47,385.5,396.55,27.61,30.26
04-01918,325.54,174.73,87.0,214.65,211.02,58.29,91.2,91.03,86.8,52.78,61.3
04-01919,270.77,382.49,128.94,247.8,353.6,138.75,150.22,133.87,128.04,70.82,77.59
04-01920,124.08,467.56,384.4,152.31,310.55,409.83,362.6,400.67,394.35,17.98,21.48
04-01921,200.0,411.31,312.37,187.8,401.28,307.57,136.79,116.42,116.52,73.59,64.81
04-01922,271.7,475.45,419.39,155.05,442.46,491.6,403.61,358.01,356.72,12.92,14.67
04-01923,446.22,228.57,391.41,446.33,270.02,333.58,279.49,323.55,318.21,78.46,76.13
04-01924,348.95,96.82,419.36,293.78,37.4,437.06,97.77,100.39,97.12,74.5,60.01
04-01925,419.46,283.93,82.03,383.68,305.29,152.8,252.03,252.37,233.18,39.73,39.46
04-01926,140.45,438.88,222.67,124.23,401.7,145.71,370.44,316.64,293.86,54.94,44.59
04-01927,195.37,292.05,74.01,190.62,250.17,27.82,207.01,190.53,182.18,64.72,55.43
04-01928,370.86,311.97,496.23,423.66,300.93,520.64,436.47,435.53,437.67,24.75,26.5
04-01929,439.07,259.6,144.13,441.21,147.2,272.45,261.43,222.59,238.72,77.51,70.44
04-01930,103.53,361.58,492.84,117.13,378.12,463.02,357.42,405.31,411.13,77.26,76.23
04-01931,149.59,140.35,173.38,168.84,129.26,254.96,378.11,427.52,414.3,57.71,67.18
04-01932,158.25,318.53,223.07,151.52,289.47,198.79,392.7,356.67,382.18,27.08,32.37
04-01933,437.59,420.39,95.17,472.15,426.18,49.18,354.66,384.5,401.22,30.77,26.58
04-01934,277.8,106.74,169.33,254.31,41.35,117.71,165.92,149.66,149.86,42.1,47.1
04-01935,115.2,180.92,256.77,265.98,143.63,350.74,327.56,283.93,272.43,18.42,16.57
04-01936,329.22,291.73,415.4,276.2,284.49,423.36,177.47,205.1,193.34,48.08,41.43
04-01937,223.69,436.38,322.49,192.52,462.3,348.33,218.87,236.49,226.16,23.26,24.5
04-01938,347.09,195.84,483.71,383.97,189.31,582.92,136.32,152.18,141.43,23.73,21.23
04-01939,202.69,233.15,453.96,222.08,254.16,342.7,311.54,278.68,255.2,13.61,13.32
04-01940,296.65,392.06,345.39,267.32,462.93,353.93,246.79,202.88,216.59,27.16,32.57
04-01941,499.99,495.48,244.44,463.9,450.99,175.34,357.99,325.73,331.66,26.22,27.77
04-01942,419.31,247.29,338.43,529.24,204.44,216.76,273.84,238.44,247.54,76.82,69.99
04-01943,85.84,104.52,144.12,48.94,130.61,162.32,319.99,319.96,348.17,43.14,34.94
04-01944,396.64,421.47,320.44,432.94,440.6,313.95,269.51,229.04,223.21,24.75,27.16
04-01945,473.56,75.36,180.65,511.25,209.68,192.16,128.97,128.34,136.21,75.98,63.59
04-01946,181.35,76.79,63.49,255.27,138.91,0.0,99.02,79.7,86.44,69.83,70.72
04-01947,115.28,106.96,324.54,26.24,37.11,295.99,177.08,185.12,180.4,49.92,43.4
04-01948,464.82,393.84,260.06,446.92,440.5,292.21,342.33,374.06,383.25,19.9,18.8
04-01949,294.71,445.73,325.82,378.0,562.74,477.75,343.0,347.28,341.06,54.28,49.32
04-01950,168.35,185.63,353.43,167.52,120.2,353.98,169.64,146.69,153.9,34.6,29.22
04-01951,85.14,222.35,442.15,177.76,144.7,393.45,141.6,134.8,127.06,68.09,58.3
04-01952,358.7,105.95,81.6,380.08,49.23,100.71,204.04,223.56,236.37,37.11,41.16
04-01953,433.74,261.4,478.25,334.99,305.33,566.81,168.61,155.14,149.67,18.35,15.84
04-01954,145.35,489.56,403.04,202.93,524.85,449.27,301.52,251.68,266.09,21.4,17.22
04-01955,118.09,470.71,326.12,151.16,505.83,423.18,261.61,275.96,281.27,53.9,56.88
04-01956,86.6,133.23,283.13,141.85,84.82,339.96,88.14,104.54,95.54,19.59,18.97
04-01957,114.31,61.21,93.05,65.81,91.91,35.2,121.87,128.28,116.36,51.39,61.55
04-01958,145.03,243.43,344.84,75.35,273.95,276.13,448.43,410.01,437.4,35.38,40.2
04-01959,272.02,258.37,433.49,378.28,300.29,429.17,247.95,271.88,273.04,34.65,41.2
04-01960,488.51,416.81,466.05,551.06,391.52,557.76,148.71,131.67,125.87,46.73,38.29
04-01961,458.62,377.07,497.3,488.61,379.1,531.01,391.72,379.3,356.66,57.86,64.15
04-01962,128.41,79.45,348.15,94.68,151.47,385.03,89.03,83.25,78.45,38.03,37.92
04-01963,207.09,478.16,400.13,191.16,413.07,428.91,139.3,123.05,134.73,36.79,30.87
04-01964,377.28,340.23,423.05,418.74,359.06,368.93,105.5,93.14,97.87,16.52,17.12
04-01965,482.97,194.85,327.0,489.07,68.8,414.66,100.21,86.29,83.3,75.03,71.45
04-01966,224.05,414.21,443.37,282.91,382.37,440.33,103.09,103.9,105.93,64.49,68.85
04-01967,64.69,217.02,316.87,77.29,262.77,216.98,216.79,192.06,194.18,29.33,28.79
04-01968,466.52,162.14,353.89,495.79,205.76,277.77,186.94,175.17,160.06,16.29,14.01
04-01969,151.94,207.81,328.93,207.39,27.83,319.33,142.76,139.53,133.79,79.03,84.78
04-01970,453.19,219.06,448.75,457.72,241.0,420.18,430.87,480.44,455.95,31.44,29.69
04-01971,129.11,306.26,198.46,140.29,339.95,144.77,340.71,308.04,279.08,45.63,51.26
04-01972,321.77,370.89,108.69,254.82,448.13,123.33,83.0,73.69,79.0,58.8,69.77
04-01973,157.96,245.31,75.09,269.56,181.9,134.07,112.84,96.28,101.83,70.31,57.33
04-01974,400.57,434.07,398.99,371.84,459.35,386.62,421.17,361.14,345.45,57.42,54.81
04-01975,328.93,248.78,457.9,203.23,267.64,427.48,146.28,172.02,175.05,33.08,35.13
04-01976,225.39,89.69,315.63,340.42,45.64,340.42,95.1,90.57,86.79,17.09,18.57
04-01977,472.94,363.03,93.1,399.1,301.07,113.66,416.95,415.18,453.77,50.08,58.06
04-01978,69.75,342.91,457.1,138.8,309.42,389.51,394.97,419.41,455.9,39.51,38.68
04-01979,110.23,162.86,104.03,145.64,151.43,75.6,396.62,430.47,388.96,37.68,37.98
04-01980,306.88,383.83,223.18,299.33,358.78,201.68,300.31,295.23,314.52,27.0,28.03
04-01981,373.25,211.48,229.89,412.41,199.1,131.91,324.19,369.16,388.5,18.87,20.35
04-01982,350.96,290.52,358.26,343.13,386.49,338.37,196.1,203.57,190.23,79.38,92.8
04-01983,232.94,330.09,354.21,250.93,402.73,431.81,297.81,281.76,266.64,66.05,62.13
04-01984,134.48,309.07,337.24,99.55,303.09,326.01,263.65,264.84,289.3,26.77,27.98
04-01985,64.83,82.78,147.63,111.1,110.72,136.92,148.33,148.83,152.36,53.93,64.01
04-01986,426.42,200.15,181.47,453.37,241.02,148.27,366.44,412.21,377.17,15.61,16.87
04-01987,395.83,174.71,317.56,429.75,199.81,218.65,123.23,125.98,117.18,66.09,74.68
04-01988,391.14,482.72,426.61,426.52,591.97,469.62,123.04,116.06,124.93,63.83,74.8
04-01989,364.38,433.32,301.25,430.1,264.18,250.62,82.78,71.22,68.61,37.01,36.21
04-01990,290.73,124.13,302.88,236.43,138.74,251.04,323.8,325.67,331.34,45.81,53.19
04-01991,88.83,243.92,144.32,196.13,267.5,273.06,397.77,471.64,487.91,65.88,65.93
04-01992,458.04,176.64,185.72,526.03,131.46,192.7,433.56,361.81,388.93,42.71,37.24
04-01993,373.15,264.22,488.94,306.43,278.96,511.14,363.83,295.33,297.6,25.96,25.17
04-01994,198.33,61.57,390.33,224.03,0.0,314.25,113.31,125.63,131.1,79.16,74.9
04-01995,237.0,301.25,452.23,146.48,349.97,429.57,202.65,229.97,224.78,41.05,44.22
04-01996,86.28,402.25,117.1,16.43,322.0,12.13,226.85,257.81,235.89,27.05,30.55
04-01997,229.66,331.87,258.74,279.48,316.44,396.52,369.85,314.04,316.18,43.92,41.28
04-01998,213.66,284.21,423.48,139.2,222.0,434.67,160.82,153.3,155.05,51.18,52.15
04-01999,162.58,105.07,440.38,103.19,0.0,365.34,120.53,127.39,135.3,32.07,34.7
04-02000,464.74,496.3,417.6,487.75,484.41,393.3,288.92,313.98,330.97,37.32,43.29
04-02001,404.5,243.17,180.71,408.82,123.81,123.28,156.61,139.24,126.85,39.52,39.44
04-02002,351.29,458.71,496.19,253.16,511.74,551.36,443.82,419.94,451.43,12.73,10.23
04-02003,120.89,283.75,286.72,129.36,342.25,318.95,412.85,411.6,375.09,16.81,16.21
04-02004,418.44,483.49,454.15,435.28,471.11,454.72,340.33,404.47,370.92,27.99,27.55
04-02005,191.16,428.67,487.39,145.25,449.2,440.92,201.67,199.94,210.54,31.8,36.78
04-02006,218.65,330.3,368.68,242.15,335.88,350.61,83.53,71.13,72.69,78.57,87.61
04-02007,98.22,172.62,261.09,68.42,138.35,281.64,249.22,203.77,200.02,45.7,36.56
04-02008,405.78,389.21,287.21,382.71,387.26,270.16,152.59,129.65,130.97,67.8,72.91
04-02009,318.64,256.61,207.67,383.14,269.38,215.0,430.46,390.04,371.65,32.97,26.75
04-02010,135.05,204.22,88.69,118.05,229.13,98.69,256.37,214.81,216.19,66.37,73.72
04-02011,314.57,355.43,276.07,288.58,342.39,248.14,317.46,318.66,314.86,33.67,28.15
04-02012,290.6,152.46,285.91,315.45,168.68,327.85,271.51,296.01,286.37,75.97,61.75
04-02013,268.73,414.02,118.57,292.55,520.15,224.59,444.15,508.98,533.41,48.35,46.46
04-02014,272.71,343.95,474.43,246.68,357.26,444.18,341.91,307.92,314.71,30.85,25.63
04-02015,387.79,366.8,472.37,463.62,361.99,547.55,449.74,470.91,453.76,72.7,79.81
04-02016,144.11,486.09,155.39,214.08,461.69,113.42,362.51,351.36,335.72,21.19,24.78
04-02017,88.78,264.91,275.66,41.31,205.27,205.56,398.86,364.78,364.81,28.49,32.27
04-02018,345.67,260.14,246.83,391.13,295.64,284.11,356.32,290.16,274.55,44.49,39.07
04-02019,124.96,136.37,246.53,146.1,118.94,328.53,345.9,291.19,268.1,52.96,44.75
04-02020,412.36,481.57,374.61,419.76,486.96,398.44,436.2,446.08,487.35,19.46,21.21
04-02021,201.1,186.08,315.8,94.94,100.98,311.53,243.49,232.73,235.01,29.65,32.25
04-02022,324.28,310.62,403.65,320.09,237.44,318.08,208.14,191.88,194.53,26.87,27.04
04-02023,208.12,247.04,467.02,301.22,171.59,566.03,359.01,341.35,340.2,55.97,60.65
04-02024,458.17,409.01,98.06,429.43,399.12,187.97,175.52,163.72,178.39,16.61,13.58
04-02025,404.39,280.82,219.03,333.58,249.14,202.13,174.15,150.25,143.64,56.14,54.96
04-02026,409.65,99.91,453.67,333.95,107.15,456.7,85.38,74.09,76.85,76.81,88.11
04-02027,121.2,463.97,274.09,91.46,457.69,319.39,446.23,395.4,417.8,65.87,67.45
04-02028,86.63,252.95,378.29,48.2,175.28,342.98,183.83,187.41,205.07,51.61,44.04
04-02029,369.49,346.0,117.07,428.07,419.45,69.36,288.67,312.01,283.95,46.4,47.52
04-02030,94.02,219.85,480.53,119.34,153.17,405.18,205.2,236.51,233.26,14.88,14.05
04-02031,223.04,339.23,72.24,296.39,294.02,68.9,320.78,315.63,330.64,25.45,20.57
04-02032,270.7,197.19,254.83,258.53,203.67,298.61,276.54,256.28,267.73,27.15,30.4
04-02033,204.47,284.53,400.55,278.04,263.63,525.46,289.59,322.85,319.63,38.59,38.85
04-02034,355.4,329.21,167.05,373.12,450.81,253.07,362.28,430.33,453.92,25.96,24.61
04-02035,84.17,460.19,321.2,41.53,471.49,356.62,390.91,427.53,438.01,71.08,61.41
04-02036,435.93,338.54,94.49,461.68,392.23,180.92,310.57,351.83,317.82,14.11,15.43
04-02037,348.54,480.49,145.74,322.18,495.78,108.2,214.14,244.34,226.49,41.26,38.95
04-02038,438.73,488.55,179.62,333.92,393.49,51.5,83.19,68.26,68.15,35.55,41.13
04-02039,175.09,455.52,192.48,154.99,454.59,150.51,438.04,507.58,512.33,22.7,18.59
04-02040,216.11,485.17,356.93,89.9,591.17,410.33,129.81,105.34,96.15,61.71,67.68
04-02041,395.61,68.74,270.05,383.75,181.69,259.52,212.28,202.95,193.16,77.35,66.62
04-02042,85.26,276.26,73.76,164.47,302.03,75.56,127.79,111.02,120.63,66.36,53.9
04-02043,445.52,113.16,305.49,540.28,175.57,443.3,313.97,273.5,263.15,49.52,49.8
04-02044,495.06,243.78,419.81,517.92,295.3,462.65,209.82,170.93,161.01,17.77,15.85
04-02045,130.14,342.61,232.76,234.77,361.58,211.6,214.53,216.03,230.22,47.03,48.61
04-02046,396.66,301.73,352.9,442.27,295.9,328.68,185.27,176.91,164.15,78.08,74.42
04-02047,373.11,178.85,460.13,312.09,99.22,489.26,207.45,238.37,230.46,45.14,53.29
04-02048,107.6,133.92,243.67,87.61,0.0,163.53,306.7,337.27,341.93,35.55,31.15
04-02049,471.48,208.45,227.8,521.69,242.21,291.09,339.71,285.19,302.85,29.29,26.58
04-02050,146.72,196.73,232.73,116.7,155.15,404.19,106.24,108.5,101.86,49.05,45.07
04-02051,143.53,292.09,334.05,106.28,325.43,224.19,87.31,71.57,77.48,25.5,26.67
04-02052,469.17,435.25,103.51,454.59,453.77,0.0,168.15,171.67,175.24,45.46,52.48
04-02053,255.38,340.79,64.71,242.81,279.91,154.67,288.95,260.39,241.8,71.11,79.33
04-02054,230.56,216.27,93.3,154.25,192.39,51.17,150.14,124.81,121.47,27.63,23.97
04-02055,144.53,325.09,414.35,171.27,371.54,603.71,216.76,241.58,237.44,24.46,24.69
04-02056,339.57,120.47,117.18,365.87,127.41,206.54,380.12,322.75,353.44,42.32,43.24
04-02057,326.38,246.97,222.28,340.24,269.67,118.36,356.31,396.31,426.92,33.12,33.98
04-02058,212.0,305.03,217.44,226.42,380.27,187.45,117.95,123.96,122.21,56.93,51.89
04-02059,226.93,456.41,455.29,165.17,455.8,523.64,132.72,144.57,154.98,70.17,77.54
04-02060,319.69,217.54,216.1,404.55,172.76,215.3,338.2,274.42,300.04,34.17,39.37
04-02061,443.28,499.36,343.49,474.34,431.54,379.65,206.64,170.16,187.05,36.05,42.56
04-02062,392.8,76.35,404.99,371.48,104.1,369.07,316.33,263.75,280.13,29.43,28.98
04-02063,408.63,334.52,204.67,278.2,282.04,296.42,131.73,121.53,115.59,13.97,14.06
04-02064,458.42,496.12,84.24,575.92,414.94,185.75,275.27,221.8,209.31,60.49,70.48
04-02065,424.87,307.85,240.78,389.35,210.64,182.39,92.92,101.52,98.8,67.42,80.74
04-02066,440.77,435.88,252.7,351.58,324.14,250.58,358.72,356.83,342.04,70.05,58.01
04-02067,66.51,135.73,415.96,83.32,13.53,444.86,189.44,180.65,197.08,13.34,14.51
04-02068,347.6,268.43,292.71,325.09,154.33,369.46,349.4,367.25,340.31,75.04,78.03
04-02069,320.12,253.05,441.64,256.76,307.21,453.6,410.55,395.96,380.49,35.59,35.16
04-02070,328.46,384.81,355.39,190.16,348.25,391.75,416.99,469.7,509.04,36.87,30.36
04-02071,300.42,213.96,115.22,226.44,168.51,89.39,359.9,395.59,416.67,44.23,37.78
04-02072,225.37,385.42,117.67,324.13,337.67,95.5,422.8,378.36,380.18,40.54,44.78
04-02073,329.49,261.28,369.34,281.29,254.01,351.76,314.24,341.05,367.86,75.09,74.09
04-02074,106.66,289.32,139.88,94.75,243.64,120.28,426.78,343.33,365.62,43.17,36.95
04-02075,487.27,309.05,444.35,545.41,324.8,431.93,204.77,202.88,193.58,53.88,62.87
04-02076,331.72,249.77,134.77,288.91,235.66,176.09,431.43,417.06,397.72,21.68,18.01
04-02077,406.79,392.92,440.31,364.0,393.83,320.31,214.49,241.16,264.97,70.68,68.43
04-02078,157.43,281.86,372.17,267.51,252.96,390.22,107.18,102.65,111.26,11.8,12.16
04-02079,214.72,350.45,444.36,276.85,416.45,326.16,100.26,81.79,88.67,62.22,65.95
04-02080,76.91,381.35,165.14,107.36,375.06,143.34,175.29,182.85,168.74,20.94,19.24
04-02081,405.05,197.65,397.99,349.64,250.89,362.95,406.58,443.53,427.67,70.39,70.59
04-02082,76.66,281.83,365.39,46.8,340.19,477.38,213.42,238.4,260.71,59.09,60.77
04-02083,429.51,185.49,319.47,370.12,157.27,390.89,200.35,162.7,163.16,66.01,62.76
04-02084,298.68,409.64,216.68,323.32,519.13,262.49,173.92,190.77,206.46,48.26,52.21
04-02085,145.26,195.74,336.37,146.43,142.91,218.97,273.06,310.4,324.61,29.89,31.68
04-02086,484.03,137.76,109.74,581.83,49.81,116.46,132.91,143.87,154.85,63.98,60.13
04-02087,145.75,61.98,143.52,163.69,63.69,74.39,171.72,174.19,168.71,69.91,69.78
04-02088,166.28,200.36,145.54,130.71,89.87,77.82,357.44,353.02,323.57,66.32,79.48
04-02089,265.18,144.54,345.3,253.46,142.21,384.86,346.64,382.83,393.99,10.77,12.24
04-02090,87.22,189.18,485.04,52.34,106.05,468.17,122.08,119.87,131.41,75.85,72.77
04-02091,243.18,356.26,460.08,158.54,316.1,409.41,300.75,309.32,315.07,38.43,31.05
04-02092,266.98,426.7,476.85,209.17,410.95,539.88,140.2,134.33,126.65,43.56,37.41
04-02093,255.3,447.45,243.5,275.47,385.49,220.33,382.34,306.86,295.66,41.88,44.24
04-02094,481.77,115.47,395.46,572.71,118.78,399.92,183.55,200.18,206.94,64.5,55.39
04-02095,303.04,426.48,114.95,300.9,465.21,57.71,369.74,301.06,295.02,49.64,51.4
04-02096,147.48,149.06,282.64,85.9,58.97,246.33,297.22,247.35,235.16,69.36,68.22
04-02097,358.21,320.3,373.44,405.64,292.44,398.49,298.9,338.33,333.79,36.63,37.33
04-02098,223.86,385.19,256.26,243.22,388.52,218.4,147.52,149.17,144.77,40.19,45.1
04-02099,77.52,165.4,426.6,141.86,136.11,424.56,244.73,227.54,236.96,22.29,20.27
04-02100,382.0,177.74,432.35,338.66,291.12,469.29,155.45,131.77,135.71,37.82,31.93
04-02101,456.3,287.32,420.92,486.84,305.13,402.98,350.12,331.35,342.25,17.28,20.48
04-02102,390.36,107.98,477.0,371.91,14.53,567.57,377.7,302.74,325.85,23.0,19.09
04-02103,354.1,266.69,488.9,288.35,130.84,443.15,216.77,207.69,206.71,79.54,78.56
04-02104,244.93,279.08,149.85,215.6,351.5,175.15,281.29,293.25,309.91,55.38,48.5
04-02105,71.86,434.5,252.64,110.41,464.06,263.19,299.95,330.52,330.47,14.6,15.73
04-02106,353.08,169.9,327.27,293.49,127.95,464.07,117.78,107.1,109.61,67.37,61.37
04-02107,499.05,448.71,80.46,468.7,430.34,97.01,245.72,234.74,235.67,27.48,23.16
04-02108,101.76,157.54,396.34,29.83,228.64,452.2,96.78,84.67,87.06,13.56,13.19
04-02109,157.48,68.96,495.9,167.13,70.75,493.43,150.68,121.6,125.56,61.82,52.25
04-02110,171.05,303.62,462.05,173.11,234.64,344.26,166.55,151.35,141.92,17.52,17.17
04-02111,99.65,197.81,254.48,31.11,191.96,163.5,261.7,226.5,220.37,70.56,76.75
04-02112,99.78,381.26,319.66,173.42,417.68,275.57,316.0,358.1,350.51,74.87,76.03
04-02113,203.07,243.37,468.63,193.24,234.38,497.78,98.15,104.63,106.76,21.87,21.0
04-02114,216.27,101.26,116.93,231.26,83.59,130.81,371.85,428.81,398.44,29.85,27.2
04-02115,475.8,430.66,308.84,401.72,324.24,296.13,439.98,522.33,521.99,78.34,80.24
04-02116,113.71,229.93,428.48,194.36,201.47,361.72,373.78,408.02,389.94,77.88,85.18
04-02117,217.48,487.99,412.13,149.94,461.16,424.0,148.47,163.85,168.51,70.25,57.02
04-02118,205.6,161.97,272.1,234.63,104.05,193.23,132.15,132.71,127.15,72.0,80.12
04-02119,77.11,434.17,257.35,33.45,457.3,317.34,226.94,205.81,195.72,42.94,43.65
04-02120,443.28,335.21,101.13,340.52,389.06,131.44,229.42,223.74,236.67,44.33,49.22
04-02121,284.39,200.92,291.04,297.34,137.66,327.31,311.4,352.53,335.35,69.37,65.64
04-02122,437.51,489.95,257.11,443.63,377.11,389.15,336.02,384.2,371.77,68.03,72.37
04-02123,113.95,348.8,130.86,105.67,297.28,196.27,187.73,203.1,216.81,60.63,64.77
04-02124,209.29,305.74,77.2,161.46,289.41,41.47,439.55,415.05,453.81,45.85,53.29
04-02125,461.03,263.12,342.66,495.48,185.29,326.09,207.76,236.85,255.8,67.17,56.76
04-02126,459.92,352.88,310.72,426.84,392.41,360.3,247.84,200.97,204.98,39.01,40.75
04-02127,275.76,131.75,72.58,176.19,0.0,40.71,175.93,188.71,173.12,47.61,46.13
04-02128,89.91,499.88,485.61,99.76,463.22,468.79,133.13,123.82,117.92,63.96,52.69
04-02129,419.14,305.23,266.38,460.26,215.1,316.82,434.03,493.17,481.68,10.24,11.18
04-02130,377.91,276.69,377.39,385.47,384.51,301.6,365.31,392.18,429.27,46.19,41.74
04-02131,152.02,251.55,81.88,142.78,234.59,35.79,430.49,428.74,453.21,18.59,17.36
04-02132,260.21,123.28,266.79,232.86,107.49,288.35,412.32,338.8,330.76,70.85,60.4
04-02133,252.07,429.41,354.27,303.86,404.33,304.29,258.68,252.12,241.27,44.52,38.67
04-02134,97.58,191.15,328.29,99.32,221.72,387.09,363.46,423.03,436.92,17.8,18.4
04-02135,70.91,269.64,205.34,78.72,356.62,299.05,220.08,249.82,226.06,11.06,12.92
04-02136,65.35,118.92,185.13,110.65,103.59,306.47,387.15,457.53,471.46,66.64,71.78
04-02137,383.7,79.4,239.44,438.01,108.03,206.58,99.75,91.89,92.76,64.43,76.42
04-02138,211.48,120.92,207.83,246.12,72.49,234.25,371.04,340.65,358.87,52.34,62.42
04-02139,84.64,272.04,129.28,119.8,286.79,236.22,446.17,519.86,539.07,74.71,81.69
04-02140,366.5,370.24,463.32,340.56,295.21,430.72,107.36,124.53,125.4,28.34,29.31
04-02141,220.21,309.15,78.3,212.84,368.36,33.05,93.82,86.13,84.59,52.66,59.32
04-02142,152.47,177.95,314.25,141.05,284.12,273.37,406.4,372.35,339.77,69.59,63.44
04-02143,352.93,128.82,98.17,354.67,192.88,65.75,171.8,147.57,151.14,31.53,32.67
04-02144,222.71,472.25,269.53,176.0,498.75,167.11,427.54,380.78,406.39,31.23,33.34
04-02145,268.2,71.24,124.73,254.11,32.28,139.84,121.72,117.1,108.14,53.79,51.88
04-02146,375.07,321.15,426.17,358.51,293.82,345.76,392.34,391.19,370.58,32.73,32.75
04-02147,488.74,257.64,192.78,440.15,280.11,165.93,445.67,444.69,445.24,69.54,69.35
04-02148,425.92,66.64,249.73,400.21,19.81,311.28,199.59,196.08,207.97,74.43,86.05
04-02149,431.79,491.45,471.87,424.2,551.36,472.53,231.86,221.43,212.17,57.43,51.59
04-02150,407.44,63.25,256.77,412.93,40.62,187.49,236.82,210.48,196.08,31.53,25.59
04-02151,435.58,362.95,350.52,376.02,292.46,425.56,388.23,357.83,381.57,64.8,56.18
04-02152,94.44,175.3,443.71,101.54,223.41,411.75,338.78,350.74,315.72,66.72,67.05
04-02153,101.7,102.13,227.59,196.07,169.02,241.26,89.95,91.43,84.33,24.61,24.38
04-02154,201.29,481.25,400.07,130.86,584.44,473.94,200.25,223.6,227.74,33.69,36.43
04-02155,260.62,73.6,460.28,285.51,23.53,461.25,378.38,346.72,321.38,75.28,64.49
04-02156,352.91,115.75,140.71,302.21,101.9,265.55,281.04,336.31,326.13,72.34,59.51
04-02157,90.1,345.01,404.38,115.2,301.55,359.31,153.1,147.29,146.4,67.71,68.77
04-02158,61.92,120.09,382.78,0.0,19.98,402.5,434.65,349.15,353.27,48.16,55.66
04-02159,228.83,396.01,99.96,213.76,284.8,39.14,255.2,273.91,286.84,67.71,73.92
04-02160,77.29,158.15,249.4,73.45,77.24,333.53,316.85,259.02,242.51,29.97,28.74
04-02161,479.05,126.6,372.63,509.92,149.17,406.09,407.87,460.33,467.68,62.45,54.64
04-02162,316.06,457.66,360.74,269.62,376.23,366.23,268.31,314.84,336.04,16.27,15.18
04-02163,331.33,362.34,157.67,324.79,416.0,42.66,289.53,292.79,284.99,65.58,70.89
04-02164,144.18,153.51,486.35,120.36,267.31,366.7,172.32,184.96,197.77,25.65,22.84
04-02165,199.43,367.21,265.05,184.2,399.79,293.04,438.12,400.96,390.44,25.19,23.17
04-02166,421.23,152.87,404.2,351.34,152.32,413.47,344.04,305.23,277.11,55.24,58.47
04-02167,286.41,214.96,287.6,329.82,264.07,363.15,389.64,311.81,334.27,14.42,14.01
04-02168,425.51,370.99,155.4,454.71,371.79,94.27,223.0,197.64,209.57,41.11,43.02
04-02169,208.55,226.73,495.37,335.81,379.03,636.01,175.14,203.96,198.57,27.9,29.42
04-02170,425.18,125.06,220.63,425.07,51.88,174.11,312.21,329.87,308.94,75.13,64.21
04-02171,323.94,436.27,375.7,325.76,463.29,418.76,123.88,133.33,127.38,10.69,10.5
04-02172,462.74,387.88,331.3,494.2,309.75,292.65,196.27,171.7,162.37,12.72,13.89
04-02173,420.21,377.38,105.95,471.4,380.99,99.0,110.9,127.85,116.37,32.41,33.75
04-02174,498.49,289.16,347.57,556.44,374.44,403.79,392.96,412.74,442.69,68.89,62.24
04-02175,421.76,327.44,163.07,424.46,357.45,170.64,183.89,173.98,158.01,57.36,49.04
04-02176,341.39,246.68,273.63,454.64,329.16,389.79,255.39,206.29,188.05,61.49,72.63
04-02177,405.47,192.15,214.53,347.95,78.96,242.96,336.91,334.53,310.5,36.73,36.03
04-02178,238.72,322.1,188.13,245.57,397.8,191.45,317.73,349.79,336.22,77.33,67.28
04-02179,194.5,279.42,301.35,253.32,341.52,247.61,253.9,287.0,264.53,37.87,32.58
04-02180,280.32,419.08,184.74,364.91,338.34,191.18,267.35,302.25,272.6,61.1,58.9
04-02181,267.16,438.31,311.01,306.7,391.56,328.23,349.93,379.54,364.47,10.13,9.54
04-02182,489.54,134.47,478.61,494.74,55.78,484.81,237.29,234.78,231.31,76.24,85.95
04-02183,211.83,187.4,289.74,283.99,172.05,258.31,226.21,202.91,186.06,10.73,12.48
04-02184,62.89,278.06,122.81,69.23,253.94,131.92,154.6,158.89,160.37,16.32,18.23
04-02185,206.12,124.84,220.28,137.75,160.32,287.23,328.81,271.93,267.28,57.16,65.49
04-02186,68.26,434.64,223.71,34.61,466.74,260.63,384.96,314.67,313.44,76.66,76.13
04-02187,82.75,119.27,78.02,138.02,46.28,147.26,287.57,267.29,281.75,35.58,36.23
04-02188,378.23,373.11,121.7,374.58,368.88,131.92,328.79,287.13,280.32,58.63,66.28
04-02189,481.63,257.63,181.59,504.75,213.75,141.85,295.9,282.65,301.7,20.34,23.8
04-02190,300.1,62.91,282.06,357.32,0.0,169.49,321.21,363.68,334.26,31.33,29.31
04-02191,449.53,423.44,99.57,376.1,326.96,20.46,277.96,253.53,237.68,76.19,91.18
04-02192,195.99,111.61,406.5,245.76,64.08,389.65,442.39,366.63,384.87,54.79,59.73
04-02193,171.03,166.73,245.21,226.32,87.35,331.44,345.77,283.33,261.78,61.2,50.31
04-02194,220.58,277.68,481.32,170.66,323.29,384.43,153.13,131.7,141.55,57.19,59.79
04-02195,344.34,226.12,403.41,451.59,276.44,471.12,444.81,485.46,437.75,45.2,53.95
04-02196,248.77,398.32,86.97,213.57,316.63,12.61,81.1,73.21,77.8,25.84,24.0
04-02197,397.47,447.66,363.57,447.42,443.42,402.47,196.0,182.69,188.11,25.56,27.17
04-02198,184.58,325.54,70.64,188.29,282.8,164.69,113.0,130.13,132.03,50.89,58.42
04-02199,342.44,263.56,351.33,404.4,388.39,404.92,220.39,194.6,190.65,62.64,58.17
04-02200,374.45,131.13,265.53,415.51,152.41,316.77,310.1,272.44,274.18,34.8,38.11
04-02201,372.78,484.11,366.95,384.75,395.47,369.44,303.2,319.05,324.39,61.23,56.69
04-02202,494.84,204.45,122.8,498.24,244.57,213.2,95.35,110.73,119.55,77.98,90.73
04-02203,471.26,408.26,353.59,642.97,394.98,145.9,83.45,92.6,99.11,58.41,47.07
04-02204,389.14,442.86,227.92,453.02,441.16,236.57,447.75,433.15,431.1,28.26,25.83
04-02205,322.43,214.87,220.66,210.92,267.65,209.24,394.18,416.27,428.42,35.82,31.16
04-02206,342.51,155.79,194.32,319.5,165.19,40.91,410.82,464.88,456.41,17.25,14.15
04-02207,340.48,294.26,274.4,340.24,347.78,304.92,347.96,287.8,283.17,31.92,26.43
04-02208,269.68,141.27,86.54,354.6,75.77,3.29,275.15,308.75,311.38,77.48,89.65
04-02209,165.0,364.53,232.12,117.7,403.76,196.2,356.83,292.09,317.64,10.13,9.77
04-02210,486.47,332.13,456.46,483.54,317.0,394.46,122.07,115.56,124.35,18.48,20.52
04-02211,356.06,457.17,245.21,297.06,417.04,305.18,308.46,334.43,365.29,63.58,70.61
04-02212,155.48,345.98,294.36,222.37,351.47,369.64,251.5,269.03,257.38,64.21,69.3
04-02213,189.35,313.95,478.83,166.3,353.64,517.67,107.05,118.72,128.88,24.25,19.73
04-02214,84.17,133.18,113.44,5.5,161.88,105.09,342.8,356.33,325.41,52.22,49.11
04-02215,460.17,436.42,92.51,585.68,400.81,28.08,356.5,365.58,386.63,34.39,29.33
04-02216,90.81,164.43,326.44,170.62,257.85,351.85,117.16,97.45,95.9,49.91,44.57
04-02217,399.64,414.35,148.67,292.5,401.86,261.02,129.92,106.62,105.23,43.87,50.33
04-02218,214.87,449.11,71.46,233.48,442.01,81.07,284.24,265.91,240.86,45.49,54.56
04-02219,303.81,173.15,422.42,285.76,132.86,531.18,370.93,352.12,379.04,48.83,49.54
04-02220,333.03,304.37,348.95,281.43,269.44,360.64,140.12,117.8,108.44,57.66,60.72
04-02221,116.74,335.17,257.34,152.25,279.22,295.1,230.54,230.03,226.0,15.15,18.02
04-02222,247.58,199.03,158.69,214.5,294.12,198.68,166.23,146.77,147.3,24.0,20.9
04-02223,401.13,258.83,216.19,597.05,188.27,163.56,368.76,375.52,396.72,46.99,53.2
04-02224,147.87,479.57,489.5,116.81,536.25,395.04,399.73,435.99,458.12,43.48,45.7
04-02225,282.53,478.73,316.91,278.96,468.07,419.55,224.78,222.5,222.58,12.1,10.19
04-02226,358.6,239.02,479.57,348.59,206.87,369.56,366.5,354.21,338.29,34.49,33.49
04-02227,197.39,345.91,85.79,127.54,360.2,64.94,378.01,336.36,368.04,77.08,89.4
04-02228,112.96,63.75,303.32,15.56,83.58,186.88,87.57,89.56,87.0,59.9,50.67
04-02229,237.25,422.86,403.08,210.45,435.28,385.97,388.22,397.25,366.63,26.39,29.9
04-02230,232.06,179.92,386.11,174.44,273.36,384.56,192.22,159.88,161.21,44.78,52.21
04-02231,136.2,99.13,94.58,14.05,40.17,137.46,438.18,395.7,388.07,74.3,82.03
04-02232,202.83,255.78,60.8,179.34,183.22,71.78,165.34,148.39,142.25,65.16,57.67
04-02233,222.78,203.24,243.76,262.87,251.2,336.05,225.87,190.63,208.07,51.0,52.53
04-02234,399.01,495.62,212.98,243.11,506.86,133.2,297.7,250.17,253.89,36.28,32.45
04-02235,101.39,194.37,250.51,68.22,115.56,181.25,291.63,242.21,229.93,11.09,8.91
04-02236,338.93,367.48,406.85,356.36,386.47,378.71,421.4,388.12,400.17,75.9,72.28
04-02237,231.84,498.5,174.21,258.64,488.45,171.44,421.29,496.21,504.25,36.91,42.89
04-02238,297.66,350.23,204.64,312.67,315.55,233.42,378.0,331.47,302.32,57.95,68.34
04-02239,427.83,177.29,373.15,454.14,109.59,346.88,288.27,318.64,306.1,30.35,35.17
04-02240,377.06,416.05,396.1,346.58,353.62,447.41,239.95,274.41,300.6,13.28,14.07
04-02241,66.0,116.61,81.75,108.2,92.8,106.6,334.33,302.92,273.24,65.86,56.27
04-02242,324.75,393.83,115.27,372.85,460.23,166.5,168.42,198.88,211.91,34.81,29.32
04-02243,401.55,180.24,474.65,452.51,167.8,468.69,308.23,282.53,290.16,73.6,69.16
04-02244,206.81,298.75,397.84,204.76,273.43,372.48,334.97,391.01,419.09,70.23,74.57
04-02245,265.17,223.03,367.74,247.48,262.31,310.03,330.65,394.14,378.81,50.64,42.86
04-02246,403.23,117.89,130.08,391.94,131.72,137.45,89.97,107.59,113.81,34.59,38.61
04-02247,466.28,347.16,144.64,482.63,286.83,198.99,283.51,251.64,249.6,20.72,19.13
04-02248,238.64,366.88,272.61,230.2,470.79,109.14,327.19,299.34,307.41,14.18,11.83
04-02249,216.88,239.0,140.74,234.08,246.63,197.43,244.23,211.21,197.53,36.81,37.9
04-02250,216.46,88.83,94.09,218.08,144.05,6.76,188.02,223.89,223.22,74.22,69.93
04-02251,403.69,242.8,447.78,478.12,235.87,353.5,411.77,415.36,427.83,15.32,15.47
04-02252,83.51,103.33,464.67,0.0,138.41,436.84,382.64,337.29,360.47,58.98,55.49
04-02253,325.67,140.71,219.13,283.58,8.41,282.42,250.27,232.68,223.29,57.56,48.33
04-02254,285.58,111.78,332.9,284.61,108.13,300.3,148.96,166.17,179.33,45.06,36.89
04-02255,380.71,465.65,83.53,408.93,527.82,67.6,328.63,384.09,376.51,24.06,23.85
04-02256,483.89,499.02,61.76,378.72,558.63,137.44,302.06,337.21,330.13,71.98,76.89
04-02257,330.27,305.1,228.25,366.0,334.32,292.98,268.3,246.47,234.02,60.66,63.14
04-02258,160.36,109.95,444.32,182.52,197.4,464.1,217.82,234.5,225.19,23.21,26.19
04-02259,247.46,487.42,162.76,269.8,422.85,155.82,314.68,281.92,279.65,51.12,48.49
04-02260,476.78,85.56,479.58,460.9,69.81,565.82,97.43,101.71,107.55,77.17,80.75
04-02261,68.81,262.97,358.05,34.14,301.22,255.88,268.81,233.47,231.84,65.47,60.83
04-02262,319.42,463.79,324.76,329.14,443.73,291.0,146.82,125.82,125.36,12.79,12.61
04-02263,115.18,458.16,483.06,93.2,522.97,463.83,203.7,213.13,195.31,18.51,20.58
04-02264,322.08,211.68,159.44,284.88,235.29,210.94,438.81,421.3,431.37,64.29,57.71
04-02265,231.45,73.58,496.31,306.91,166.03,452.44,334.68,278.21,271.26,30.06,32.04
04-02266,343.24,427.51,490.7,289.88,535.78,542.97,373.42,342.6,318.48,69.24,78.81
04-02267,98.63,284.51,492.11,80.1,362.3,429.61,278.15,275.28,249.04,58.81,63.98
04-02268,433.23,258.35,381.64,451.06,317.49,333.56,317.94,346.35,343.58,12.14,12.18
04-02269,61.95,290.98,324.28,145.18,181.73,336.19,291.08,288.17,310.78,68.86,73.32
04-02270,408.55,197.99,189.23,384.26,209.57,213.02,271.23,247.45,270.01,69.19,71.83
04-02271,217.38,205.03,390.89,252.52,67.17,489.61,137.79,117.3,123.68,25.79,30.72
04-02272,365.54,178.96,362.19,359.86,169.69,414.06,256.46,278.39,263.92,48.63,48.62
04-02273,368.83,330.64,98.14,267.59,319.1,100.81,444.82,393.08,356.98,68.59,71.56
04-02274,162.82,371.9,347.42,50.59,385.07,374.9,183.43,205.95,202.22,70.97,62.72
04-02275,169.31,84.05,200.07,163.26,78.45,96.4,172.63,154.57,148.49,51.19,49.04
04-02276,164.52,284.04,361.07,121.79,199.92,390.61,188.37,189.84,184.31,60.11,48.13
04-02277,102.09,334.08,284.75,47.93,285.8,291.03,288.99,243.86,221.27,48.66,53.3
04-02278,340.78,113.97,269.56,379.53,78.95,292.1,383.42,459.7,420.87,52.4,52.03
04-02279,102.75,84.7,200.09,134.7,147.87,161.63,131.82,132.26,130.34,78.5,79.52
04-02280,188.9,184.93,411.79,201.72,145.19,358.17,286.05,342.33,353.79,20.46,23.87
04-02281,395.49,67.89,189.97,303.81,51.62,156.51,421.26,360.91,383.91,41.77,36.08
04-02282,451.64,234.07,202.84,427.71,237.52,174.9,297.62,295.73,297.07,62.38,57.89
04-02283,152.8,204.6,412.13,93.48,249.42,400.6,95.7,106.65,96.05,41.0,37.18
04-02284,195.78,439.74,312.24,113.94,423.59,313.83,427.58,428.87,388.31,61.08,57.06
04-02285,64.84,206.39,183.16,51.24,248.57,171.45,436.52,495.17,455.42,57.38,46.0
04-02286,468.4,400.56,145.9,474.23,363.37,118.43,104.56,88.8,93.32,60.33,64.15
04-02287,375.09,192.21,129.33,444.16,262.9,165.59,213.41,197.86,211.63,74.38,65.69
04-02288,320.74,248.29,110.0,315.83,298.84,1.03,84.2,77.46,72.26,10.73,12.47
04-02289,365.36,204.06,376.34,334.15,279.0,384.84,361.57,300.72,303.46,62.6,56.67
04-02290,234.69,93.18,211.69,291.78,44.69,151.09,188.94,198.29,180.9,33.51,35.57
04-02291,277.18,326.23,237.59,210.69,366.76,227.08,171.7,149.74,147.7,39.72,39.39
04-02292,209.49,355.19,170.92,207.52,350.6,139.59,228.73,189.3,190.97,38.98,37.47
04-02293,151.18,262.55,256.05,220.95,221.93,246.92,81.33,79.94,72.7,54.51,58.98
04-02294,77.55,465.03,429.66,55.09,576.41,473.66,448.22,471.38,450.01,63.91,73.19
04-02295,498.59,75.17,124.49,511.32,119.66,20.91,423.57,448.37,483.75,72.61,81.47
04-02296,230.0,406.23,245.91,168.36,366.32,269.03,363.48,434.54,415.05,46.73,48.34
04-02297,90.82,288.4,225.21,188.29,220.08,245.54,231.23,229.86,225.29,79.8,79.65
04-02298,171.82,441.59,181.6,255.62,524.43,186.53,419.86,432.05,465.18,37.41,31.71
04-02299,265.86,455.1,122.08,262.38,483.6,7.53,129.89,109.64,102.4,14.75,12.22
04-02300,120.6,436.66,421.92,164.67,378.67,488.15,304.49,302.1,290.33,73.57,65.89
04-02301,280.27,216.52,428.41,301.14,134.88,427.77,398.91,370.51,394.7,57.73,47.77
04-02302,239.45,224.91,149.68,260.45,182.64,105.81,240.05,218.55,197.0,64.24,65.41
04-02303,99.38,413.11,257.74,121.27,343.5,305.85,366.63,375.69,412.51,54.35,62.07
04-02304,342.4,121.2,283.99,374.98,73.43,358.21,271.71,314.39,296.95,14.85,14.98
04-02305,377.3,150.28,324.53,334.27,123.36,343.58,286.57,316.78,343.5,57.63,63.66
04-02306,222.93,258.19,298.3,182.07,332.74,338.04,352.65,347.75,341.75,57.55,54.22
04-02307,354.57,144.09,327.45,418.56,204.68,355.06,159.84,158.73,146.06,44.51,44.5
04-02308,411.19,383.17,198.11,433.56,322.21,162.33,256.77,272.83,263.4,42.93,50.08
04-02309,392.43,409.51,92.8,378.62,454.05,176.13,392.93,409.55,402.6,13.5,14.64
04-02310,166.79,91.25,356.06,317.61,65.03,333.13,99.0,94.0,98.95,23.97,21.64
04-02311,367.12,446.81,204.7,489.93,455.49,236.74,195.93,230.05,231.39,14.44,16.42
04-02312,264.61,397.86,314.24,214.35,387.84,332.01,162.45,135.43,129.32,28.07,33.65
04-02313,214.12,349.82,236.96,168.07,317.01,201.19,81.23,87.46,84.94,79.38,68.97
04-02314,251.5,217.97,295.52,339.98,292.56,394.22,188.1,179.96,175.09,29.9,35.84
04-02315,262.65,101.43,161.15,201.11,89.17,101.94,129.75,116.79,108.35,59.1,57.76
04-02316,427.77,179.24,342.62,447.0,91.46,402.49,189.48,223.12,231.24,30.8,24.99
04-02317,106.32,364.18,293.47,132.49,312.32,357.31,291.04,348.43,355.98,42.42,39.21
04-02318,381.6,330.63,113.03,366.63,279.6,66.16,259.45,232.71,223.73,71.69,77.76
04-02319,375.5,130.75,463.28,389.24,191.15,422.84,429.14,510.14,519.29,64.79,70.02
04-02320,464.8,495.8,139.45,504.02,463.73,100.8,266.16,241.45,243.84,41.73,33.96
04-02321,477.22,178.43,253.7,441.26,173.64,227.33,135.02,123.17,112.5,35.74,34.65
04-02322,175.33,251.55,225.94,271.48,230.35,256.23,407.08,468.66,465.24,10.06,11.87
04-02323,428.76,195.42,361.25,551.14,239.44,426.42,357.98,327.02,331.11,40.82,39.54
04-02324,142.27,428.83,403.1,222.22,464.39,365.23,276.08,323.05,321.63,55.02,50.57
04-02325,397.04,280.31,424.69,468.57,173.72,518.05,205.8,238.75,226.33,17.26,20.17
04-02326,167.45,388.22,499.9,88.68,345.63,513.73,159.58,177.07,159.65,29.26,27.94
04-02327,311.56,380.62,103.05,418.88,350.33,44.98,341.95,282.02,257.84,75.07,65.2
04-02328,196.33,319.87,179.17,123.49,286.55,229.17,192.65,175.68,168.48,16.48,19.76
04-02329,432.33,448.14,72.14,461.72,374.06,175.09,93.97,93.52,88.84,24.33,26.13
04-02330,72.27,339.43,437.27,0.0,382.53,450.05,241.26,253.59,253.25,34.99,31.18
04-02331,398.62,188.72,281.71,391.03,209.75,291.88,379.84,409.1,400.55,37.15,41.61
04-02332,62.1,357.36,392.07,101.09,397.17,347.04,224.93,230.35,240.25,39.74,45.05
04-02333,429.7,91.65,467.7,387.03,86.78,412.71,244.44,265.94,284.61,11.88,11.98
04-02334,66.98,164.53,174.66,113.19,148.91,242.86,122.93,120.7,108.68,65.86,55.38
04-02335,91.33,437.99,279.72,0.0,432.26,313.0,420.09,423.69,450.04,37.48,44.12
04-02336,465.29,278.76,493.88,558.49,363.71,516.36,181.43,172.79,164.96,38.28,39.07
04-02337,175.33,407.06,227.92,250.74,421.86,228.6,328.88,331.03,319.18,65.81,75.69
04-02338,358.69,286.13,119.1,481.49,429.26,118.96,316.76,282.98,294.5,54.54,56.7
04-02339,490.23,259.1,200.95,522.14,285.89,228.69,258.49,251.18,237.29,26.51,27.68
04-02340,365.14,480.31,83.65,343.31,445.61,149.55,372.96,424.61,420.05,22.2,19.6
04-02341,163.35,119.62,166.98,64.72,39.69,187.02,305.54,284.03,272.09,47.42,41.45
04-02342,148.68,370.0,423.51,261.73,353.78,477.18,363.64,428.53,414.35,33.58,34.52
04-02343,239.72,436.02,141.6,301.0,451.34,82.14,416.52,408.2,445.58,31.32,29.04
04-02344,227.36,467.42,491.09,257.61,509.46,455.63,177.03,196.85,193.64,12.62,14.99
04-02345,463.77,290.87,118.03,470.04,177.88,149.01,216.82,201.12,189.76,49.1,39.8
04-02346,452.94,168.95,405.09,478.94,214.53,363.03,100.37,83.44,79.61,47.9,39.48
04-02347,427.97,292.3,97.34,418.19,398.57,80.66,438.53,459.06,414.01,23.76,24.76
04-02348,160.88,203.13,352.7,162.45,149.31,393.07,108.75,110.48,117.24,54.6,50.1
04-02349,195.7,303.27,354.53,251.76,304.93,325.65,162.96,144.81,155.52,53.6,60.46
04-02350,481.13,283.26,464.98,453.57,286.5,453.93,185.65,189.8,196.32,22.36,26.67
04-02351,413.51,212.06,397.49,287.92,189.29,433.34,215.95,256.02,234.15,72.13,63.98
04-02352,321.21,199.97,186.89,310.26,151.37,108.31,181.17,190.83,185.45,59.53,64.1
04-02353,117.99,173.94,130.0,131.9,251.29,171.65,295.78,236.7,213.18,25.67,26.34
04-02354,81.96,377.08,363.31,94.19,375.31,359.92,171.36,152.27,164.92,27.28,28.73
04-02355,242.68,367.1,101.9,221.16,304.56,74.49,206.33,191.05,172.42,59.36,68.65
04-02356,66.28,411.91,239.04,55.06,411.57,230.44,141.15,143.74,137.95,51.72,61.95
04-02357,414.02,95.6,299.35,417.06,142.77,362.17,376.98,393.65,424.03,39.42,41.28
04-02358,287.36,385.24,389.35,270.71,381.58,352.31,370.9,326.94,321.9,73.85,73.2
04-02359,279.23,285.99,193.01,299.11,302.51,195.19,208.95,189.61,187.95,64.8,74.78
04-02360,425.02,144.02,260.73,488.49,170.15,323.82,371.82,387.27,353.2,65.99,68.67
04-02361,287.99,269.58,210.09,256.39,275.54,177.13,337.93,319.27,304.46,58.77,51.21
04-02362,76.27,136.66,462.98,7.54,167.52,467.06,311.48,368.35,359.01,53.74,57.52
04-02363,478.63,211.6,374.97,451.38,204.87,426.93,214.39,184.46,194.11,33.23,30.74
04-02364,394.87,279.77,398.03,552.62,197.73,449.71,188.92,175.83,160.92,50.66,45.01
04-02365,136.33,474.35,396.74,249.38,531.32,403.36,303.05,343.59,336.04,41.79,48.12
04-02366,230.31,356.94,95.35,324.6,293.23,47.36,88.21,73.34,75.33,64.84,53.54
04-02367,323.62,294.15,412.85,333.51,280.54,405.41,118.21,105.39,98.65,15.19,14.69
04-02368,217.13,423.59,361.34,267.66,521.45,350.61,258.47,226.6,204.38,24.35,28.37
04-02369,469.53,263.43,487.59,614.9,312.17,445.49,380.8,320.39,304.0,14.96,12.79
04-02370,320.17,178.1,124.76,340.05,284.64,76.36,312.16,369.83,345.88,61.64,66.56
04-02371,484.65,319.96,407.59,483.87,294.74,392.68,273.03,261.84,239.03,14.68,17.13
04-02372,328.14,346.6,493.06,372.18,460.05,522.82,123.4,117.05,115.31,78.4,85.93
04-02373,402.34,325.53,418.42,418.8,240.05,383.99,224.19,187.8,182.28,45.75,41.92
04-02374,220.75,406.32,124.56,213.22,442.2,105.55,239.43,282.46,282.67,52.49,52.79
04-02375,341.11,455.38,375.13,319.37,481.87,390.71,325.66,277.43,286.12,11.99,10.72
04-02376,180.76,430.44,212.75,223.78,559.33,217.77,123.71,122.4,120.42,26.0,22.02
04-02377,434.29,319.16,190.66,371.16,211.1,174.98,170.66,167.8,173.85,54.64,51.64
04-02378,443.63,352.11,301.73,472.29,315.65,244.16,335.58,392.94,377.85,29.54,24.83
04-02379,424.04,300.17,225.54,422.91,301.38,200.05,96.52,106.2,105.39,66.47,68.57
04-02380,172.84,274.06,200.17,123.5,267.79,178.08,241.96,279.37,279.72,45.88,54.05
04-02381,152.78,258.8,113.53,132.8,303.41,132.46,173.37,167.38,174.37,70.7,70.09
04-02382,326.42,306.09,98.9,337.34,310.88,116.74,179.34,199.6,206.34,77.86,77.32
04-02383,388.14,201.21,482.74,393.91,258.83,505.29,337.45,397.66,374.98,68.68,66.01
04-02384,425.8,123.23,251.63,385.13,93.26,269.12,269.79,238.7,250.98,20.62,22.71
04-02385,418.03,416.15,459.06,367.52,496.85,489.88,413.65,408.61,394.31,32.54,35.66
04-02386,359.04,176.84,73.7,433.47,114.18,79.11,438.19,499.29,520.67,48.5,39.91
04-02387,140.85,368.31,102.74,112.15,361.72,88.34,316.79,300.46,319.42,24.75,25.59
04-02388,248.74,281.99,370.0,219.18,337.07,286.73,403.61,481.83,497.97,74.33,75.85
04-02389,128.57,146.73,412.72,169.66,225.91,422.31,200.14,188.7,205.66,42.6,35.68
04-02390,137.19,243.76,188.72,253.69,264.85,138.33,107.12,124.58,130.62,53.98,61.3
04-02391,399.91,432.27,195.8,308.58,390.3,171.46,426.57,356.02,324.44,49.51,48.06
04-02392,183.44,171.91,262.69,211.7,65.94,414.42,236.71,219.69,222.54,50.53,55.77
04-02393,201.34,267.49,338.72,143.02,172.17,284.49,148.81,124.98,119.42,43.2,45.34
04-02394,488.22,316.45,481.71,486.33,306.77,470.69,219.57,180.63,192.09,63.08,63.17
04-02395,205.32,373.43,115.74,311.46,242.46,112.12,342.03,348.37,332.58,55.72,63.01
04-02396,181.45,334.58,298.45,138.85,329.26,243.69,112.61,99.42,98.12,38.81,38.89
04-02397,341.36,171.74,69.5,405.22,210.14,157.23,196.67,194.09,181.3,10.47,11.96
04-02398,465.83,209.47,299.19,470.85,176.98,326.13,115.04,104.82,103.26,16.71,18.23
04-02399,249.64,415.03,240.94,329.44,420.51,259.26,340.48,340.37,371.65,75.66,79.74
04-02400,189.15,442.22,168.81,289.66,521.91,190.03,169.64,153.72,154.98,55.52,48.19
04-02401,276.98,299.32,273.54,350.22,272.92,223.8,151.15,150.86,139.48,25.11,29.51
04-02402,73.25,339.14,109.3,90.6,385.55,82.33,236.54,194.29,191.7,44.65,40.73
04-02403,431.43,470.5,494.2,373.57,431.75,485.86,163.02,167.84,158.67,48.22,45.54
04-02404,139.41,414.25,84.98,54.91,619.23,39.52,394.7,350.51,359.25,17.29,18.5
04-02405,471.98,148.35,158.47,526.75,232.08,168.2,307.83,252.57,241.9,34.68,38.79
04-02406,485.66,73.21,370.87,415.04,174.32,356.18,324.29,355.47,349.62,29.17,24.85
04-02407,481.68,188.89,189.15,509.87,262.64,160.22,246.69,244.63,237.03,36.54,42.57
04-02408,260.12,198.53,176.07,215.18,303.04,170.44,447.21,445.11,404.82,16.64,13.45
04-02409,120.08,69.85,484.88,145.37,0.0,497.26,193.7,210.28,225.31,58.31,67.94
04-02410,62.61,336.05,245.7,102.82,378.0,365.85,275.14,298.92,294.5,30.56,28.93
04-02411,446.61,191.58,426.83,467.38,236.02,506.56,216.34,199.29,217.67,64.83,68.3
04-02412,323.4,118.42,258.75,187.81,144.98,172.12,221.67,259.2,253.84,20.28,18.02
04-02413,450.2,238.69,171.75,462.3,265.4,137.73,290.88,282.2,264.84,45.3,53.09
04-02414,71.77,215.31,68.4,63.11,128.15,5.02,133.25,131.66,125.6,79.39,73.18
04-02415,146.97,474.21,159.42,163.79,492.4,165.77,293.03,278.99,287.34,55.24,59.14
04-02416,426.15,291.5,243.07,380.02,337.38,308.01,400.2,436.41,449.61,34.0,38.52
04-02417,350.96,129.6,89.29,352.37,150.15,66.14,104.28,124.73,115.26,18.73,17.06
04-02418,332.89,459.88,299.49,317.02,432.59,332.73,309.67,335.03,329.53,65.18,70.53
04-02419,491.15,393.34,63.92,477.02,298.68,20.16,279.05,290.79,274.64,71.92,80.95
04-02420,247.52,212.84,215.68,206.86,167.14,222.46,114.09,131.35,127.35,30.1,35.86
04-02421,336.7,359.26,217.06,265.05,310.55,322.47,385.61,325.35,342.96,64.32,60.47
04-02422,159.75,136.43,269.21,104.85,161.19,330.78,261.99,282.59,310.37,13.4,13.96
04-02423,247.54,144.46,286.37,260.41,181.14,280.51,165.02,167.2,177.16,65.81,68.96
04-02424,139.01,416.16,66.07,124.01,486.95,5.47,171.24,190.03,193.69,18.54,21.76
04-02425,229.12,173.85,223.16,210.89,344.65,273.83,415.74,487.17,442.55,14.88,12.42
04-02426,428.82,82.28,350.22,383.54,97.84,357.03,371.84,407.54,426.55,18.94,22.55
04-02427,95.34,282.4,128.38,52.84,277.81,135.32,122.89,139.31,133.23,22.91,20.54
04-02428,370.29,264.61,189.26,404.47,155.55,41.3,276.45,331.47,324.3,70.7,81.26
04-02429,338.39,323.12,456.95,323.79,300.53,432.09,193.57,209.52,194.58,46.18,43.66
04-02430,222.45,198.11,245.33,188.7,230.44,291.12,153.0,124.6,120.58,65.67,71.49
04-02431,180.79,145.49,112.95,181.65,160.77,125.52,313.11,292.82,316.99,43.7,36.19
04-02432,334.06,82.87,146.61,290.32,78.37,207.64,323.93,311.98,295.11,36.88,35.57
04-02433,113.36,183.24,482.73,134.24,159.58,420.69,290.9,250.6,243.41,10.6,9.8
04-02434,106.28,436.65,288.19,119.85,356.79,317.3,200.96,215.89,214.5,42.61,34.87
04-02435,339.4,79.49,225.41,229.62,68.76,198.7,446.0,371.44,357.95,40.02,45.92
04-02436,69.59,449.39,432.69,31.94,494.26,526.28,392.15,466.49,455.17,65.05,76.12
04-02437,253.04,431.99,246.06,280.94,375.81,285.12,200.06,230.34,210.2,39.59,32.35
04-02438,300.93,437.3,246.17,366.07,489.69,327.47,175.88,192.54,176.92,50.86,46.32
04-02439,350.1,103.88,490.14,224.08,138.79,398.42,125.81,146.56,133.91,11.04,12.04
04-02440,386.33,315.69,455.97,370.06,375.88,458.66,208.89,199.63,188.61,73.0,79.69
04-02441,272.25,324.45,69.71,325.41,421.65,171.71,449.08,414.83,395.64,44.24,49.12
04-02442,435.06,182.73,398.73,423.61,86.06,479.45,194.8,170.06,176.91,22.87,19.8
04-02443,418.64,389.7,102.61,406.25,324.62,85.25,415.96,454.98,463.55,68.01,75.98
04-02444,413.43,134.61,340.32,417.92,108.82,353.83,364.99,309.64,307.83,55.92,56.21
04-02445,198.61,436.07,128.23,162.43,437.04,58.57,282.12,268.5,245.41,23.31,18.69
04-02446,72.11,286.46,379.28,40.49,367.06,344.3,132.82,149.19,151.18,60.39,57.27
04-02447,298.58,260.28,246.0,309.8,165.1,159.5,267.39,226.91,209.94,28.9,29.21
04-02448,88.71,74.68,233.17,132.55,23.71,301.73,426.28,502.39,533.22,35.09,28.69
04-02449,437.71,202.15,327.68,374.47,218.73,265.46,218.05,215.8,220.59,42.12,44.42
04-02450,131.95,154.64,68.14,39.85,177.95,173.28,246.15,282.51,287.32,27.39,26.85
04-02451,161.34,173.86,496.72,87.28,185.51,458.91,231.73,193.75,195.62,17.94,16.08
04-02452,243.62,339.21,93.37,173.5,303.01,91.11,91.28,95.01,87.83,18.22,16.88
04-02453,157.78,413.59,445.02,133.58,363.96,489.34,306.34,351.38,373.88,32.58,28.27
04-02454,455.37,203.28,340.59,413.96,193.53,433.98,370.24,329.29,342.37,56.63,45.48
04-02455,285.51,173.24,361.12,186.91,170.4,325.61,336.13,318.32,330.79,67.54,65.4
04-02456,154.45,205.85,75.32,214.98,293.6,188.56,227.34,252.35,239.32,37.15,41.58
04-02457,189.48,93.57,71.51,176.81,33.31,0.0,184.82,214.91,220.59,71.68,79.08
04-02458,290.22,458.65,82.26,306.95,509.9,136.84,311.79,344.39,370.4,55.3,49.33
04-02459,69.06,172.97,341.58,170.54,237.43,327.48,191.04,156.8,156.35,25.56,30.64
04-02460,357.59,246.32,122.49,319.0,285.06,34.37,303.16,277.27,263.01,45.67,46.96
04-02461,429.86,381.6,379.88,444.8,491.07,355.17,404.89,478.93,452.57,25.35,21.04
04-02462,325.25,317.7,389.47,355.83,273.86,358.59,358.83,334.66,362.93,43.47,49.31
04-02463,66.42,81.42,76.42,61.73,43.23,0.0,386.65,407.52,427.84,76.56,66.79
04-02464,193.45,404.21,126.99,204.9,477.1,217.22,168.03,161.38,166.88,36.17,42.09
04-02465,314.2,470.78,77.66,336.66,427.0,134.84,121.68,137.8,126.2,52.48,47.28
04-02466,112.99,412.66,420.15,173.54,334.89,445.65,300.4,277.06,277.44,39.53,43.82
04-02467,245.23,473.56,338.99,256.31,418.57,254.22,193.92,223.2,201.34,30.92,32.1
04-02468,103.11,443.69,453.35,132.58,610.48,346.41,385.28,326.74,327.28,23.16,23.21
04-02469,216.79,448.5,138.28,218.34,391.19,150.76,235.44,265.47,272.22,19.1,17.72
04-02470,209.11,86.88,81.06,112.2,112.7,109.53,205.46,172.5,162.68,57.24,61.1
04-02471,226.08,289.12,99.22,232.57,135.12,30.87,335.96,325.57,296.6,15.99,17.92
04-02472,405.32,235.0,397.53,361.72,298.0,397.7,93.57,106.34,98.22,14.96,15.01
04-02473,446.53,435.34,291.22,357.33,446.74,354.27,198.33,173.34,156.07,64.33,61.87
04-02474,74.61,149.56,157.71,177.66,155.69,38.58,234.69,247.18,267.87,37.05,32.35
04-02475,79.19,462.92,264.58,40.66,492.94,258.78,307.88,340.47,315.36,23.08,18.81
04-02476,221.87,168.61,338.97,124.46,232.55,401.16,259.69,224.04,241.94,17.88,20.63
04-02477,348.12,138.13,191.18,387.69,58.07,224.58,228.88,272.92,262.43,64.99,56.28
04-02478,167.53,443.1,455.13,218.34,384.01,301.01,83.22,86.81,79.08,13.11,11.46
04-02479,431.84,328.91,85.46,453.24,294.16,0.0,156.84,174.08,173.57,63.57,73.89
04-02480,402.66,373.43,192.3,431.34,320.69,177.33,211.14,228.97,239.38,15.71,14.9
04-02481,79.81,400.12,264.94,96.82,509.41,240.34,381.72,456.69,485.84,64.75,68.7
04-02482,162.06,194.45,239.36,107.51,241.64,271.24,97.68,107.94,112.07,46.25,45.33
04-02483,409.32,203.76,436.44,401.42,229.22,510.18,243.24,209.32,228.38,50.39,53.5
04-02484,271.03,420.81,341.49,253.66,506.61,346.7,260.87,305.28,285.18,15.79,17.03
04-02485,314.34,396.51,453.09,154.76,449.33,492.11,185.1,175.25,186.69,12.71,13.36
04-02486,441.1,427.35,96.79,496.98,481.75,58.18,139.67,124.32,124.44,27.58,23.34
04-02487,367.64,139.64,187.01,384.74,125.94,212.79,293.89,334.28,338.69,40.08,47.74
04-02488,455.33,68.3,430.43,393.81,116.04,469.0,337.2,285.0,304.54,52.42,49.07
04-02489,241.13,221.88,417.71,201.46,242.51,396.32,406.4,356.64,356.36,45.26,49.79
04-02490,119.8,482.36,151.56,67.73,445.46,209.86,358.78,365.16,371.93,51.89,51.35
04-02491,114.27,104.95,424.58,130.94,113.33,486.78,342.41,382.99,416.42,29.62,25.03
04-02492,64.78,172.12,156.11,200.32,236.55,180.04,322.87,272.42,267.94,48.04,49.1
04-02493,276.62,274.0,322.19,343.65,303.08,199.1,435.03,428.82,401.67,78.86,78.47
04-02494,354.73,254.87,201.22,372.32,154.46,126.25,302.42,251.3,238.97,57.09,54.42
04-02495,375.54,480.95,277.68,367.46,477.32,332.33,324.94,359.54,385.31,71.65,82.19
04-02496,446.02,225.48,416.14,388.13,260.08,426.87,97.53,107.67,107.71,51.08,45.81
04-02497,363.04,326.11,416.7,378.46,376.68,372.23,416.09,491.21,485.76,15.18,12.76
04-02498,281.73,474.14,101.89,192.59,510.83,0.0,314.57,255.36,251.88,37.49,43.55
04-02499,199.27,327.12,415.05,223.02,433.53,391.08,439.9,353.08,358.87,42.0,48.63
04-02500,207.45,160.62,181.75,197.98,133.18,272.73,311.65,352.52,327.03,13.93,15.51
04-02501,315.9,103.52,379.45,412.18,178.21,474.54,354.52,368.24,361.44,60.98,71.7
04-02502,72.27,185.76,455.45,108.39,85.59,469.11,438.33,460.59,462.4,10.53,11.8
04-02503,120.51,466.22,154.81,158.28,636.47,282.25,226.82,188.41,170.27,11.66,10.52
04-02504,139.01,490.23,470.78,208.36,503.21,584.16,159.03,132.65,132.81,25.29,25.07
04-02505,370.62,411.29,67.18,320.02,392.14,142.77,293.63,300.2,273.72,74.48,70.56
04-02506,440.05,458.68,192.05,467.26,573.54,192.72,364.8,416.74,440.72,57.8,61.66
04-02507,487.0,190.07,429.02,434.64,249.02,413.8,282.4,300.95,317.49,43.54,44.49
04-02508,114.09,143.44,340.52,33.61,91.57,347.83,409.52,444.32,407.14,64.75,54.59
04-02509,78.53,318.85,213.98,125.68,256.33,237.57,294.05,343.74,324.14,59.18,61.28
04-02510,177.84,273.28,243.86,135.07,195.5,190.43,409.47,413.13,448.52,58.72,52.35
04-02511,169.34,81.31,481.81,250.07,73.14,454.46,268.06,314.17,344.76,39.0,32.43
04-02512,415.87,413.9,427.38,317.79,513.34,454.55,316.23,261.09,240.78,31.11,33.0
04-02513,133.38,236.93,469.56,145.47,172.12,516.18,222.91,191.75,172.9,53.53,51.18
04-02514,158.9,236.46,367.61,93.48,154.21,326.57,220.21,201.34,213.4,75.1,89.83
04-02515,329.97,244.85,456.33,319.42,211.9,431.82,312.02,256.2,256.43,24.08,25.08
04-02516,462.89,481.31,70.09,397.37,456.76,143.13,105.96,86.33,90.62,27.84,30.01
04-02517,203.17,457.21,210.61,243.01,448.1,244.89,217.67,178.39,169.41,24.58,22.98
04-02518,186.82,207.06,165.21,161.12,105.5,170.75,174.62,140.38,135.28,66.66,60.57
04-02519,150.15,274.77,466.12,61.17,220.96,510.61,362.96,373.76,373.27,11.08,12.05
04-02520,247.8,485.86,150.92,266.67,465.2,193.28,110.27,102.81,112.41,20.0,20.33
04-02521,381.05,458.27,346.98,337.0,470.26,317.99,242.35,274.19,288.61,40.38,46.52
04-02522,484.19,209.98,244.88,535.87,169.16,271.32,415.38,333.45,321.06,67.09,70.05
04-02523,116.91,145.45,77.97,77.77,143.85,73.81,117.89,116.61,105.72,28.75,27.14
04-02524,487.33,63.07,219.53,543.26,0.09,267.79,205.25,217.23,237.78,12.9,14.56
04-02525,126.58,475.39,340.22,233.96,525.44,404.1,249.0,236.26,252.06,19.19,17.73
04-02526,442.08,88.41,326.08,466.36,76.83,419.94,217.47,230.45,231.43,32.87,37.37
04-02527,97.66,342.41,381.77,147.92,420.36,405.89,326.86,293.15,279.79,11.22,11.18
04-02528,249.74,74.77,228.16,204.65,111.54,177.93,322.02,343.66,329.89,22.43,19.0
04-02529,267.83,471.03,66.54,288.84,425.05,83.55,320.15,362.11,329.51,52.9,58.66
04-02530,117.35,471.7,241.73,211.37,331.08,273.91,151.95,139.1,139.28,61.17,62.77
04-02531,497.16,483.52,400.82,471.77,382.59,403.14,295.0,285.72,301.3,65.94,75.97
04-02532,253.06,381.74,159.98,276.34,420.35,206.34,261.1,284.07,284.23,76.52,65.86
04-02533,363.65,276.9,338.72,392.92,279.83,384.33,244.41,274.97,271.46,29.43,26.64
04-02534,179.21,324.28,214.34,321.59,365.24,232.48,357.37,290.41,306.07,66.36,75.3
04-02535,238.09,484.69,353.76,233.23,425.39,319.84,204.08,211.34,217.85,35.36,41.48
04-02536,129.3,243.68,492.8,108.61,284.54,503.05,250.61,209.97,227.14,49.63,49.01
04-02537,275.0,244.17,271.81,326.87,286.94,237.8,361.12,377.78,382.14,73.49,85.93
04-02538,338.28,195.95,491.68,148.94,215.18,476.5,386.91,406.28,426.57,45.97,44.62
04-02539,126.97,195.51,389.91,187.45,157.85,466.54,205.99,192.33,190.01,52.74,50.8
04-02540,170.1,303.94,155.68,217.58,393.17,99.86,157.54,137.29,137.09,60.9,60.75
04-02541,215.6,342.21,164.86,202.32,309.4,116.47,345.34,290.74,280.7,59.41,59.38
04-02542,99.13,182.02,203.37,167.54,175.57,188.31,183.9,148.05,138.98,48.61,46.58
04-02543,266.92,145.36,441.26,253.84,181.76,394.61,424.67,424.07,402.48,52.6,52.43
04-02544,121.61,232.64,310.47,96.74,276.72,334.26,157.26,161.62,177.21,28.47,22.85
04-02545,449.64,313.45,480.29,376.17,214.86,553.69,295.25,238.8,222.12,48.97,40.06
04-02546,66.86,421.37,323.6,0.0,363.68,377.16,288.65,344.54,339.83,56.06,65.26
04-02547,66.62,106.87,488.4,53.03,286.69,365.99,195.87,196.18,205.2,78.83,64.46
04-02548,412.66,479.15,434.14,387.17,333.64,505.26,348.06,403.5,393.52,52.2,52.85
04-02549,475.89,352.38,128.14,473.98,345.68,75.99,86.41,90.93,86.46,13.39,15.2
04-02550,291.76,253.05,248.29,341.06,362.39,239.7,110.19,120.93,129.15,76.86,89.11
04-02551,319.74,124.46,451.44,389.5,53.77,381.04,380.37,349.49,330.28,68.01,59.82
04-02552,181.15,239.11,427.38,189.55,327.4,499.6,274.2,287.74,262.94,56.09,58.53
04-02553,288.29,140.3,242.71,286.01,79.16,283.35,261.27,271.51,260.83,19.16,17.1
04-02554,413.98,70.47,306.58,414.16,64.03,313.98,445.31,472.81,456.25,66.6,62.47
04-02555,372.94,281.24,168.68,490.25,220.25,196.19,314.08,275.85,257.13,70.28,56.85
04-02556,390.56,286.53,450.16,422.38,224.33,491.96,396.16,462.07,444.7,69.93,69.7
04-02557,243.1,392.59,203.63,282.58,330.41,193.83,218.12,199.2,190.72,40.37,35.64
04-02558,223.91,283.13,283.54,238.39,259.3,364.46,328.3,385.09,349.89,41.41,46.78
04-02559,64.76,439.73,171.32,0.0,505.98,230.63,442.08,435.0,446.89,70.18,83.06
04-02560,451.11,423.02,374.41,391.33,415.52,339.25,243.33,200.77,199.14,47.02,52.68
04-02561,219.16,239.66,179.82,220.0,154.88,196.8,194.19,175.64,158.43,72.13,63.33
04-02562,397.8,120.92,206.59,494.99,151.31,197.02,221.21,186.96,171.77,72.4,82.73
04-02563,67.91,166.71,368.35,91.32,185.39,350.65,341.14,342.84,345.43,25.7,29.55
04-02564,393.25,325.94,232.06,448.34,286.2,238.35,193.05,182.59,192.07,53.52,45.16
04-02565,67.44,291.63,116.43,158.17,313.13,191.13,336.36,327.93,325.44,21.41,22.98
04-02566,106.54,258.61,185.31,150.72,326.13,182.02,258.08,234.19,252.22,13.08,13.57
04-02567,466.52,375.94,373.13,600.74,378.65,337.73,449.54,436.81,439.88,42.58,44.28
04-02568,287.03,355.96,327.82,317.47,392.21,315.72,138.45,156.5,168.43,47.32,48.48
04-02569,210.6,89.57,258.26,163.15,127.86,303.16,402.93,452.37,426.32,75.45,86.84
04-02570,319.24,209.67,341.15,286.35,194.49,316.47,388.62,391.61,405.9,48.6,53.92
04-02571,387.71,306.09,176.31,375.55,339.49,98.95,239.66,228.77,229.63,21.66,24.73
04-02572,488.83,366.58,178.57,504.81,371.99,208.27,91.77,109.56,109.83,14.14,16.9
04-02573,442.61,111.53,436.21,403.59,111.66,477.3,294.22,273.15,299.71,75.43,82.77
04-02574,383.7,128.58,82.88,441.62,74.93,134.19,194.92,206.56,194.04,46.78,39.16
04-02575,170.08,187.66,270.5,19.17,234.89,267.71,278.91,305.0,287.51,31.99,30.75
04-02576,81.13,171.3,316.72,169.46,213.13,343.3,293.16,274.21,263.44,43.99,52.33
04-02577,297.95,135.55,248.43,380.65,106.4,277.88,152.11,163.34,157.76,79.61,67.29
04-02578,159.45,306.07,83.95,168.49,287.11,179.7,259.32,295.37,270.8,56.36,49.46
04-02579,355.83,286.5,468.39,326.79,349.61,454.18,163.72,141.77,131.47,48.76,39.86
04-02580,439.63,197.45,100.85,491.56,238.59,82.87,410.98,350.84,380.5,29.99,30.01
04-02581,371.31,240.26,393.28,471.01,186.51,434.77,108.25,107.6,98.43,41.28,33.12
04-02582,207.35,285.35,326.12,227.56,374.69,418.91,202.52,225.21,223.54,32.34,36.66
04-02583,337.28,81.48,368.12,317.94,0.0,439.47,154.65,153.43,161.99,61.36,69.72
04-02584,489.49,236.02,445.94,500.08,198.9,392.0,145.94,144.56,140.4,71.3,84.61
04-02585,494.62,440.88,111.0,453.43,438.86,33.17,280.62,239.78,218.03,78.23,75.51
04-02586,261.59,301.97,307.95,215.01,353.52,248.42,342.29,338.32,360.63,40.77,38.39
04-02587,195.79,342.14,312.98,54.67,373.88,323.33,255.97,213.89,212.73,23.29,26.48
04-02588,66.79,117.1,357.28,37.23,82.05,290.05,119.87,118.32,110.22,41.24,45.31
04-02589,349.65,470.92,155.39,359.17,444.58,166.39,270.85,230.43,233.82,36.18,42.82
04-02590,412.71,174.26,471.31,336.49,122.96,450.95,420.09,413.0,412.21,35.13,41.38
04-02591,210.41,215.61,155.69,250.66,251.56,154.56,389.34,365.06,379.75,30.32,33.94
04-02592,242.86,311.46,137.63,147.31,352.37,112.01,372.85,441.2,463.17,51.33,41.34
04-02593,189.27,418.44,207.43,220.16,439.28,215.79,160.62,181.27,192.0,23.66,25.97
04-02594,189.28,229.89,227.44,213.39,318.72,207.54,406.48,471.32,449.18,21.96,20.63
04-02595,184.66,464.5,276.73,179.32,471.17,340.71,87.06,91.37,92.47,19.65,23.31
04-02596,492.84,259.86,363.89,537.85,338.3,386.63,198.88,217.41,205.22,12.33,13.94
04-02597,194.09,401.73,119.05,177.88,498.45,164.3,264.45,277.41,275.32,22.29,26.65
04-02598,419.41,496.95,238.91,429.04,471.52,208.15,429.37,428.28,387.99,66.33,55.92
04-02599,132.36,237.95,301.23,102.88,346.12,343.4,148.73,161.21,162.77,70.29,72.77
04-02600,449.13,277.62,130.46,410.57,323.52,85.65,285.95,330.12,298.3,58.58,63.77
04-02601,217.27,323.8,182.66,333.89,347.74,145.97,289.04,280.29,301.97,64.11,58.95
04-02602,162.49,68.89,320.52,71.87,80.59,428.45,104.8,101.11,95.34,47.55,45.9
04-02603,304.42,491.18,132.51,359.09,555.99,85.78,437.29,450.98,456.32,35.31,29.85
04-02604,271.19,288.71,236.69,259.47,323.62,284.39,239.2,231.79,227.44,61.55,73.07
04-02605,71.34,348.37,248.56,39.22,317.66,268.98,234.0,210.16,220.34,72.39,81.23
04-02606,75.68,278.36,107.65,18.72,326.91,101.84,285.99,229.98,233.62,18.08,17.88
04-02607,219.91,251.7,238.35,284.04,384.38,289.26,247.82,220.04,206.58,64.41,62.7
04-02608,429.18,194.73,364.92,462.91,247.49,458.13,355.19,420.35,449.69,27.76,24.86
04-02609,484.64,241.45,442.96,484.28,312.09,469.6,282.35,299.16,272.6,79.18,76.02
04-02610,382.44,329.43,271.05,273.3,389.0,300.31,442.43,382.48,393.7,26.94,26.64
04-02611,97.85,181.29,323.95,126.78,189.81,176.84,321.11,361.93,393.53,71.64,77.77
04-02612,365.58,337.33,115.51,423.94,407.85,176.66,151.75,153.66,166.6,41.63,38.64
04-02613,428.2,165.09,315.23,363.83,125.21,253.35,183.6,205.26,221.77,77.39,81.35
04-02614,92.11,279.96,252.52,55.13,225.89,215.4,193.23,217.59,201.8,20.96,20.95
04-02615,266.55,190.26,320.08,311.67,217.34,293.15,183.46,148.08,152.63,10.6,11.74
04-02616,274.99,231.74,437.51,261.57,188.14,481.0,386.36,353.58,386.32,38.61,45.01
04-02617,213.46,118.87,208.59,219.16,268.92,237.16,339.97,343.57,359.08,33.81,28.74
04-02618,455.59,259.88,87.44,502.41,345.67,76.95,131.31,114.06,106.99,65.75,56.4
04-02619,483.71,335.21,166.62,478.74,342.26,117.68,353.02,389.77,394.24,45.99,39.01
04-02620,442.8,474.49,71.45,342.73,530.42,169.15,134.52,138.81,151.06,25.32,21.61
04-02621,172.83,199.47,455.96,151.96,194.74,463.8,281.31,278.43,303.18,10.23,9.98
04-02622,348.17,145.52,371.19,370.37,188.25,355.67,438.33,461.76,463.25,68.43,64.92
04-02623,488.63,301.89,311.32,451.87,231.17,467.94,80.54,83.16,77.56,47.53,50.24
04-02624,196.66,395.58,68.41,180.88,418.22,225.01,112.17,96.28,99.85,45.29,45.92
04-02625,181.57,260.32,76.86,234.8,275.36,43.04,434.09,504.42,533.55,63.8,54.6
04-02626,456.93,461.75,194.02,547.6,530.94,148.58,204.89,213.07,202.18,61.06,59.92
04-02627,423.05,398.94,223.72,371.34,427.59,228.14,330.4,343.26,374.95,69.34,62.32
04-02628,260.04,235.71,342.62,254.07,218.66,398.75,365.59,387.46,360.92,14.34,16.18
04-02629,89.3,98.58,347.3,132.11,90.01,329.42,347.44,404.16,430.3,29.94,35.07
04-02630,251.61,193.02,160.29,280.66,286.57,124.6,252.63,224.17,217.64,21.45,20.38
04-02631,252.2,280.19,65.46,363.08,395.32,0.0,192.76,190.66,184.39,54.17,50.25
04-02632,235.48,128.87,136.68,281.51,111.96,41.1,173.09,185.07,201.01,20.46,22.02
04-02633,154.59,225.79,147.32,183.23,134.52,190.87,278.17,266.3,247.33,68.46,76.24
04-02634,189.8,140.58,365.27,214.56,0.0,297.38,440.29,515.08,524.32,12.21,14.42
04-02635,299.15,62.76,206.48,260.37,0.0,287.15,189.37,187.07,187.38,67.4,58.04
04-02636,163.11,155.81,449.63,168.53,132.93,495.1,219.38,221.39,205.03,79.46,87.66
04-02637,343.72,249.8,200.92,425.08,291.95,176.43,382.99,420.91,435.98,54.06,43.96
04-02638,183.35,362.48,89.86,187.67,391.73,123.47,295.02,315.82,336.49,34.91,34.65
04-02639,85.4,434.6,85.73,41.38,326.91,150.93,301.98,301.65,291.94,12.34,10.53
04-02640,389.34,168.69,330.7,445.81,204.86,297.66,199.19,164.42,164.03,23.64,27.25
04-02641,372.59,97.23,210.33,401.54,2.51,246.29,174.75,157.18,154.48,62.79,53.63
04-02642,227.39,149.44,415.87,244.27,91.93,373.8,415.79,337.5,321.53,49.35,51.59
04-02643,427.26,306.34,285.28,439.09,258.6,317.42,297.57,247.06,254.35,46.61,37.93
04-02644,431.92,82.21,409.62,383.12,20.52,366.04,394.68,386.57,402.89,12.75,11.43
04-02645,186.53,280.15,338.83,197.54,264.78,304.76,325.16,331.08,307.25,46.16,52.57
04-02646,98.51,252.71,367.27,140.53,287.48,398.58,256.62,276.3,272.64,62.81,68.88
04-02647,113.83,368.12,384.62,160.76,372.21,393.75,442.32,457.65,430.67,14.18,12.89
04-02648,322.71,384.04,231.74,467.13,345.32,193.0,325.65,303.29,280.37,39.53,41.27
04-02649,462.2,373.27,307.98,405.75,437.23,306.0,308.72,309.57,301.31,62.25,52.34
04-02650,352.59,442.1,184.86,479.86,458.82,175.5,275.23,304.66,312.85,49.99,49.6
04-02651,251.68,368.83,254.48,352.68,410.42,229.13,326.59,294.29,284.47,13.15,13.64
04-02652,368.32,67.34,296.45,390.49,85.07,289.65,200.01,210.01,225.75,58.21,53.47
04-02653,277.8,260.37,229.15,263.46,355.16,132.98,432.84,357.01,337.79,70.25,83.77
04-02654,83.94,256.44,90.54,43.79,254.61,197.19,104.23,87.91,86.81,14.12,15.73
04-02655,269.73,138.36,81.46,188.94,125.93,122.05,220.63,258.94,256.76,78.29,74.5
04-02656,437.7,79.91,232.2,447.64,109.52,309.15,116.18,101.55,100.75,32.35,26.14
04-02657,364.24,250.88,218.86,472.24,222.32,209.6,177.58,198.07,180.85,20.65,21.62
04-02658,249.82,201.55,89.38,245.87,153.46,126.65,446.55,401.51,422.0,23.12,24.08
04-02659,91.21,448.36,135.02,81.37,536.18,281.49,102.34,82.01,81.78,35.65,37.74
04-02660,60.98,372.33,106.44,19.78,314.98,185.78,386.55,364.71,343.48,33.4,28.46
04-02661,426.62,60.75,303.47,364.58,35.31,307.26,227.53,227.01,213.3,74.8,72.63
04-02662,395.49,392.44,363.84,422.63,457.38,312.54,404.01,416.72,376.1,75.09,81.31
04-02663,323.49,159.68,135.65,356.79,121.99,300.62,114.75,130.26,143.09,34.22,31.05
04-02664,384.1,403.59,70.74,358.98,477.72,0.0,191.0,215.42,228.29,38.99,34.64
04-02665,456.1,79.91,173.92,417.8,131.92,149.08,328.71,329.38,322.0,14.42,14.98
04-02666,172.6,264.73,316.27,238.85,185.39,256.52,236.36,273.21,291.32,26.48,28.58
04-02667,96.07,90.05,175.63,189.76,126.69,204.72,263.37,271.19,244.97,73.94,81.42
04-02668,411.87,189.71,462.76,479.26,207.64,468.25,368.1,373.4,357.81,51.86,48.95
04-02669,207.73,162.97,476.2,207.51,160.82,433.68,252.74,291.17,266.18,64.69,63.54
04-02670,220.47,353.2,460.44,189.98,394.28,509.53,223.81,226.31,205.42,68.32,75.85
04-02671,97.05,168.78,122.55,80.36,116.98,15.28,173.71,196.07,199.43,10.18,11.41
04-02672,367.85,342.96,490.95,417.02,269.96,474.31,257.38,219.53,199.15,60.15,57.0
04-02673,313.06,121.07,74.55,284.81,21.07,134.51,270.22,309.37,291.91,11.0,12.0
04-02674,380.38,428.65,156.06,324.16,444.61,274.25,402.28,405.32,400.86,73.74,83.06
04-02675,324.42,190.02,290.34,327.93,185.56,348.1,385.29,426.14,438.67,65.81,54.15
04-02676,158.4,69.58,372.07,173.05,0.0,471.68,107.21,87.06,95.66,48.65,45.57
04-02677,299.57,83.16,434.11,369.29,91.13,412.74,413.28,412.7,407.24,55.6,64.82
04-02678,492.87,326.05,160.39,574.79,387.14,130.53,150.41,143.37,157.06,73.84,75.58
04-02679,208.63,475.42,134.58,209.77,439.5,185.62,352.12,406.73,439.15,59.24,69.37
04-02680,320.5,64.45,491.79,272.48,148.85,409.08,331.27,389.73,403.67,74.84,83.18
04-02681,420.11,343.18,129.5,367.04,407.82,97.91,425.97,358.09,384.52,33.83,30.59
04-02682,112.69,492.04,299.72,83.61,487.7,333.32,119.56,107.6,104.8,73.58,67.88
04-02683,433.06,334.73,367.66,373.99,399.18,327.92,441.97,493.75,486.68,76.23,72.74
04-02684,406.91,257.18,327.32,505.27,265.62,298.45,153.81,126.98,123.01,55.84,51.56
04-02685,422.01,104.33,131.09,435.07,130.87,49.86,311.78,272.14,281.13,75.33,73.32
04-02686,303.43,384.55,165.73,376.11,398.69,144.27,293.8,275.46,254.44,46.18,47.91
04-02687,379.82,108.41,404.51,296.59,0.0,416.45,223.86,222.39,236.59,77.72,66.28
04-02688,489.32,437.78,93.8,594.8,322.26,66.33,138.23,141.82,144.5,44.38,45.08
04-02689,299.25,477.47,336.57,271.57,436.52,401.13,187.99,172.99,181.88,44.57,50.71
04-02690,218.66,345.66,136.81,248.22,347.49,49.7,362.05,293.75,313.23,65.11,67.13
04-02691,476.91,490.78,383.85,513.59,491.56,334.4,350.73,311.62,322.55,42.74,44.62
04-02692,488.19,337.98,417.05,636.88,320.16,442.89,371.43,366.68,366.67,76.19,90.52
04-02693,242.49,425.29,194.51,268.61,531.66,253.45,292.3,349.45,376.31,36.32,39.02
04-02694,375.43,121.46,408.42,354.05,215.28,469.99,405.78,446.39,417.52,43.1,50.07
04-02695,320.23,171.62,95.28,365.64,260.77,63.66,335.66,379.93,369.75,33.61,30.75
04-02696,131.78,246.69,160.04,263.05,225.75,282.2,265.49,312.09,302.09,17.11,14.09
04-02697,335.26,451.23,261.64,319.66,412.41,228.57,228.28,224.93,223.99,16.25,18.85
04-02698,344.04,328.58,297.53,334.7,327.48,292.94,231.77,263.6,269.72,78.11,88.33
04-02699,479.48,243.8,125.79,505.95,185.55,48.69,422.63,379.45,405.87,38.11,33.44
04-02700,119.62,484.85,135.27,179.4,457.2,110.63,417.43,340.55,372.79,35.4,29.88
04-02701,370.54,334.44,293.13,409.43,327.32,350.05,422.27,351.79,374.26,64.0,54.5
04-02702,164.18,123.17,345.47,177.52,142.22,259.74,375.43,377.79,377.4,63.69,67.48
04-02703,132.18,300.1,405.44,192.01,393.33,318.94,170.54,193.01,188.55,24.96,26.21
04-02704,380.87,234.48,410.12,298.49,251.43,276.0,413.33,465.77,456.16,22.4,25.32
04-02705,174.08,215.25,147.52,148.76,156.22,133.72,202.22,223.26,204.95,30.76,25.85
04-02706,367.52,263.12,315.54,351.36,298.71,292.1,325.33,297.8,268.47,21.74,21.89
04-02707,331.99,360.94,453.53,345.78,385.21,440.35,400.21,339.94,312.42,50.96,49.78
04-02708,437.11,339.68,182.48,485.66,341.47,199.49,254.27,238.26,219.62,47.57,49.23
04-02709,371.93,114.17,343.85,355.97,108.75,350.64,370.57,333.42,352.65,21.36,17.85
04-02710,159.01,112.37,135.28,203.41,107.96,151.71,348.15,306.93,283.65,73.54,69.64
04-02711,125.21,393.07,158.67,189.52,369.72,79.87,171.64,167.86,165.49,23.06,23.8
04-02712,234.3,408.31,289.04,224.9,418.25,197.69,177.78,168.76,152.98,26.47,30.61
04-02713,258.52,455.94,204.73,213.35,358.67,91.39,266.92,253.27,252.23,68.19,80.36
04-02714,205.87,346.4,298.92,180.38,369.98,281.1,333.27,318.45,335.18,14.93,13.78
04-02715,414.12,273.13,73.07,519.26,195.68,45.02,282.69,320.67,328.44,55.0,45.81
04-02716,189.1,233.51,322.22,115.5,293.56,316.16,340.01,354.28,373.61,64.9,57.93
04-02717,388.06,433.28,252.51,373.8,455.0,281.34,355.85,356.96,347.32,76.95,62.23
04-02718,376.87,275.03,83.84,234.74,244.96,54.89,164.05,195.86,194.27,51.8,50.36
04-02719,475.84,79.16,275.64,475.14,18.09,283.12,249.69,295.56,282.77,61.84,64.45
04-02720,260.95,254.08,396.35,214.77,240.57,436.17,273.69,273.83,277.88,25.42,28.88
04-02721,113.45,135.64,419.44,175.76,22.15,502.6,356.03,366.11,392.39,77.52,84.63
04-02722,126.05,366.11,253.16,128.13,290.16,357.74,225.17,242.25,231.13,64.12,73.17
04-02723,181.68,470.59,218.05,349.64,533.4,127.45,280.46,245.1,256.88,67.72,70.58
04-02724,375.4,192.8,422.37,327.93,299.08,495.28,202.38,202.78,192.72,16.28,19.01
04-02725,332.43,239.87,172.6,389.6,336.54,198.64,128.39,131.92,135.52,74.9,88.08
04-02726,341.01,127.88,367.02,413.64,250.69,434.0,201.69,241.91,238.22,20.5,21.82
04-02727,249.51,131.04,194.21,322.99,58.21,183.59,106.45,87.86,95.41,69.74,72.31
04-02728,264.02,216.89,422.31,185.36,195.79,365.58,371.39,440.99,467.82,76.91,73.45
04-02729,167.25,214.19,168.26,153.92,225.83,181.67,156.33,157.0,147.24,11.34,10.89
04-02730,289.52,427.22,334.33,313.68,502.47,340.41,200.73,164.58,178.04,18.85,20.85
04-02731,483.61,148.88,193.52,521.45,90.9,262.26,128.69,148.35,162.32,59.82,53.74
04-02732,101.36,441.0,123.55,59.29,470.49,158.2,115.42,99.38,107.49,46.31,48.33
04-02733,148.52,146.43,332.35,86.98,252.7,384.74,260.28,277.94,250.29,53.22,45.21
04-02734,157.08,142.56,153.38,210.9,146.54,89.95,390.83,399.23,423.24,26.63,26.59
04-02735,62.3,248.73,199.38,53.05,231.08,159.2,352.64,375.42,395.78,68.33,69.56
04-02736,203.25,313.12,95.0,204.92,287.72,81.4,443.98,500.6,461.67,54.54,46.89
04-02737,160.29,452.6,82.57,118.55,497.26,120.2,194.39,207.83,211.63,65.26,68.25
04-02738,104.22,284.08,122.53,158.07,336.03,175.74,427.0,494.03,502.68,69.76,74.14
04-02739,178.91,139.67,373.54,140.62,198.1,351.08,165.43,175.45,192.98,67.8,76.1
04-02740,106.66,361.02,127.45,77.23,426.78,120.92,380.0,378.51,415.08,49.1,47.13
04-02741,165.2,175.84,472.01,155.88,103.0,455.4,223.33,254.76,238.78,54.21,55.63
04-02742,199.59,477.87,378.13,175.44,422.96,209.6,358.27,425.17,399.13,16.71,14.78
04-02743,206.51,94.36,442.51,249.95,134.34,362.13,260.43,267.85,278.78,44.12,38.51
04-02744,69.78,353.03,467.55,167.24,324.74,432.29,188.19,156.19,155.05,18.77,19.4
04-02745,167.22,354.95,331.5,168.87,397.32,423.08,179.13,165.34,158.93,16.53,13.63
04-02746,170.2,348.41,166.95,142.35,311.72,192.5,264.9,278.1,276.32,41.68,38.03
04-02747,126.39,388.62,220.81,180.98,422.38,219.66,381.48,420.97,390.75,34.36,33.56
04-02748,370.8,266.57,104.19,314.53,305.31,28.18,440.46,379.21,390.66,27.01,30.18
04-02749,272.06,309.86,241.12,236.23,298.39,168.99,396.01,434.98,458.09,15.16,18.14
04-02750,86.44,94.16,389.64,209.94,118.2,451.3,210.94,186.32,179.92,20.9,24.18
04-02751,334.79,278.12,99.58,431.08,246.82,187.79,440.87,446.82,446.21,24.27,23.57
04-02752,335.9,141.7,177.08,357.75,95.54,144.29,409.17,369.63,369.83,75.57,86.2
04-02753,216.17,304.77,490.24,170.45,248.67,560.66,342.72,350.38,364.09,53.94,62.59
04-02754,242.29,120.72,65.6,306.3,122.98,49.27,273.38,232.31,227.71,77.38,89.61
04-02755,215.15,288.46,352.16,254.41,309.15,257.86,155.62,153.92,141.02,12.24,13.6
04-02756,109.71,480.8,296.18,69.7,362.22,421.58,267.21,239.83,251.3,37.19,39.75
04-02757,351.5,151.8,246.41,313.69,163.11,218.82,214.42,234.96,248.44,54.19,54.74
04-02758,420.24,83.79,329.55,478.03,45.01,293.22,394.53,467.18,464.46,59.1,66.77
04-02759,397.92,449.85,299.41,432.26,467.37,287.65,263.67,312.01,292.57,46.73,38.11
04-02760,216.95,119.0,324.13,205.78,94.38,315.13,100.01,103.94,95.33,16.26,14.49
04-02761,95.65,245.18,470.63,13.69,370.51,534.08,239.9,214.13,224.02,31.12,31.35
04-02762,388.93,321.02,196.94,410.0,338.13,275.62,346.09,318.56,304.06,31.8,34.38
04-02763,427.5,367.16,130.41,457.97,317.45,61.65,277.3,273.38,262.01,31.73,32.51
04-02764,181.54,330.2,204.86,149.02,380.85,195.58,155.79,149.86,162.67,32.85,37.12
04-02765,73.59,413.49,211.66,2.72,461.86,241.49,393.15,434.47,410.19,16.98,15.2
04-02766,211.58,211.5,119.66,145.91,273.67,166.27,375.21,352.81,359.83,38.26,39.75
04-02767,465.35,462.48,416.69,469.89,457.1,376.09,161.35,158.3,167.86,45.02,39.22
04-02768,223.95,97.84,220.71,238.28,91.46,152.49,343.53,360.97,371.26,78.51,89.75
04-02769,282.49,422.23,313.08,255.19,365.72,306.37,415.59,463.55,482.44,16.72,18.78
04-02770,308.74,301.25,378.73,333.31,291.47,428.06,411.89,393.75,394.82,71.44,69.5
04-02771,274.9,379.49,158.61,394.14,367.29,87.62,237.0,235.02,238.18,71.83,57.82
04-02772,302.49,351.2,461.87,322.26,387.27,477.53,346.91,377.87,360.4,77.85,85.88
04-02773,267.16,87.98,98.93,285.48,140.05,75.66,303.5,327.01,296.01,39.45,46.92
04-02774,112.17,213.09,238.8,134.02,251.76,252.94,325.68,321.56,303.6,31.98,31.73
04-02775,409.82,135.96,251.22,457.76,130.91,148.06,195.07,179.19,191.32,11.26,11.0
04-02776,446.56,162.37,334.4,358.6,69.88,287.55,302.83,266.52,281.5,56.39,57.69
04-02777,230.66,149.95,180.59,263.31,145.45,166.24,423.87,383.66,377.5,53.56,59.8
04-02778,385.24,216.25,73.2,411.61,194.23,0.0,316.83,367.57,332.24,17.15,15.95
04-02779,251.55,241.84,407.72,235.66,191.37,490.54,326.36,349.5,330.79,36.38,29.22
04-02780,278.36,93.77,423.3,287.98,0.0,486.58,203.49,193.63,205.43,28.46,28.63
04-02781,374.05,103.51,436.82,361.64,139.96,486.66,341.65,330.67,328.94,56.8,45.88
04-02782,438.62,393.53,428.66,497.62,421.46,393.89,417.78,347.26,361.38,69.93,75.54
04-02783,378.84,257.27,350.57,370.46,329.92,235.17,268.1,260.21,284.72,21.54,25.29
04-02784,460.19,251.91,403.15,330.64,243.49,330.76,405.36,477.92,506.26,14.17,13.03
04-02785,344.02,205.18,214.06,178.37,293.86,266.49,137.35,112.34,103.97,55.01,62.5
04-02786,134.75,396.11,117.69,196.79,363.34,65.37,449.88,388.1,390.19,68.99,58.61
04-02787,454.71,423.68,218.73,349.11,476.38,237.68,267.95,311.14,286.15,79.44,94.37
04-02788,211.62,273.68,238.8,289.6,280.36,178.9,288.64,294.58,314.96,16.07,17.81
04-02789,281.21,298.87,374.16,255.39,352.95,443.74,227.42,261.83,257.59,15.53,13.67
04-02790,342.05,364.71,369.87,306.13,416.58,289.7,310.38,257.35,276.17,24.56,22.45
04-02791,465.55,113.97,473.23,419.0,103.48,491.69,216.38,187.43,204.84,35.52,39.59
04-02792,484.63,468.24,124.8,445.79,471.42,55.75,369.69,322.88,311.03,48.32,51.26
04-02793,492.94,195.68,323.57,406.5,196.31,325.23,121.47,106.06,108.13,77.73,81.3
04-02794,300.84,242.27,87.76,232.67,181.58,129.71,263.47,272.77,273.78,43.46,45.73
04-02795,272.72,497.65,444.41,252.58,632.96,367.63,426.09,390.83,424.95,58.71,54.57
04-02796,413.51,315.71,205.57,403.15,322.07,209.1,258.05,239.98,246.19,25.72,23.79
04-02797,449.86,150.65,290.19,463.92,136.9,315.93,245.34,262.17,259.92,11.16,12.25
04-02798,332.08,319.3,110.25,411.39,186.92,56.35,163.5,154.52,142.22,64.62,74.35
04-02799,66.53,140.32,402.51,0.0,69.3,464.93,240.63,255.12,240.52,56.16,53.84
04-02800,260.76,311.81,358.6,117.89,347.91,286.41,327.46,296.59,314.52,47.02,38.79
04-02801,478.8,193.57,493.55,470.52,207.37,448.64,312.29,340.38,347.62,24.97,25.29
04-02802,96.37,148.44,316.35,96.94,160.1,358.7,208.06,217.85,239.11,44.62,38.5
04-02803,259.2,138.38,72.72,214.22,148.01,9.69,96.08,98.92,106.11,11.57,11.61
04-02804,460.2,180.31,406.68,430.06,199.73,440.33,407.22,481.23,477.2,20.5,17.41
04-02805,450.27,306.84,323.92,514.49,327.25,369.08,258.22,270.79,247.57,67.96,73.08
04-02806,257.4,286.36,365.19,297.21,324.21,337.83,382.05,308.12,335.31,74.84,70.84
04-02807,226.4,223.63,96.97,269.77,235.55,193.69,392.8,396.84,396.66,17.8,18.56
04-02808,185.01,463.64,102.09,184.46,349.2,108.09,431.66,439.25,422.71,16.2,15.53
04-02809,368.62,411.3,456.08,453.91,346.86,478.69,147.79,161.01,164.44,43.93,49.82
04-02810,491.45,404.39,190.19,475.51,552.57,81.97,120.71,124.73,136.34,30.99,27.43
04-02811,142.85,118.47,458.26,50.75,71.93,489.48,181.3,210.71,193.33,57.15,57.67
04-02812,453.72,361.51,356.5,424.46,311.47,344.73,114.37,128.01,128.55,51.47,44.02
04-02813,437.4,281.59,403.15,356.33,306.31,432.18,407.39,472.19,461.42,53.13,50.78
04-02814,178.6,364.69,163.61,86.25,332.58,198.85,197.22,215.13,217.92,47.89,40.2
04-02815,123.83,254.88,346.46,61.61,287.81,346.1,243.05,199.78,203.36,11.06,10.75
04-02816,429.27,470.65,476.5,477.27,521.5,438.32,302.79,257.44,268.42,42.27,34.54
04-02817,189.78,164.97,345.73,158.37,233.74,250.71,223.19,216.78,235.57,29.6,24.31
04-02818,90.38,419.06,148.09,3.27,338.17,143.61,390.39,321.44,316.47,16.44,13.53
04-02819,386.68,402.97,314.78,415.27,413.44,350.28,330.57,368.22,383.97,16.65,17.5
04-02820,162.75,132.0,63.82,197.58,131.15,100.37,268.17,257.42,236.05,78.62,70.91
04-02821,349.47,246.43,200.36,223.65,138.6,127.22,160.26,133.97,123.66,28.22,23.57
04-02822,250.66,252.47,62.24,324.05,276.63,100.1,149.51,155.94,159.88,16.24,13.33
04-02823,210.26,275.65,401.45,169.49,283.08,495.41,270.6,321.97,324.07,23.21,18.68
04-02824,319.16,364.49,210.05,364.53,473.85,63.03,228.09,203.03,211.92,58.55,63.64
04-02825,169.52,92.37,156.59,155.63,50.17,141.91,255.53,304.49,287.01,35.23,34.47
04-02826,224.94,388.07,139.02,324.97,405.89,128.66,402.31,385.9,408.45,55.55,57.89
04-02827,193.27,242.57,121.17,216.43,208.83,262.81,126.19,149.91,145.06,18.44,16.98
04-02828,297.35,434.22,170.72,202.01,397.11,146.54,291.77,254.25,235.06,72.59,66.04
04-02829,166.6,396.94,268.92,105.42,391.82,324.51,195.38,156.47,154.73,17.41,20.4
04-02830,385.77,341.37,256.41,327.39,362.6,257.45,298.12,335.43,344.07,47.22,51.92
04-02831,170.46,109.88,338.32,280.83,56.97,331.97,369.66,304.1,292.64,34.58,36.12
04-02832,158.01,337.44,466.75,185.81,419.36,541.13,397.56,450.43,449.67,36.88,42.24
04-02833,107.86,492.09,353.66,87.2,537.53,538.08,120.53,139.37,128.64,13.82,16.57
04-02834,270.03,356.56,222.43,235.98,430.39,168.61,171.99,139.61,136.61,35.11,29.02
04-02835,237.93,320.88,92.1,342.93,282.06,156.24,379.79,424.96,389.54,31.54,25.99
04-02836,433.92,291.78,320.82,447.53,348.42,364.63,185.12,194.8,210.09,32.14,34.12
04-02837,267.7,496.81,438.27,282.05,489.66,424.91,317.83,375.29,390.2,39.28,33.71
04-02838,81.6,364.64,70.25,132.05,313.81,54.67,337.23,394.11,428.79,54.26,56.85
04-02839,112.58,294.55,389.61,137.51,369.02,272.87,145.87,143.02,131.64,62.41,60.51
04-02840,244.0,249.27,417.68,141.34,305.42,493.54,391.49,468.81,423.02,41.47,45.1
04-02841,63.13,93.24,292.32,53.11,92.64,343.96,122.0,104.34,104.24,21.51,19.66
04-02842,75.91,488.11,325.45,0.0,432.96,476.43,309.93,254.07,262.37,49.9,57.81
04-02843,385.66,65.46,191.85,412.02,79.7,195.97,420.83,500.99,490.75,73.87,74.61
04-02844,160.75,97.18,82.28,263.75,98.66,159.34,113.34,111.79,115.19,36.6,32.27
04-02845,137.55,131.15,378.56,27.1,167.47,311.62,187.39,161.57,173.53,30.82,33.3
04-02846,472.3,364.43,254.33,386.0,347.83,286.72,150.26,171.39,160.37,55.41,56.96
04-02847,127.03,358.13,328.99,98.41,412.51,268.36,223.51,266.91,261.12,32.71,36.35
04-02848,285.95,154.01,122.87,354.32,164.25,135.3,126.16,136.52,131.33,62.31,55.75
04-02849,251.54,291.1,183.84,306.74,354.9,132.2,192.56,179.1,187.28,58.84,66.77
04-02850,213.15,240.07,243.91,210.91,250.28,274.04,130.57,109.5,111.31,41.25,47.81
04-02851,322.03,154.31,304.96,400.33,124.83,286.39,164.74,137.09,138.88,19.34,17.11
04-02852,453.64,489.94,358.11,463.23,622.93,388.36,384.46,354.76,339.73,37.01,37.44
04-02853,73.17,312.43,234.23,24.81,259.17,255.43,149.6,135.87,123.07,64.67,67.7
04-02854,376.22,339.84,262.99,391.53,434.87,295.0,314.1,360.37,365.12,45.71,41.29
04-02855,433.5,491.22,188.04,400.35,419.21,226.27,437.34,382.43,348.42,35.5,37.41
04-02856,412.97,408.59,77.62,388.44,396.11,144.25,412.38,397.75,383.4,76.51,85.91
04-02857,266.17,457.05,338.9,149.98,478.75,361.38,297.24,302.57,328.08,41.86,37.2
04-02858,400.72,388.34,457.55,426.98,310.04,424.98,88.67,81.23,87.39,47.36,44.92
04-02859,168.76,150.78,100.49,206.48,214.65,34.31,184.83,218.65,222.37,64.7,63.46
04-02860,247.08,190.42,322.77,133.12,188.29,254.34,207.34,179.02,189.8,43.97,45.23
04-02861,433.99,415.91,81.86,288.3,498.26,38.63,263.31,244.11,255.08,61.62,60.17
04-02862,103.08,318.7,126.77,90.58,320.6,58.81,161.96,153.18,156.74,25.02,21.71
04-02863,128.06,305.64,363.5,115.95,336.48,395.36,408.03,417.07,418.11,18.73,21.04
04-02864,372.93,437.45,494.82,379.02,468.85,583.22,232.04,196.62,196.68,24.65,27.88
04-02865,417.87,82.02,240.52,466.71,122.23,256.87,407.26,334.69,331.3,62.29,53.38
04-02866,134.81,317.52,358.41,199.01,358.0,434.78,350.99,286.05,287.99,62.69,58.9
04-02867,420.48,224.69,477.62,412.74,187.22,534.87,373.72,362.27,367.96,51.2,55.68
04-02868,492.04,363.8,249.83,394.45,341.79,326.33,224.55,193.89,174.99,76.38,63.74
04-02869,253.06,442.76,138.05,135.05,423.03,188.93,178.47,212.97,217.63,46.9,53.55
04-02870,481.37,330.33,267.03,614.68,358.88,296.0,164.61,191.73,194.68,37.43,32.63
04-02871,62.71,295.66,255.26,64.06,333.36,285.32,269.72,243.66,239.65,61.65,52.81
04-02872,205.27,479.28,437.32,182.03,578.17,481.97,163.28,157.7,157.65,44.95,39.38
04-02873,419.67,498.07,310.22,420.17,565.0,342.99,420.78,503.36,453.83,49.41,50.97
04-02874,293.82,128.67,77.72,268.08,151.85,128.26,131.5,142.83,146.79,53.27,58.7
04-02875,319.58,176.61,271.67,303.26,102.21,202.8,393.41,401.1,414.54,27.18,22.41
04-02876,484.87,418.84,397.83,524.79,516.02,448.98,277.99,304.6,285.55,70.95,74.47
04-02877,108.07,240.6,265.57,102.86,300.83,227.59,430.52,431.2,453.09,55.88,60.97
04-02878,247.37,154.05,448.41,328.0,209.38,547.46,80.73,78.58,79.95,10.55,10.47
04-02879,407.66,90.62,499.29,458.61,36.29,589.24,83.75,83.76,77.85,68.01,65.57
04-02880,410.43,333.26,170.99,462.71,344.41,249.67,308.95,278.51,296.55,20.15,21.85
04-02881,219.8,270.56,307.65,285.11,212.25,345.88,129.42,143.86,154.31,66.42,56.06
04-02882,413.87,142.96,75.53,373.42,175.62,35.59,247.65,286.7,266.47,30.4,34.97
04-02883,446.85,78.31,180.04,495.9,98.9,314.63,92.0,104.89,99.84,72.05,67.71
04-02884,221.79,220.85,250.0,142.0,274.96,279.24,283.76,227.07,214.34,36.78,42.3
04-02885,254.75,206.39,182.03,382.47,124.63,237.88,174.16,148.0,150.53,76.3,91.07
04-02886,471.32,120.08,238.78,452.77,39.0,278.43,237.83,255.47,233.4,21.58,18.73
04-02887,337.24,216.11,480.82,348.92,229.55,518.06,353.41,351.23,366.38,58.4,47.52
04-02888,248.83,293.66,220.14,313.15,304.99,255.62,387.03,335.25,358.54,26.72,31.52
04-02889,373.69,329.89,276.99,439.81,401.4,392.37,232.05,260.04,253.13,69.48,69.01
04-02890,171.07,452.42,95.0,216.3,441.89,0.0,390.19,342.03,347.17,10.33,9.72
04-02891,464.06,257.11,209.34,427.93,390.48,204.95,384.17,349.85,367.16,39.18,42.18
04-02892,226.38,365.5,362.93,124.23,423.41,452.73,127.06,132.47,126.58,67.45,55.8
04-02893,340.81,368.17,334.98,305.52,327.78,303.19,282.47,236.8,215.08,56.15,55.25
04-02894,64.83,182.96,177.62,0.0,136.48,163.32,103.35,123.38,114.64,18.37,16.21
04-02895,325.07,454.16,454.47,414.89,439.9,439.57,192.56,157.54,169.21,27.0,22.47
04-02896,327.61,300.68,333.23,359.65,360.7,217.52,318.96,344.93,335.95,64.2,75.56
04-02897,333.24,475.11,136.6,276.83,361.01,44.06,356.19,351.13,355.45,68.15,81.3
04-02898,212.64,151.13,257.75,172.13,147.99,214.82,397.27,399.22,437.37,19.4,17.23
04-02899,230.89,272.19,386.18,262.94,314.02,458.6,182.91,153.66,168.6,48.94,50.21
04-02900,371.7,488.68,153.65,310.63,528.03,108.89,107.86,105.47,106.22,69.51,62.81
04-02901,333.19,276.97,429.41,257.62,319.0,437.97,124.31,132.97,133.2,28.23,32.21
04-02902,448.52,430.28,238.74,453.86,533.92,204.16,319.31,352.75,317.59,78.87,93.85
04-02903,372.06,422.05,363.74,392.42,378.77,382.84,119.58,130.99,131.44,46.93,40.37
04-02904,101.01,456.71,233.21,118.28,487.76,252.52,185.69,185.68,179.08,50.73,58.97
04-02905,484.21,308.04,235.91,436.75,323.9,122.94,174.28,178.83,177.68,21.99,19.81
04-02906,154.46,242.69,134.54,108.0,162.34,50.88,374.33,310.26,291.64,70.38,73.32
04-02907,456.27,240.06,367.78,389.61,331.3,328.54,378.41,317.15,294.07,57.1,51.21
04-02908,154.18,139.92,162.46,93.86,155.7,29.13,340.76,341.86,371.84,28.44,26.45
04-02909,420.08,206.41,104.3,288.86,302.48,128.21,363.36,378.45,412.13,42.04,39.98
04-02910,465.75,437.15,265.54,387.76,376.16,232.97,403.78,474.14,491.62,66.13,74.11
04-02911,365.53,192.32,349.0,355.3,125.11,366.96,432.21,459.46,426.63,63.32,64.59
04-02912,283.69,414.89,331.54,275.58,457.69,380.2,406.14,376.57,388.32,50.04,54.96
04-02913,286.54,448.51,258.88,331.54,357.73,208.22,148.98,125.78,121.51,71.35,76.49
04-02914,339.11,463.31,353.44,308.99,355.66,314.9,318.04,312.03,297.87,36.7,40.94
04-02915,213.26,368.16,132.31,178.55,398.39,21.28,132.54,156.86,165.53,73.09,79.69
04-02916,210.94,170.57,144.39,287.78,105.54,121.25,405.4,451.19,473.6,70.0,66.36
04-02917,483.66,107.2,383.44,562.86,114.66,400.17,132.85,113.8,119.32,61.69,51.99
04-02918,108.35,182.58,119.36,106.38,190.27,141.72,145.1,171.78,180.66,54.1,56.84
04-02919,210.73,480.04,142.36,251.87,440.93,160.26,124.35,139.48,149.63,51.58,49.14
04-02920,425.84,94.6,64.89,346.94,8.34,43.4,193.59,224.09,215.76,46.83,37.58
04-02921,193.23,493.98,117.57,231.92,566.46,171.78,380.1,344.15,352.94,38.74,34.92
04-02922,473.41,270.43,253.91,403.07,375.72,238.18,334.92,310.09,305.18,38.17,41.77
04-02923,98.55,454.83,339.58,116.67,562.87,442.17,316.92,342.68,347.22,47.85,43.68
04-02924,394.78,139.96,111.8,502.02,238.14,50.04,386.91,421.15,401.23,75.99,90.51
04-02925,435.99,198.31,466.62,482.16,222.75,500.49,203.09,183.51,183.92,75.26,60.59
04-02926,245.91,182.05,330.5,262.03,176.37,394.56,444.94,390.21,368.47,66.64,66.04
04-02927,485.59,364.68,168.94,381.66,354.32,166.79,333.93,309.23,337.12,16.2,19.42
04-02928,445.81,160.62,483.3,549.99,236.65,360.05,263.95,227.32,211.32,44.87,38.01
04-02929,407.69,286.85,187.5,331.5,174.93,229.08,387.33,393.8,370.02,34.09,40.65
04-02930,295.42,253.93,345.99,332.56,356.59,264.07,358.42,365.4,380.5,55.77,58.64
04-02931,161.41,263.42,395.66,203.56,147.24,423.36,176.58,161.76,163.71,37.39,43.8
04-02932,370.83,352.63,253.89,414.35,463.88,272.79,131.72,107.37,112.54,24.35,26.22
04-02933,428.96,88.03,210.0,389.14,127.29,261.96,368.98,427.14,405.96,10.96,9.58
04-02934,74.84,90.49,494.67,29.88,65.78,493.85,352.4,401.56,417.72,47.0,45.72
04-02935,479.55,259.15,208.75,445.5,265.28,228.1,108.73,127.48,125.28,11.7,12.09
04-02936,454.84,437.65,410.42,559.72,544.71,426.15,202.68,199.11,208.31,58.01,60.53
04-02937,260.69,75.43,419.11,331.62,83.19,452.98,233.34,256.51,240.57,32.95,27.18
04-02938,240.58,155.23,394.97,196.32,159.61,216.79,389.44,446.57,437.01,32.51,26.92
04-02939,136.38,155.5,361.52,285.27,106.35,317.29,102.15,85.05,81.37,43.39,44.64
04-02940,74.67,214.59,372.91,21.29,133.53,404.13,258.47,296.02,293.66,32.24,30.36
04-02941,186.23,454.11,201.01,180.76,481.8,107.45,229.69,248.17,246.4,29.52,26.31
04-02942,194.39,253.21,192.7,119.04,383.23,331.81,185.74,177.66,173.97,59.38,54.14
04-02943,140.05,233.32,440.35,103.92,255.49,304.81,448.62,496.79,450.52,33.29,29.21
04-02944,282.39,301.43,394.99,235.44,270.87,420.13,290.93,275.55,271.95,42.32,45.82
04-02945,280.52,239.04,462.94,334.73,270.06,470.09,221.54,218.93,238.67,50.5,48.11
04-02946,227.53,314.52,332.94,256.81,348.75,407.48,189.88,219.95,241.89,37.41,38.43
04-02947,274.25,217.79,276.95,305.02,296.08,228.57,84.94,80.98,78.19,54.85,64.29
04-02948,456.39,252.01,448.35,501.3,238.38,411.57,324.88,304.02,295.89,76.7,78.17
04-02949,237.35,299.01,147.76,152.02,396.86,147.79,232.69,225.14,241.26,78.23,71.54
04-02950,153.12,251.58,393.15,109.11,240.29,453.73,406.52,483.24,510.24,33.65,34.51
04-02951,213.88,157.41,190.57,161.42,153.59,96.25,217.07,241.6,227.62,48.06,51.72
04-02952,91.91,337.91,165.44,63.63,392.7,201.35,306.2,320.6,315.58,66.19,62.19
04-02953,152.0,101.36,153.27,269.65,50.51,196.06,331.19,311.62,313.83,11.77,14.06
04-02954,399.77,99.68,397.81,432.94,139.87,326.73,318.88,329.16,333.14,32.84,38.21
04-02955,299.3,295.28,407.05,304.54,256.88,367.94,195.37,204.86,224.57,16.0,17.31
04-02956,152.54,200.28,175.31,206.75,154.22,155.99,418.36,418.14,386.49,39.54,38.66
04-02957,230.43,194.78,330.91,236.54,220.69,388.46,304.53,266.25,255.29,31.0,27.3
04-02958,247.72,207.24,110.62,254.87,207.48,39.52,183.8,207.16,219.11,24.32,28.65
04-02959,269.94,163.99,150.63,292.48,70.03,103.73,426.34,503.64,535.16,30.4,24.96
04-02960,413.07,349.9,318.45,406.74,219.46,345.17,392.0,405.92,393.24,17.66,17.64
04-02961,305.02,61.36,134.03,399.11,0.0,177.08,243.75,267.81,262.66,49.49,44.97
04-02962,422.26,268.64,167.31,494.2,261.26,173.74,310.31,259.11,265.59,33.34,34.79
04-02963,383.09,320.32,129.36,368.55,375.44,30.28,435.15,384.9,356.61,77.18,68.3
04-02964,322.29,136.86,302.14,336.31,88.45,225.14,374.2,343.36,348.06,57.48,58.03
04-02965,115.19,328.22,360.46,0.0,308.41,320.63,395.07,446.28,413.77,29.0,29.09
04-02966,486.8,337.34,283.82,472.18,341.08,313.0,279.73,273.0,257.41,38.18,33.28
04-02967,256.52,94.49,202.13,225.3,85.94,224.56,365.62,379.67,361.71,16.95,15.51
04-02968,387.69,430.27,129.25,484.44,295.36,112.46,131.24,143.4,155.84,53.09,52.22
04-02969,72.11,139.38,374.72,12.16,164.48,349.3,282.35,258.89,243.71,39.79,32.64
04-02970,231.52,394.36,113.98,202.6,358.49,50.43,207.43,184.49,187.41,56.33,61.66
04-02971,150.7,244.98,284.06,275.94,304.45,309.19,356.65,322.61,291.73,47.01,45.31
04-02972,173.71,292.4,484.15,133.15,322.38,419.5,297.28,304.41,274.84,30.17,27.79
04-02973,313.27,420.52,73.11,353.53,346.77,107.2,214.68,253.28,231.17,13.29,13.84
04-02974,427.29,496.42,261.06,480.31,455.04,252.53,116.79,121.75,123.36,66.7,75.25
04-02975,303.79,419.33,476.21,266.38,486.76,475.73,88.52,75.17,72.9,68.17,74.16
04-02976,213.72,64.09,369.85,243.57,63.89,361.03,391.81,396.67,433.32,76.96,87.87
04-02977,449.33,358.11,241.1,484.17,422.64,346.22,442.8,377.03,395.52,31.63,35.14
04-02978,423.28,477.74,383.86,381.86,394.74,253.41,429.75,367.65,363.94,43.91,50.02
04-02979,478.0,294.29,112.13,498.14,285.95,124.79,394.21,467.32,438.19,52.24,48.71
04-02980,316.61,216.27,289.16,309.91,223.33,256.31,405.99,442.73,433.65,43.41,41.61
04-02981,153.98,394.28,157.36,146.88,268.99,158.84,397.17,340.39,330.16,30.88,33.86
04-02982,166.88,393.15,148.3,154.74,384.58,99.33,392.2,393.97,428.08,64.76,65.79
04-02983,93.34,163.91,94.16,126.84,130.06,0.0,258.02,269.16,249.87,30.91,33.4
04-02984,142.27,329.11,431.77,154.69,342.7,295.37,84.05,92.86,101.28,65.4,66.71
04-02985,141.17,117.67,411.59,203.61,108.85,394.6,136.61,120.56,121.68,30.46,30.21
04-02986,161.55,436.78,87.84,52.06,294.07,0.0,93.02,108.28,104.91,68.93,70.27
04-02987,300.39,220.1,122.36,251.8,328.92,151.0,332.82,277.5,266.75,17.02,16.26
04-02988,166.02,139.44,343.29,123.28,133.58,287.6,89.52,81.64,84.2,52.61,47.94
04-02989,220.97,315.7,267.71,258.61,305.62,188.83,296.73,320.65,303.7,39.59,40.92
04-02990,229.15,389.67,157.03,137.18,289.11,163.51,308.08,274.66,258.43,73.9,76.73
04-02991,121.2,427.49,254.82,129.76,478.67,261.89,156.93,133.98,127.43,30.67,27.24
04-02992,141.39,476.74,363.23,123.72,477.77,359.37,284.89,258.51,258.65,32.38,26.88
04-02993,460.21,420.45,341.04,498.98,359.17,262.0,156.56,140.94,145.31,43.7,38.17
04-02994,121.82,78.04,317.89,186.83,35.76,444.16,329.68,383.54,349.6,39.57,40.19
04-02995,270.67,471.89,398.75,200.32,560.84,525.9,351.59,409.17,430.97,64.32,56.42
04-02996,64.28,173.62,409.39,107.05,191.32,373.28,134.84,140.65,131.54,35.76,39.08
04-02997,114.23,380.72,309.13,212.23,332.17,317.21,138.99,164.69,178.27,21.75,20.49
04-02998,282.83,234.29,170.29,286.24,149.69,170.05,231.89,255.78,232.17,36.93,31.91
04-02999,336.41,176.49,211.42,326.12,293.76,196.49,266.13,244.97,242.98,13.15,11.59
04-03000,112.01,442.57,463.0,185.88,416.13,474.23,142.01,121.8,117.89,11.31,11.66
04-03001,241.49,416.62,151.35,257.85,358.28,93.01,314.12,289.42,281.68,72.97,87.4
04-03002,265.1,260.41,421.91,246.21,269.17,467.65,188.52,208.23,211.98,38.68,36.08
04-03003,194.97,453.55,248.76,178.9,388.01,343.96,378.15,307.4,284.41,35.75,33.96
04-03004,470.47,158.82,215.83,354.39,155.51,150.98,257.35,295.27,288.5,23.03,22.28
04-03005,60.57,152.8,79.41,25.48,80.48,97.4,360.39,427.24,395.86,45.74,44.28
04-03006,336.51,355.32,472.06,413.73,406.19,445.47,427.56,434.55,430.44,70.02,59.49
04-03007,279.04,400.19,302.37,230.97,407.94,291.04,106.47,107.2,97.32,14.06,11.37
04-03008,139.73,142.32,343.17,204.81,188.0,299.35,409.8,346.53,366.76,51.79,50.84
04-03009,407.16,329.53,349.75,469.51,406.53,364.83,375.63,405.69,380.5,44.45,47.19
04-03010,82.27,356.56,136.19,118.94,461.43,153.02,295.36,239.19,216.79,13.33,11.84
04-03011,334.05,170.97,60.43,372.56,177.68,42.72,166.82,142.68,144.39,34.52,39.71
04-03012,310.2,83.13,286.14,340.68,87.96,328.6,263.38,314.76,305.26,41.65,34.91
04-03013,113.69,298.91,446.36,196.8,303.84,439.42,323.0,381.36,413.18,74.92,76.9
04-03014,136.65,419.17,361.28,126.94,382.46,314.62,118.4,115.6,120.32,37.64,44.82
04-03015,247.7,163.42,386.52,368.36,71.38,343.26,344.25,342.84,332.7,30.68,35.35
04-03016,188.08,257.27,497.43,101.38,287.62,410.96,392.3,423.55,462.89,72.47,72.44
04-03017,80.89,214.64,214.41,68.17,214.55,248.78,233.64,231.92,244.95,70.94,76.08
04-03018,497.83,377.55,68.64,523.69,327.19,0.0,173.86,190.59,205.15,51.43,59.86
04-03019,330.35,91.74,448.04,343.63,77.42,495.13,223.49,211.89,221.61,44.07,52.66
04-03020,333.51,133.01,363.51,376.77,120.89,271.76,92.23,84.3,83.03,14.45,12.72
04-03021,195.46,71.84,454.78,293.25,0.0,433.74,424.68,434.18,425.11,65.99,53.27
04-03022,230.65,201.45,471.1,173.48,237.5,506.04,242.32,200.6,199.98,19.42,22.35
04-03023,417.61,276.38,358.75,408.62,243.19,303.01,111.55,128.71,139.76,24.48,28.1
04-03024,147.5,139.37,65.23,127.44,141.28,122.2,325.01,297.28,313.83,75.63,78.88
04-03025,388.51,242.76,172.33,340.54,216.72,141.62,364.0,436.67,403.01,36.06,36.08
04-03026,212.97,275.26,228.48,252.65,247.06,229.42,224.02,259.59,285.29,51.58,61.68
04-03027,454.11,244.93,478.57,345.4,293.64,408.22,83.47,90.81,89.63,50.82,48.53
04-03028,283.36,371.57,472.59,253.24,415.8,367.32,298.81,315.33,307.37,77.09,91.95
04-03029,427.14,406.0,498.1,373.41,336.34,502.88,252.7,221.69,240.32,79.14,92.59
04-03030,405.15,490.82,364.67,494.03,610.7,366.53,353.41,283.81,267.25,62.59,62.65
04-03031,198.33,398.66,175.8,266.7,437.56,65.5,303.55,304.4,309.57,67.54,80.8
04-03032,284.42,335.14,343.8,274.78,451.55,396.73,134.8,159.34,159.55,50.7,48.63
04-03033,261.49,359.3,282.85,293.11,331.16,281.21,409.96,450.0,437.15,73.17,68.67
04-03034,356.97,321.19,222.12,380.4,285.53,235.33,185.66,197.09,181.05,54.93,52.76
04-03035,354.53,467.41,251.26,368.32,432.47,324.75,96.81,115.86,125.58,16.06,18.15
04-03036,239.68,68.33,354.82,258.08,97.99,444.03,115.94,100.81,104.32,13.73,16.34
04-03037,486.93,324.61,101.45,470.07,324.75,28.56,159.27,171.93,182.73,74.71,74.02
04-03038,132.6,388.52,493.27,87.13,381.12,544.06,255.04,293.61,308.01,24.61,26.87
04-03039,408.49,262.14,76.97,336.16,301.52,8.38,84.76,91.53,100.17,69.65,57.84
04-03040,226.08,409.03,333.23,305.47,363.25,327.84,262.67,313.08,331.09,15.66,17.9
04-03041,247.9,342.38,257.7,191.33,358.2,126.69,391.89,361.33,326.46,34.49,37.7
04-03042,346.79,152.05,336.97,407.11,173.74,335.16,297.98,310.26,317.07,26.9,28.13
04-03043,82.61,363.48,280.47,161.46,395.18,255.76,293.7,337.57,344.15,16.56,17.07
04-03044,157.57,96.41,205.02,192.29,64.68,261.63,94.07,84.07,80.2,47.96,40.25
04-03045,441.03,315.07,385.37,607.47,353.41,383.72,108.89,101.99,110.27,66.61,63.73
04-03046,154.18,183.46,464.93,145.06,82.55,414.92,282.91,271.78,255.32,13.1,13.26
04-03047,437.34,157.98,261.66,400.39,241.24,192.87,313.88,295.35,270.28,62.25,69.43
04-03048,399.86,461.62,313.78,465.36,470.73,420.8,138.95,113.66,120.75,43.14,43.43
04-03049,67.86,450.02,363.03,57.81,375.23,383.2,439.42,492.98,464.61,44.09,52.55
04-03050,91.02,179.19,487.41,58.98,215.73,476.09,243.43,232.07,234.97,63.9,73.02
04-03051,461.5,477.21,297.32,465.4,436.55,381.05,398.13,356.21,367.99,61.57,62.85
04-03052,436.07,266.77,157.75,460.99,297.13,204.0,381.02,365.06,375.9,54.56,50.21
04-03053,228.1,324.19,470.4,108.6,296.49,479.73,423.76,365.5,386.62,14.3,12.0
04-03054,392.8,262.83,275.79,317.27,262.11,240.35,108.31,110.07,115.54,57.73,48.67
04-03055,498.34,209.58,342.88,462.66,135.26,285.87,350.83,360.47,347.46,23.14,20.19
04-03056,325.07,197.32,424.19,315.56,214.43,388.75,230.44,250.69,229.06,16.45,13.71
04-03057,183.58,98.43,436.3,200.33,92.11,387.52,193.28,204.62,216.87,30.81,24.77
04-03058,461.17,88.43,336.33,471.96,115.93,394.33,427.57,361.65,363.24,31.25,26.36
04-03059,131.25,426.09,259.66,18.56,531.25,223.79,104.86,111.09,101.16,77.36,80.87
04-03060,256.69,165.26,243.82,199.83,137.26,183.87,133.6,137.22,134.16,35.66,42.74
04-03061,467.69,158.09,108.21,451.59,216.68,34.84,90.52,85.21,89.52,64.05,68.68
04-03062,190.28,81.33,74.85,264.66,47.72,78.82,146.83,120.17,129.83,17.3,17.51
04-03063,365.96,173.1,194.71,327.27,238.37,285.87,304.22,347.75,371.44,62.72,70.21
04-03064,315.04,277.01,276.46,311.49,206.7,265.85,292.38,298.21,312.36,46.65,47.84
04-03065,469.13,432.87,408.84,491.09,362.86,408.27,392.36,323.93,323.45,51.08,57.67
04-03066,430.19,201.39,469.9,439.66,225.71,490.43,105.76,106.1,103.19,15.37,13.08
04-03067,262.83,362.69,472.21,267.63,302.39,467.75,263.67,304.49,314.86,27.54,27.86
04-03068,78.9,423.54,365.33,98.7,481.19,404.97,334.35,310.56,307.12,32.21,28.32
04-03069,260.59,352.96,212.62,205.32,296.99,218.31,362.02,363.81,342.85,61.98,70.53
04-03070,116.12,327.54,166.85,97.69,315.38,196.29,172.82,198.69,201.84,36.27,41.95
04-03071,362.22,275.85,416.92,327.25,377.68,424.89,433.52,364.35,364.68,57.02,52.82
04-03072,484.58,448.31,169.45,513.11,433.61,234.84,226.14,197.95,209.64,76.48,84.48
04-03073,278.95,473.74,268.56,256.42,490.58,217.54,247.75,253.39,231.53,42.64,42.5
04-03074,288.36,195.15,310.97,267.65,134.11,357.92,313.0,281.81,282.19,22.33,26.47
04-03075,69.72,105.66,478.87,147.7,117.71,528.93,147.13,175.8,167.88,76.95,84.77
04-03076,159.46,434.79,132.12,131.1,448.9,177.01,190.28,216.1,227.09,26.99,29.05
04-03077,451.39,237.61,326.68,510.94,317.76,333.88,99.03,110.68,109.57,40.01,43.37
04-03078,299.42,460.09,414.18,227.36,425.72,439.58,304.57,333.95,355.28,66.21,79.12
04-03079,437.35,95.75,289.58,421.44,203.7,309.81,258.93,256.32,256.41,10.87,12.68
04-03080,209.81,71.33,243.04,165.25,39.9,258.83,434.49,353.83,339.22,42.08,41.64
04-03081,214.19,465.06,388.2,199.09,393.73,339.43,182.7,196.43,208.59,16.09,14.56
04-03082,440.04,483.11,317.6,506.18,581.41,307.65,140.24,166.07,161.73,57.72,62.03
04-03083,116.03,360.12,295.56,26.09,375.66,348.02,247.6,271.38,262.96,47.23,53.89
04-03084,352.3,432.5,87.0,345.45,466.66,100.53,253.88,288.67,297.49,27.77,24.06
04-03085,297.72,261.79,363.13,361.44,167.09,369.95,144.31,168.26,183.9,32.36,32.11
04-03086,361.79,146.15,113.93,360.13,231.14,0.0,412.28,332.14,300.35,39.66,42.04
04-03087,166.32,499.15,389.89,136.69,518.57,319.31,344.91,363.28,346.21,21.94,20.88
04-03088,178.68,264.75,63.73,269.95,337.03,23.55,433.84,414.89,412.07,31.38,37.39
04-03089,405.95,425.21,240.35,344.17,399.12,189.34,198.53,228.45,207.85,27.89,31.15
04-03090,284.12,471.05,396.52,347.92,373.0,324.78,292.78,235.6,230.63,41.02,36.91
04-03091,270.98,129.36,173.75,349.43,118.53,150.63,280.97,336.41,363.28,40.42,45.55
04-03092,461.77,221.74,84.2,455.63,148.99,64.9,224.33,211.46,204.43,56.48,53.92
04-03093,301.33,488.3,139.27,402.08,542.53,101.77,202.87,229.96,233.57,28.67,31.82
04-03094,468.57,489.87,367.48,431.51,568.97,370.7,103.02,99.66,104.84,44.85,44.16
04-03095,407.71,145.95,208.2,420.15,156.56,205.45,390.88,453.83,467.4,55.86,48.99
04-03096,247.16,412.48,106.97,255.02,368.64,202.98,103.6,87.07,83.15,15.87,16.68
04-03097,71.86,457.64,92.39,107.21,500.33,0.0,448.3,363.56,331.01,23.1,19.79
04-03098,222.96,209.84,279.66,226.8,174.3,168.13,94.92,93.87,101.84,13.98,16.1
04-03099,437.16,122.17,208.5,432.22,211.28,244.97,130.26,113.14,121.89,78.58,90.42
04-03100,239.79,168.33,458.02,207.62,184.0,436.2,140.26,164.01,165.32,15.71,17.68
04-03101,491.21,496.34,407.02,514.55,416.67,628.71,290.4,346.92,326.14,64.58,67.17
04-03102,132.68,190.64,365.53,258.73,193.12,402.03,307.06,293.03,264.53,58.03,54.03
04-03103,430.91,194.27,306.07,345.96,216.5,335.24,205.6,239.87,252.15,16.38,15.15
04-03104,298.66,492.22,227.72,350.95,355.41,169.09,282.87,242.58,262.35,57.32,55.24
04-03105,255.44,82.43,186.58,232.34,173.24,285.53,309.23,347.53,368.63,22.59,24.42
04-03106,297.14,411.31,66.65,315.31,429.6,111.12,405.34,333.44,316.17,11.16,10.54
04-03107,258.78,248.44,125.49,264.47,207.6,51.42,131.62,149.59,163.72,43.86,41.69
04-03108,318.04,186.16,494.7,341.93,182.62,522.41,309.12,313.41,329.21,40.95,45.0
04-03109,312.86,389.43,80.29,325.94,454.56,80.59,266.44,233.59,228.94,18.81,18.59
04-03110,393.87,125.93,364.28,347.44,219.05,369.5,358.25,365.62,357.43,75.79,78.79
04-03111,198.3,84.73,168.22,220.05,79.66,97.85,139.54,130.17,138.3,76.46,79.28
04-03112,240.37,122.73,404.43,225.78,101.25,461.3,98.76,103.11,105.36,75.14,73.2
04-03113,493.7,375.52,262.44,435.95,405.37,308.11,378.31,393.8,382.52,48.81,50.67
04-03114,258.13,206.98,458.44,139.43,276.28,519.47,197.73,161.58,145.86,31.72,26.77
04-03115,80.06,210.92,283.46,65.26,217.76,286.0,264.92,256.56,275.01,79.03,66.88
04-03116,224.14,118.57,181.08,249.77,120.19,215.76,448.92,453.74,416.84,39.12,39.13
04-03117,152.55,169.47,493.78,203.68,214.82,500.24,399.66,438.56,442.67,58.55,57.4
04-03118,324.22,177.37,463.59,303.55,227.66,466.84,197.28,164.23,168.35,26.85,31.03
04-03119,113.52,347.51,285.24,60.39,391.35,186.65,228.61,254.35,276.43,53.97,53.61
04-03120,208.76,134.86,238.88,74.8,47.96,216.05,172.47,202.94,207.56,50.46,53.89
04-03121,488.85,457.6,82.64,482.82,410.27,0.0,434.62,414.15,415.5,68.1,68.42
04-03122,405.51,77.23,312.42,430.15,0.0,305.24,183.56,185.96,181.34,68.57,58.51
04-03123,391.99,246.07,61.06,450.43,248.36,160.48,133.02,116.69,118.48,51.9,47.23
04-03124,69.83,386.78,387.65,69.54,422.05,337.26,226.72,246.15,261.53,73.49,60.99
04-03125,195.02,236.72,288.63,212.94,261.53,298.41,227.84,222.76,234.8,40.21,47.86
04-03126,238.24,171.19,206.81,137.55,274.23,185.88,420.1,444.68,487.35,35.34,34.12
04-03127,460.98,153.07,414.14,431.18,203.35,427.79,290.88,246.23,261.86,44.1,45.22
04-03128,444.62,331.98,253.79,332.43,225.77,318.74,207.12,229.58,227.17,17.57,14.49
04-03129,299.23,101.35,61.86,291.55,106.67,70.94,196.59,201.64,206.99,74.6,62.91
04-03130,495.5,202.19,324.62,559.53,185.84,356.35,436.75,359.07,374.07,40.16,42.29
04-03131,139.4,295.15,373.37,110.21,231.83,366.45,401.08,357.49,381.55,52.97,51.56
04-03132,141.09,303.81,473.19,224.82,203.46,496.55,192.11,185.55,175.19,17.55,18.33
04-03133,414.0,339.48,378.98,410.67,349.21,454.15,426.33,375.54,382.44,50.73,45.32
04-03134,374.02,169.88,476.6,355.05,149.13,395.55,264.4,248.58,237.14,11.64,10.74
04-03135,106.94,108.37,378.54,155.23,62.2,386.31,289.1,317.07,308.23,33.36,31.39
04-03136,268.09,135.53,154.14,327.18,123.99,266.4,81.94,70.18,75.1,30.47,30.86
04-03137,230.35,481.63,343.25,268.91,567.95,255.74,281.3,316.57,303.13,70.69,80.01
04-03138,121.74,406.85,223.07,155.87,360.61,246.48,298.68,276.01,254.05,73.63,72.13
04-03139,105.61,106.33,380.12,156.04,104.79,368.95,313.91,307.07,332.59,70.63,63.23
04-03140,444.8,391.22,191.79,541.53,422.14,140.12,199.93,223.0,216.19,57.89,58.52
04-03141,209.99,182.76,193.99,178.31,193.81,170.69,170.88,155.25,155.4,58.13,55.63
04-03142,478.18,366.09,109.21,509.73,368.23,163.67,354.85,420.54,450.96,57.85,69.2
04-03143,89.12,374.87,227.28,36.91,317.4,314.14,99.17,99.31,104.03,60.84,56.03
04-03144,214.81,98.88,122.25,204.93,152.0,56.48,166.4,180.47,197.44,63.56,54.93
04-03145,478.97,477.52,254.57,456.58,534.36,236.4,239.96,272.62,280.33,75.8,62.75
04-03146,90.78,434.75,121.38,235.15,479.81,12.79,142.88,149.24,156.41,38.48,39.85
04-03147,332.6,367.52,448.43,281.69,310.05,381.78,271.35,266.87,248.77,22.35,24.9
04-03148,288.09,246.68,405.23,279.75,182.81,314.12,280.69,272.22,253.34,75.51,68.39
04-03149,216.9,376.39,263.75,283.71,358.74,304.29,210.18,212.13,230.96,20.23,20.68
04-03150,450.28,165.04,146.21,379.01,84.42,126.82,179.54,190.37,197.54,30.28,32.21
04-03151,459.41,253.67,90.52,408.82,269.73,130.1,382.79,370.9,354.73,22.32,18.02
04-03152,159.65,499.73,119.12,184.8,458.75,2.6,219.98,204.87,206.11,65.55,63.76
04-03153,372.34,290.47,326.38,326.03,208.02,325.08,390.47,327.1,324.54,52.66,60.7
04-03154,169.53,125.66,104.83,212.9,68.06,48.88,430.32,456.45,415.74,62.26,61.39
04-03155,370.39,410.17,336.03,364.52,406.29,300.22,341.64,354.4,373.63,65.45,59.83
04-03156,295.88,412.63,428.32,320.95,442.93,340.72,311.76,318.05,329.81,46.43,52.93
04-03157,78.79,214.67,99.05,165.26,237.27,31.05,248.18,228.88,223.21,63.7,61.73
04-03158,347.3,259.42,227.26,312.86,253.14,287.27,144.02,161.65,175.51,35.84,34.01
04-03159,210.38,408.59,97.62,207.62,282.72,59.64,126.71,108.94,106.91,59.4,65.65
04-03160,90.06,204.34,310.67,176.35,201.52,258.53,264.9,213.92,210.58,40.82,41.83
04-03161,171.2,267.9,122.55,196.38,273.95,184.55,323.62,296.73,293.91,54.41,58.21
04-03162,446.92,288.83,462.51,447.18,309.03,387.58,317.45,343.62,316.74,69.72,67.71
04-03163,189.53,164.58,461.56,185.3,113.57,557.03,294.23,325.55,331.19,10.69,12.68
04-03164,104.17,148.64,131.15,153.63,0.0,82.39,331.19,380.49,383.14,20.74,23.57
04-03165,408.16,219.33,382.47,441.66,313.79,357.09,256.15,284.78,306.7,32.43,38.23
04-03166,233.63,402.04,320.58,263.38,385.64,383.82,394.46,400.67,440.72,26.38,29.56
04-03167,373.66,165.82,254.4,345.48,133.88,258.76,253.2,295.16,285.6,23.82,24.58
04-03168,276.1,358.14,85.08,273.79,341.71,44.75,97.04,108.79,117.24,37.51,41.31
04-03169,342.4,274.56,215.94,327.63,184.41,197.82,262.03,298.59,288.11,38.31,37.31
04-03170,428.8,120.62,363.53,349.99,82.78,372.85,126.77,149.82,164.67,57.08,68.01
04-03171,201.79,93.23,459.5,206.45,155.36,467.46,424.21,500.21,479.69,42.87,49.52
04-03172,129.61,440.69,485.26,244.28,482.72,512.81,362.96,409.56,370.43,15.01,13.55
04-03173,172.49,282.03,359.23,141.48,188.08,376.91,174.49,151.03,159.05,42.8,51.27
04-03174,409.1,380.14,100.36,494.88,370.22,123.56,392.28,449.51,422.41,78.21,83.51
04-03175,283.85,173.47,328.75,360.47,95.71,288.65,172.24,178.66,163.33,49.49,48.22
04-03176,433.59,435.54,169.7,435.78,429.51,156.96,339.66,343.17,342.47,21.91,23.4
04-03177,199.76,74.94,134.43,216.41,112.91,74.15,139.42,147.28,135.21,17.52,14.7
04-03178,335.63,77.95,312.84,260.33,45.36,241.52,371.9,323.46,354.77,13.85,13.79
04-03179,400.81,336.23,239.78,431.94,280.95,297.11,429.13,348.47,375.59,29.57,32.82
04-03180,409.14,88.96,375.25,341.42,192.98,439.47,246.94,209.77,190.72,71.8,59.71
04-03181,148.76,264.23,387.02,136.23,193.62,422.13,163.0,139.2,147.81,40.92,35.28
04-03182,236.31,499.44,254.01,249.11,571.48,373.09,438.57,393.43,369.64,20.33,16.35
04-03183,232.67,88.18,428.85,175.34,65.98,355.92,247.7,260.4,252.83,27.15,23.48
04-03184,333.2,354.98,124.11,384.76,329.72,146.03,226.41,234.78,221.02,60.85,50.89
04-03185,360.03,292.32,267.78,326.69,235.4,315.0,365.64,307.07,291.59,34.54,37.93
04-03186,360.36,467.73,326.72,305.0,452.64,251.75,207.74,176.07,174.08,40.57,41.72
04-03187,412.84,363.74,331.02,437.16,385.82,290.46,253.65,219.81,223.87,66.42,74.15
04-03188,392.14,402.52,425.41,413.05,306.33,530.1,413.23,495.18,487.99,19.21,20.45
04-03189,225.31,224.06,96.66,315.47,208.66,0.0,354.77,366.85,400.3,54.21,43.69
04-03190,145.76,403.36,70.51,117.12,501.4,32.9,357.43,322.27,316.83,30.63,29.29
04-03191,487.51,233.43,78.47,389.14,269.8,139.83,80.15,95.74,97.72,46.64,48.82
04-03192,291.34,223.99,202.49,269.51,148.78,208.84,367.39,428.01,396.65,36.24,39.39
04-03193,220.13,332.56,350.06,271.94,388.64,351.12,268.7,275.92,281.98,37.84,36.44
04-03194,112.2,290.92,250.53,14.77,322.02,195.81,402.42,427.67,450.48,36.31,38.12
04-03195,422.81,142.17,373.41,508.52,134.8,321.45,437.33,369.48,338.58,31.13,27.84
04-03196,428.36,243.64,101.79,361.65,353.55,69.1,421.53,386.29,417.95,19.07,19.74
04-03197,269.9,194.19,153.83,369.88,245.78,145.07,334.67,338.42,326.37,30.81,27.68
04-03198,108.69,497.93,450.44,79.47,536.26,431.95,90.65,76.86,72.7,40.31,41.85
04-03199,455.72,160.56,106.44,471.02,218.23,78.33,243.0,251.19,232.08,16.79,13.91
04-03200,383.26,408.72,330.65,303.58,397.76,323.6,392.7,331.4,320.09,79.24,71.72
04-03201,319.1,258.57,290.62,379.46,357.51,315.95,228.15,214.18,219.79,51.47,57.76
04-03202,231.39,323.62,191.06,216.07,133.16,260.03,406.71,477.85,443.87,22.01,24.99
04-03203,315.38,368.52,191.0,266.16,266.05,153.69,295.43,269.35,268.36,27.87,30.49
04-03204,290.62,468.76,232.19,230.33,452.56,191.49,162.52,193.47,192.88,70.29,74.4
04-03205,351.68,315.08,193.21,383.96,326.05,176.09,221.56,221.78,241.04,67.62,77.33
04-03206,389.58,167.59,280.52,433.93,137.34,242.29,227.25,233.51,251.93,52.86,48.13
04-03207,332.55,372.97,418.26,336.34,463.88,346.02,222.78,254.11,232.54,79.85,74.95
04-03208,270.32,175.5,457.29,334.8,242.22,452.1,363.62,394.75,418.23,52.18,59.37
04-03209,144.71,263.04,493.82,252.48,366.75,467.21,270.59,266.54,241.02,43.49,49.32
04-03210,295.18,287.68,493.67,363.19,329.07,519.93,308.73,353.42,340.01,79.14,73.46
04-03211,458.43,128.79,406.47,335.71,134.67,287.16,364.71,358.74,381.98,76.29,88.69
04-03212,98.98,74.79,110.06,94.47,106.66,118.53,351.13,330.02,302.81,70.38,67.54
04-03213,113.83,399.05,185.95,76.38,416.84,249.49,382.5,365.99,362.93,16.12,18.0
04-03214,417.05,498.19,285.27,536.07,525.22,317.26,337.44,285.14,294.65,51.19,52.79
04-03215,422.17,251.23,222.22,376.2,215.71,236.25,118.35,117.88,125.45,11.71,11.34
04-03216,272.5,106.88,310.14,260.87,0.0,350.34,301.52,330.42,348.04,75.26,61.72
04-03217,489.62,271.24,223.6,561.65,216.55,199.29,100.4,83.87,81.45,79.94,65.35
04-03218,413.7,166.86,61.67,445.5,242.52,64.97,352.07,350.61,376.17,47.34,45.94
04-03219,325.8,392.11,96.56,283.06,341.36,124.65,138.06,110.57,113.3,27.55,26.27
04-03220,70.53,310.75,321.23,58.45,355.59,290.44,399.28,350.59,384.73,32.09,33.4
04-03221,452.35,164.03,234.57,426.3,116.01,178.82,133.46,131.83,122.54,50.02,56.78
04-03222,370.27,110.65,460.34,422.24,83.29,470.44,238.79,221.0,235.95,61.26,69.81
04-03223,203.12,193.11,74.41,209.17,218.19,11.08,233.32,272.85,281.62,65.64,64.07
04-03224,365.81,488.83,396.97,427.39,467.24,506.37,101.56,91.98,100.32,49.99,48.71
04-03225,129.54,337.69,167.54,114.88,340.26,86.08,260.87,213.44,210.71,48.04,43.23
04-03226,124.63,467.59,449.59,191.9,409.61,364.83,295.26,252.31,256.61,48.03,50.95
04-03227,420.31,360.64,316.52,390.69,387.48,273.87,429.48,405.49,394.02,64.6,67.44
04-03228,200.02,481.16,353.51,170.81,388.38,432.03,215.25,184.7,182.48,34.78,36.39
04-03229,384.02,91.05,139.62,407.97,43.88,285.63,415.27,410.11,415.77,37.03,33.07
04-03230,156.46,127.48,181.66,172.8,175.66,191.52,288.8,301.21,313.82,36.19,33.54
04-03231,350.47,368.77,273.96,462.23,371.99,234.55,204.19,177.35,159.67,20.48,17.47
04-03232,102.45,358.95,92.43,31.93,446.66,189.01,271.11,313.14,343.25,62.61,61.65
04-03233,192.87,396.06,235.53,90.62,417.76,222.94,325.43,279.71,254.97,70.44,64.66
04-03234,150.64,237.59,192.12,186.49,322.17,269.35,427.05,364.58,393.12,25.3,22.43
04-03235,460.58,108.29,356.13,375.08,81.09,377.73,327.67,306.02,300.96,26.23,25.53
04-03236,292.26,151.95,350.09,305.75,110.74,376.95,235.53,192.33,173.33,61.03,63.07
04-03237,412.9,335.32,389.38,451.81,388.85,305.04,113.58,103.13,98.77,40.66,39.44
04-03238,436.47,368.43,147.51,453.78,426.3,319.96,442.76,482.23,475.3,28.54,25.63
04-03239,318.62,173.16,201.92,353.06,209.24,267.84,422.86,421.77,437.05,62.12,64.15
04-03240,149.89,84.93,90.44,158.8,157.15,93.53,192.84,224.62,225.85,67.96,61.21
04-03241,229.4,221.83,60.73,231.28,140.24,0.0,162.48,157.77,166.1,61.66,73.7
04-03242,258.55,184.58,356.28,274.91,183.07,248.3,342.76,340.79,313.97,59.18,59.61
04-03243,436.28,235.77,493.19,440.34,271.01,534.36,212.71,227.89,220.42,11.44,12.01
04-03244,290.4,95.88,213.93,338.6,3.22,253.62,385.17,432.29,464.51,59.04,67.53
04-03245,285.4,397.43,406.8,290.25,399.9,313.45,258.72,274.8,260.65,54.46,54.23
04-03246,119.31,302.94,460.78,108.14,330.84,481.5,360.92,318.26,348.94,35.15,32.88
04-03247,283.99,440.69,453.21,195.18,382.43,481.65,382.58,390.79,414.69,25.37,27.27
04-03248,433.31,401.4,145.02,399.31,457.44,97.68,423.99,480.18,520.89,31.54,32.1
04-03249,187.8,89.58,219.65,87.45,101.72,253.39,384.03,360.55,353.37,61.37,66.07
04-03250,427.84,423.22,429.96,473.5,353.35,559.21,379.43,354.44,383.32,28.18,30.79
04-03251,281.0,342.62,435.31,375.72,308.94,550.34,164.4,136.28,142.63,33.58,35.5
04-03252,254.17,105.75,411.09,186.23,151.49,329.47,97.27,89.62,95.17,42.2,48.2
04-03253,184.21,130.87,80.86,270.77,88.49,32.66,249.03,207.05,226.23,53.28,53.82
04-03254,243.19,484.05,236.33,170.79,474.32,256.51,164.83,151.23,157.16,30.68,26.24
04-03255,272.89,351.56,106.89,263.18,365.02,127.18,85.38,71.03,77.28,69.2,70.19
04-03256,60.17,346.24,245.59,48.06,301.97,215.04,298.82,265.52,279.2,24.24,22.62
04-03257,163.73,486.39,145.41,147.93,536.46,106.25,437.8,468.33,422.96,37.92,38.75
04-03258,223.59,480.21,288.95,188.46,519.69,243.49,326.39,348.18,322.83,65.39,54.53
04-03259,133.73,166.88,269.57,210.75,151.67,239.57,299.1,309.15,322.73,57.83,52.36
04-03260,167.51,387.07,63.12,170.26,383.06,42.47,138.56,154.36,164.95,42.76,42.01
04-03261,148.81,473.5,156.53,145.45,533.51,206.66,298.89,309.07,335.65,63.35,59.93
04-03262,219.85,308.69,144.42,247.09,281.39,167.31,101.95,120.9,123.07,59.2,56.61
04-03263,264.64,328.24,342.07,297.3,319.03,322.98,109.53,88.52,93.37,65.28,52.99
04-03264,183.21,433.83,138.12,223.16,485.21,84.61,354.78,309.11,298.13,33.34,39.0
04-03265,92.49,312.18,302.29,135.96,295.98,380.09,194.45,206.49,206.17,64.49,71.97
04-03266,207.78,138.88,485.88,96.25,208.83,518.27,125.29,132.17,132.71,69.19,82.82
04-03267,431.21,147.9,291.12,528.19,156.29,300.37,297.64,354.39,359.62,21.95,19.19
04-03268,467.62,201.68,462.22,479.04,124.66,485.36,362.26,390.76,390.43,29.93,28.07
04-03269,215.63,135.31,381.83,167.8,130.9,402.68,99.2,95.99,93.19,33.16,39.18
04-03270,96.03,482.25,395.96,109.08,385.28,311.16,204.59,231.38,221.56,26.84,25.25
04-03271,174.09,301.87,362.99,189.24,282.89,300.0,295.68,336.03,350.53,47.45,50.73
04-03272,378.73,431.72,110.48,292.07,441.0,215.57,145.11,163.42,159.43,65.94,65.88
04-03273,159.76,334.2,72.77,128.54,380.56,0.0,101.14,105.08,95.3,28.94,32.64
04-03274,102.91,180.75,351.77,14.15,131.68,339.25,123.77,103.67,94.54,56.36,59.74
04-03275,453.37,115.12,491.5,550.9,152.26,466.17,430.72,370.05,351.36,75.65,76.64
04-03276,87.99,107.78,114.64,4.53,175.24,44.68,173.69,180.24,162.3,69.34,79.58
04-03277,199.18,479.5,446.61,225.44,393.74,423.03,90.83,99.84,92.19,64.35,58.58
04-03278,396.94,77.89,215.08,408.67,51.12,251.67,126.0,117.47,112.51,43.83,52.17
04-03279,62.98,173.79,403.57,9.01,200.58,401.92,395.79,360.55,380.93,43.91,45.0
04-03280,440.95,289.38,172.17,417.83,279.81,231.77,296.91,347.56,349.2,50.82,57.67
04-03281,334.4,179.84,217.35,279.46,150.19,173.84,346.9,289.06,271.15,56.36,63.81
04-03282,216.57,79.25,377.25,237.79,0.0,348.9,430.34,399.43,397.09,46.12,40.66
04-03283,335.08,190.37,319.13,329.33,62.28,265.67,378.11,311.68,307.27,48.23,50.3
04-03284,104.31,415.48,394.14,90.03,430.81,410.17,335.4,330.41,321.68,31.2,26.41
04-03285,299.35,276.46,453.29,424.22,268.23,492.85,371.24,302.55,298.0,26.43,27.41
04-03286,378.57,468.56,334.84,399.12,426.92,355.44,421.04,402.31,441.78,55.02,50.09
04-03287,287.01,493.63,241.0,307.87,454.39,164.14,374.42,376.17,402.7,12.92,14.77
04-03288,60.76,171.35,312.39,144.49,143.83,338.03,356.42,360.95,369.75,24.82,23.73
04-03289,241.78,84.14,157.83,269.15,39.71,252.44,255.31,297.39,271.04,63.12,58.84
04-03290,143.49,281.52,430.93,21.7,316.1,476.94,297.18,264.86,285.74,27.53,30.85
04-03291,445.62,220.48,239.76,497.57,256.84,302.1,368.89,310.7,282.41,38.68,41.11
04-03292,102.64,205.39,60.27,98.05,162.3,64.56,204.5,168.84,163.47,75.22,88.14
04-03293,175.7,377.87,410.07,254.89,350.4,324.26,210.06,207.03,208.24,70.74,70.27
04-03294,417.41,271.82,271.39,444.33,339.77,253.16,125.42,148.05,152.67,51.71,46.58
04-03295,173.22,483.81,431.21,214.99,628.7,432.71,212.18,169.95,186.35,24.77,29.04
04-03296,457.73,148.14,475.56,343.77,207.3,419.06,248.7,256.76,258.75,68.1,72.34
04-03297,363.4,69.96,128.55,345.67,78.37,39.88,243.0,200.04,209.13,64.19,57.54
04-03298,350.87,498.21,383.7,361.5,450.4,343.13,254.23,244.97,258.37,37.6,40.99
04-03299,404.64,375.57,187.05,395.33,298.97,190.0,316.95,330.69,362.57,76.97,70.56
04-03300,399.28,73.76,285.07,331.03,87.52,284.93,124.61,131.26,119.06,25.35,30.2
04-03301,371.77,110.24,189.83,282.03,211.06,140.19,208.68,201.78,212.96,43.04,42.61
04-03302,462.84,126.64,295.47,431.34,134.62,273.05,296.54,309.63,334.57,36.73,33.36
04-03303,215.2,61.58,441.19,213.41,92.76,584.46,213.61,239.98,238.71,71.79,76.56
04-03304,212.82,480.87,116.67,343.46,408.56,199.41,429.98,477.65,465.56,12.49,14.18
04-03305,312.6,188.15,62.85,276.94,266.0,32.47,254.31,208.05,196.19,42.13,40.87
04-03306,306.01,455.47,340.32,301.11,468.33,369.42,142.82,160.28,152.51,64.81,71.82
04-03307,432.32,122.21,169.26,479.15,110.2,288.97,434.84,457.44,487.43,26.37,23.49
04-03308,257.02,292.43,242.0,278.16,322.37,188.06,441.83,374.29,382.26,55.13,52.88
04-03309,125.85,232.74,438.07,93.74,254.33,390.0,436.73,408.45,438.21,78.57,91.66
04-03310,200.04,60.89,388.69,200.47,117.2,321.58,191.97,208.34,213.68,47.03,47.15
04-03311,143.91,191.57,305.32,226.79,177.18,407.98,364.52,347.11,355.0,32.57,37.99
04-03312,318.56,83.31,80.19,269.3,117.31,63.36,191.79,219.2,210.59,47.83,40.6
04-03313,378.51,421.84,160.67,463.88,444.52,149.36,198.25,211.87,228.9,78.82,68.34
04-03314,389.53,204.3,172.77,323.87,32.89,160.06,154.89,146.13,142.1,56.4,65.61
04-03315,383.19,189.76,491.81,315.36,211.38,505.47,337.45,281.47,264.07,20.03,23.28
04-03316,464.94,160.06,418.45,455.0,157.6,359.24,419.34,366.01,369.94,69.82,75.91
04-03317,176.64,214.7,173.05,229.29,249.43,247.56,449.62,537.64,507.19,29.83,27.1
04-03318,355.35,171.56,220.84,364.57,144.45,241.08,81.96,90.59,97.26,40.99,33.24
04-03319,329.88,279.73,234.34,242.38,157.54,115.6,298.09,249.37,228.25,47.55,51.08
04-03320,395.2,378.16,447.66,439.08,289.19,455.14,156.94,185.74,175.75,70.31,82.98
04-03321,200.19,446.54,458.3,288.82,462.06,472.5,446.41,524.69,518.52,51.78,57.97
04-03322,376.24,216.37,363.35,443.05,279.09,423.66,241.44,232.81,240.75,37.85,33.44
04-03323,93.95,409.88,155.53,139.39,365.16,78.14,423.01,449.05,406.04,39.54,44.81
04-03324,412.16,152.13,144.94,401.39,13.64,161.31,414.54,336.45,304.62,19.21,15.66
04-03325,263.02,87.48,351.43,256.31,61.14,402.79,87.41,73.27,76.63,36.15,39.62
04-03326,102.24,218.37,248.12,151.4,141.3,162.24,183.04,179.53,184.49,24.51,25.0
04-03327,211.28,373.79,274.44,268.33,479.7,206.96,277.19,257.4,234.82,24.58,28.44
04-03328,496.18,297.36,356.08,605.6,317.58,400.91,105.77,103.07,93.81,65.26,60.26
04-03329,246.76,109.78,345.15,259.9,195.61,366.23,244.82,199.85,195.34,61.06,65.44
04-03330,306.23,356.69,133.86,233.8,372.04,45.51,139.78,143.96,137.99,50.0,43.48
04-03331,279.95,75.93,329.78,355.93,171.5,274.46,218.08,240.11,239.62,59.18,63.28
04-03332,158.57,244.25,334.39,153.03,227.06,352.25,178.97,156.61,164.13,22.92,25.83
04-03333,348.08,443.46,172.04,360.71,581.23,211.46,422.16,496.71,486.36,53.8,57.73
04-03334,203.45,379.26,452.04,245.09,420.71,476.26,442.95,466.72,492.4,41.74,44.91
04-03335,467.43,343.54,488.42,430.04,388.39,511.35,447.94,514.23,484.59,38.53,35.8
04-03336,184.88,250.22,107.08,253.06,293.98,90.49,362.38,397.5,369.08,53.92,49.08
04-03337,271.36,154.0,147.84,408.62,199.98,142.9,277.86,323.95,326.23,72.27,80.87
04-03338,311.93,357.74,365.97,474.16,319.95,351.48,250.35,298.45,308.51,10.92,11.14
04-03339,76.09,362.15,480.58,84.51,368.86,534.54,205.05,190.97,185.03,32.52,34.54
04-03340,494.24,481.07,89.48,427.33,586.13,0.0,118.9,127.79,140.52,67.87,72.04
04-03341,143.95,384.94,207.5,104.98,377.8,169.95,420.95,481.8,449.0,78.0,83.83
04-03342,143.57,288.6,381.21,158.33,320.03,446.66,100.96,108.99,118.04,75.66,66.16
04-03343,348.29,269.46,208.07,355.49,256.81,271.53,90.32,104.36,107.42,66.85,75.13
04-03344,82.73,293.9,377.44,15.13,331.9,364.49,219.2,204.51,205.24,72.9,77.47
04-03345,303.63,115.83,154.94,273.23,223.7,118.12,147.74,118.91,128.55,31.97,35.32
04-03346,387.6,368.42,418.91,350.93,391.71,374.46,171.8,139.55,139.05,13.67,11.76
04-03347,320.39,61.13,236.37,388.97,86.53,231.5,214.48,242.27,241.74,67.89,80.34
04-03348,433.58,344.94,263.58,442.06,397.64,303.12,111.83,109.95,110.49,55.76,57.79
04-03349,470.33,480.11,142.02,551.54,425.3,208.07,443.34,497.36,528.26,50.22,56.9
04-03350,115.48,454.69,477.13,119.17,449.23,507.11,298.66,326.24,340.04,76.27,76.84
04-03351,438.88,194.9,159.62,496.62,199.68,96.46,441.76,500.84,516.95,73.85,71.61
04-03352,179.37,321.77,137.83,120.78,215.17,155.72,235.1,261.96,251.91,76.81,66.1
04-03353,382.34,234.86,294.97,367.69,189.73,408.28,233.75,201.97,195.33,53.63,56.33
04-03354,61.9,227.25,109.42,220.36,221.27,54.14,133.45,159.2,151.62,58.33,56.75
04-03355,395.98,466.51,474.86,238.71,377.53,380.95,298.26,252.6,252.42,41.95,48.63
04-03356,419.4,142.21,136.04,420.55,112.88,45.55,337.22,318.69,297.46,10.99,10.2
04-03357,180.6,283.63,323.84,152.5,301.1,348.89,93.38,91.37,93.74,64.11,61.76
04-03358,455.37,261.57,242.22,510.01,297.57,356.94,352.8,383.51,369.65,60.15,71.25
04-03359,306.31,85.01,142.98,285.73,0.0,10.4,292.57,331.54,351.22,50.63,58.19
04-03360,83.26,318.03,168.42,144.39,303.79,187.38,114.55,117.45,118.9,77.41,89.44
04-03361,143.52,299.23,67.31,108.4,349.24,88.0,296.94,268.49,248.4,32.97,30.27
04-03362,120.21,240.0,176.31,190.77,302.93,171.28,245.93,234.71,234.54,42.09,45.22
04-03363,263.43,61.56,187.16,231.09,97.31,180.61,181.6,200.9,184.52,14.15,12.66
04-03364,239.74,119.97,314.51,233.4,99.57,231.13,104.54,94.77,100.79,68.96,70.12
04-03365,432.34,236.22,343.75,462.33,324.2,347.93,171.94,190.68,188.36,67.62,57.66
04-03366,326.02,120.37,130.11,406.62,99.39,252.55,414.59,349.48,329.42,41.69,47.27
04-03367,325.23,154.8,219.41,347.66,247.09,231.42,264.66,299.53,275.27,36.23,34.85
04-03368,201.67,314.1,487.93,121.25,334.42,515.56,299.53,346.14,355.86,51.12,52.87
04-03369,137.94,285.53,149.38,220.94,238.19,81.39,281.66,257.28,233.51,25.19,23.96
04-03370,448.03,350.95,108.06,455.25,364.76,158.45,294.9,346.11,342.63,21.96,25.73
04-03371,427.72,333.82,311.45,486.06,289.69,297.09,242.63,216.4,202.67,38.3,40.29
04-03372,200.45,221.63,313.74,285.82,218.22,358.02,188.0,220.75,206.95,75.78,74.24
04-03373,453.92,488.77,329.72,454.8,491.44,192.36,227.86,211.53,209.56,28.73,27.74
04-03374,420.61,482.69,266.4,446.82,463.48,252.33,425.67,393.74,383.78,33.8,34.71
04-03375,348.92,166.56,407.99,427.86,189.51,282.25,151.27,173.52,156.84,61.92,56.28
04-03376,274.8,318.09,322.65,251.58,257.88,413.59,403.03,356.32,369.5,43.89,46.99
04-03377,204.92,158.87,374.95,221.28,197.96,334.79,393.28,458.07,488.76,63.72,72.02
04-03378,113.78,203.3,102.22,108.12,160.34,142.57,212.2,181.94,170.31,57.44,47.73
04-03379,203.15,204.79,340.24,136.65,159.09,310.81,318.66,348.97,372.06,36.96,40.08
04-03380,260.55,258.09,410.52,337.07,243.71,361.75,330.08,272.81,260.48,27.58,27.85
04-03381,144.11,152.11,325.79,206.65,136.16,326.01,225.44,219.91,231.29,35.12,38.68
04-03382,110.02,225.71,177.92,37.63,176.96,271.42,376.92,321.04,324.58,12.87,12.83
04-03383,458.0,144.78,267.78,416.9,137.15,248.21,187.12,174.07,164.51,27.87,27.9
04-03384,236.72,229.99,134.75,233.4,220.77,170.67,87.37,80.41,80.97,32.04,33.36
04-03385,479.8,63.92,203.54,488.91,43.75,231.13,249.14,226.64,242.77,68.61,61.81
04-03386,285.39,89.8,246.52,248.21,62.78,378.61,266.25,249.6,252.37,13.26,14.06
04-03387,312.71,190.39,225.54,393.25,173.03,163.99,382.86,311.03,297.99,13.51,15.82
04-03388,445.94,245.59,121.14,416.22,363.06,77.66,378.72,428.93,390.8,41.26,45.83
04-03389,454.12,480.17,332.53,369.89,446.89,319.38,273.95,249.09,264.28,46.52,37.31
04-03390,152.99,409.54,126.52,169.17,428.48,169.76,221.38,227.97,227.82,30.3,34.17
04-03391,420.91,330.13,196.32,363.04,322.48,181.29,218.17,221.35,229.52,78.8,68.62
04-03392,435.27,218.78,133.85,420.31,130.51,125.12,351.76,383.15,369.9,75.17,63.49
04-03393,124.62,127.46,103.11,92.08,103.11,138.97,247.94,212.46,229.3,78.33,87.25
04-03394,126.53,490.99,360.66,172.47,513.29,358.25,426.76,344.69,361.39,68.28,79.15
04-03395,245.19,370.65,86.5,354.49,329.9,11.87,158.72,172.76,155.67,33.31,31.33
04-03396,210.37,312.74,489.77,207.76,397.91,359.7,230.74,250.57,260.59,26.15,25.0
04-03397,112.0,187.2,349.8,102.36,197.32,402.19,294.59,347.19,341.37,10.75,11.89
04-03398,392.02,436.91,269.01,468.69,418.88,168.76,399.6,368.03,374.6,26.26,25.59
04-03399,170.18,435.47,426.49,145.21,460.48,393.22,218.91,255.79,272.13,78.04,76.4
04-03400,193.98,389.87,305.42,232.49,391.74,215.66,161.35,189.85,182.28,20.18,16.45
04-03401,313.71,289.8,452.94,279.5,264.86,432.31,208.44,226.07,234.52,53.4,43.1
04-03402,366.04,222.06,263.34,454.16,124.4,289.42,131.59,142.54,150.9,29.91,27.91
04-03403,346.77,406.24,443.7,363.67,372.3,436.97,269.18,270.31,294.25,41.83,40.24
04-03404,118.87,378.15,280.5,91.38,359.75,234.9,330.47,354.99,368.94,22.97,20.1
04-03405,117.3,411.62,114.6,202.56,459.25,98.29,289.18,286.27,302.16,61.45,66.83
04-03406,316.87,84.31,434.38,157.98,172.5,459.09,160.33,133.88,128.31,46.29,39.7
04-03407,92.36,289.39,316.94,134.03,253.55,367.18,182.79,151.47,157.98,74.41,82.81
04-03408,252.37,214.25,86.54,167.65,79.66,101.7,219.21,193.11,197.42,64.43,57.41
04-03409,335.02,83.28,277.23,267.32,51.48,276.59,261.81,306.9,303.37,11.57,10.56
04-03410,496.33,167.78,385.89,500.93,66.79,343.41,202.06,201.39,203.93,12.54,13.62
04-03411,201.48,408.07,428.48,246.55,432.33,354.67,104.93,91.72,93.86,32.39,29.17
04-03412,453.41,170.94,151.15,451.38,264.94,233.47,193.91,218.88,227.56,72.49,81.52
04-03413,155.68,287.66,163.28,132.83,323.98,179.18,390.02,408.61,395.32,51.37,57.13
04-03414,436.56,104.04,261.39,446.2,0.0,212.34,233.74,222.95,238.5,49.01,57.79
04-03415,220.5,189.48,381.96,115.25,16.3,423.53,150.4,164.17,178.72,70.38,82.6
04-03416,353.64,267.79,154.66,377.24,303.17,249.42,373.41,426.22,433.08,20.83,19.29
04-03417,261.53,247.55,123.07,269.31,265.11,158.39,150.21,136.05,140.24,58.37,50.83
04-03418,390.87,198.49,375.93,383.34,220.29,237.19,253.92,220.17,200.28,55.97,56.17
04-03419,371.77,264.44,458.81,358.93,173.47,470.41,126.13,112.0,114.52,71.22,67.92
04-03420,134.41,443.77,401.77,61.81,450.69,448.91,123.59,116.25,107.32,28.99,32.2
04-03421,278.63,462.79,202.85,290.87,508.23,252.03,433.93,446.05,411.58,20.21,16.24
04-03422,454.96,477.37,434.65,440.31,589.99,488.7,100.67,107.75,111.5,31.98,28.74
04-03423,406.35,330.64,72.32,492.18,304.75,93.86,421.4,339.06,345.15,28.82,28.33
04-03424,148.07,173.89,219.56,0.0,105.65,307.82,290.86,346.86,337.29,69.42,74.08
04-03425,280.1,224.27,219.13,192.16,232.55,178.8,308.91,343.73,318.2,61.2,61.54
04-03426,348.34,241.12,468.0,274.58,206.63,418.47,279.7,265.77,252.57,24.42,21.88
04-03427,249.58,123.43,415.94,159.19,140.07,581.59,449.77,368.1,343.54,46.01,40.92
04-03428,314.63,406.72,197.29,255.24,428.5,201.88,215.8,216.99,227.83,34.28,40.49
04-03429,185.37,261.95,89.01,233.31,241.73,162.12,317.29,278.1,303.24,72.22,74.84
04-03430,164.33,155.99,288.6,173.91,131.14,261.04,140.59,114.43,115.75,38.15,31.1
04-03431,425.63,206.31,177.91,320.82,240.34,206.52,199.67,225.67,239.63,71.73,73.32
04-03432,287.27,192.69,483.99,304.47,258.37,433.11,341.9,311.1,296.92,44.0,39.16
04-03433,194.12,91.39,477.42,200.3,84.35,538.37,353.79,422.58,426.95,54.79,46.18
04-03434,362.94,498.51,88.06,271.01,541.52,79.18,181.45,215.1,234.93,65.7,57.89
04-03435,266.61,212.17,442.69,299.3,207.65,432.79,295.85,271.98,296.2,12.71,13.03
04-03436,324.88,385.84,426.88,361.06,343.02,537.74,332.7,278.1,295.97,19.26,17.2
04-03437,221.92,348.55,254.42,238.03,438.14,271.34,90.75,82.88,76.61,34.21,35.71
04-03438,381.97,255.09,449.08,313.24,266.11,377.67,105.89,85.94,81.59,70.42,80.13
04-03439,335.67,134.36,266.79,226.75,151.36,246.14,405.23,423.06,387.35,11.6,13.48
04-03440,232.9,277.25,301.69,210.07,324.67,265.58,96.23,99.4,92.29,63.56,68.99
04-03441,380.91,444.03,268.37,486.13,456.89,307.7,287.53,320.82,336.19,76.81,71.47
04-03442,203.55,432.2,347.13,279.43,421.14,365.47,144.39,166.47,173.83,25.22,26.72
04-03443,455.65,482.67,132.23,471.65,482.94,122.04,120.18,123.76,122.37,71.5,73.88
04-03444,197.18,167.19,127.65,127.09,131.33,0.0,144.62,170.47,169.9,15.39,17.26
04-03445,186.89,473.42,371.75,159.65,440.57,426.45,143.91,154.25,156.2,29.34,33.74
04-03446,181.89,478.45,119.58,176.05,391.19,65.04,293.72,337.18,335.66,45.6,52.87
04-03447,273.46,492.85,339.97,262.21,476.65,397.5,82.16,82.59,76.03,48.76,52.0
04-03448,315.31,481.09,301.65,319.13,481.93,319.09,258.98,263.15,262.99,75.49,61.77
04-03449,79.51,143.71,108.43,21.44,183.53,59.94,275.06,266.77,269.33,24.06,19.72
04-03450,438.87,124.33,103.33,396.04,97.34,158.75,241.96,281.93,290.17,48.73,39.06
04-03451,91.38,483.64,229.74,10.1,482.87,353.88,179.28,211.3,201.88,61.46,50.34
04-03452,81.98,396.56,386.11,46.48,391.34,368.96,426.2,378.5,370.99,49.29,46.16
04-03453,219.12,497.71,272.03,126.66,525.69,252.3,442.01,434.09,433.12,37.75,44.81
04-03454,91.32,487.55,477.77,112.49,481.08,552.98,280.07,231.27,239.77,56.66,46.69
04-03455,290.62,263.9,497.04,399.0,331.24,524.02,238.25,284.2,281.12,15.37,13.19
04-03456,161.98,473.42,139.96,155.59,514.67,142.63,162.64,141.72,153.43,78.9,64.52
04-03457,97.25,470.5,435.11,107.92,512.77,366.86,306.6,366.43,349.78,41.24,34.89
04-03458,221.96,476.37,175.52,257.52,495.72,224.07,343.91,288.38,268.95,59.13,58.89
04-03459,81.9,176.51,336.16,38.25,237.69,439.21,301.23,306.23,317.3,62.67,71.68
04-03460,482.48,420.4,206.24,420.93,534.82,215.92,431.05,408.31,391.13,74.05,68.42
04-03461,228.46,92.64,139.09,272.84,0.0,169.06,189.67,198.56,180.7,34.97,38.23
04-03462,485.01,124.64,309.13,434.38,119.67,264.47,385.69,377.8,389.26,76.07,90.41
04-03463,131.66,154.84,482.45,294.23,224.87,433.21,345.39,313.48,305.6,75.89,65.63
04-03464,229.42,77.45,362.1,292.87,7.28,338.69,101.18,90.6,96.5,37.16,43.24
04-03465,363.24,469.9,117.71,316.94,365.73,162.61,294.4,348.52,339.44,24.4,26.39
04-03466,312.54,402.33,463.34,340.78,287.67,417.65,268.39,248.47,234.02,39.65,34.43
04-03467,217.56,106.49,403.9,219.59,181.87,484.24,374.12,329.52,332.9,53.33,48.68
04-03468,247.49,460.52,272.13,237.86,413.74,244.89,197.83,185.92,184.57,65.47,75.48
04-03469,430.67,244.43,134.84,371.32,224.54,245.34,110.4,107.0,98.48,14.96,12.45
04-03470,95.85,438.79,497.56,85.0,550.8,592.63,358.56,300.06,303.12,46.31,43.2
04-03471,153.72,188.7,141.93,186.24,153.68,134.15,408.53,444.11,415.74,54.11,49.25
04-03472,135.71,61.58,120.39,158.62,117.0,223.96,118.05,132.29,143.89,53.88,57.73
04-03473,155.18,345.97,291.26,156.05,287.96,176.44,116.81,138.72,125.15,41.08,44.49
04-03474,459.41,458.8,113.42,404.57,370.25,91.27,126.95,141.28,139.42,23.2,19.35
04-03475,69.38,419.46,458.74,101.53,485.23,413.9,99.69,85.61,86.38,59.28,66.52
04-03476,209.52,273.61,479.76,303.67,229.74,538.28,284.91,262.93,268.35,57.99,48.82
04-03477,121.7,370.83,359.1,55.55,391.44,332.55,368.78,415.58,400.23,54.59,51.29
04-03478,224.44,491.72,325.61,391.25,558.83,353.34,298.19,245.76,270.13,40.2,32.83
04-03479,310.43,202.01,491.16,325.69,238.08,443.3,149.95,179.52,182.36,79.71,63.96
04-03480,120.15,470.19,166.72,85.76,527.16,174.27,91.78,76.55,71.8,15.23,16.72
04-03481,304.89,301.62,121.33,206.62,256.79,50.73,327.91,315.18,285.19,65.03,55.48
04-03482,129.14,479.16,334.54,53.4,449.06,317.71,186.66,161.44,162.36,14.94,14.95
04-03483,492.48,361.54,115.17,463.76,394.36,232.14,411.9,351.16,374.2,25.17,25.0
04-03484,138.51,364.83,216.04,75.48,450.18,260.17,396.69,407.25,409.38,76.02,88.88
04-03485,126.07,287.48,334.36,176.52,321.25,361.53,367.02,357.26,351.45,13.47,15.61
04-03486,459.18,362.95,458.18,476.44,287.81,495.05,120.1,137.24,134.43,67.22,77.69
04-03487,478.43,254.35,186.47,552.55,221.11,202.93,237.03,234.36,215.35,25.33,29.06
04-03488,240.13,229.69,189.84,245.64,327.31,102.88,401.82,329.52,352.77,32.94,36.07
04-03489,260.56,327.35,227.67,329.49,373.57,338.42,398.65,459.68,420.89,18.58,16.35
04-03490,74.56,97.4,499.92,33.18,89.24,479.02,331.3,351.64,318.09,24.98,21.98
04-03491,125.77,479.28,343.04,226.48,514.11,331.97,377.11,444.68,457.58,70.79,76.92
04-03492,205.61,260.83,158.59,153.07,366.15,349.63,434.7,438.38,422.75,44.51,36.89
04-03493,277.9,420.3,315.53,298.62,405.65,381.59,444.84,458.9,486.64,29.29,29.96
04-03494,186.87,260.37,460.39,259.83,237.75,525.31,124.28,121.88,123.72,40.48,44.85
04-03495,156.95,238.76,222.13,205.67,202.14,178.1,413.94,490.72,487.03,72.59,82.33
04-03496,415.43,125.92,111.82,507.82,174.43,70.73,225.08,213.21,219.71,12.3,13.9
04-03497,458.07,139.37,470.46,411.68,203.18,501.04,108.13,128.93,121.97,22.41,20.97
04-03498,211.94,91.68,64.3,170.92,113.99,0.0,369.33,432.85,430.23,39.26,39.04
04-03499,350.56,433.48,403.8,295.79,385.97,449.01,164.9,165.32,173.89,64.04,62.31
04-03500,332.63,346.42,406.57,313.56,332.99,440.53,84.59,75.41,72.24,35.52,38.19
04-03501,306.72,373.43,358.05,230.56,323.68,210.81,127.3,112.11,118.87,35.53,33.95
04-03502,373.5,450.75,491.69,296.9,502.7,476.28,385.48,377.59,404.36,18.94,22.44
04-03503,483.98,268.62,321.25,327.68,204.75,286.92,294.81,283.25,297.34,72.35,77.67
04-03504,67.82,466.11,266.62,69.49,452.66,256.74,221.43,187.32,172.21,32.94,28.63
04-03505,199.9,328.33,477.41,166.09,438.16,544.18,82.81,83.46,82.16,11.93,9.9
04-03506,238.19,430.87,480.8,233.95,504.18,499.32,414.8,410.22,410.43,20.99,18.72
04-03507,277.17,395.76,409.39,335.24,526.41,489.98,135.94,114.28,106.09,47.29,42.73
04-03508,475.54,162.26,300.92,436.94,175.24,372.02,389.98,438.06,444.09,56.92,57.1
04-03509,455.16,273.7,355.6,399.19,320.45,414.89,417.28,475.63,506.24,45.78,50.66
04-03510,398.67,449.84,247.58,415.43,420.9,313.34,163.19,167.89,176.52,19.81,23.5
04-03511,427.69,165.47,281.16,501.29,218.01,249.71,129.2,119.12,116.72,53.83,56.56
04-03512,83.59,429.49,84.55,91.94,403.68,203.94,388.44,414.5,409.92,34.59,36.78
04-03513,181.82,298.95,351.89,128.43,380.57,241.85,343.3,395.97,417.33,79.55,90.67
04-03514,196.99,449.54,120.62,144.08,519.8,75.53,211.24,174.52,177.83,64.61,74.58
04-03515,345.69,224.79,472.52,331.5,191.36,499.25,100.21,113.7,111.52,60.61,66.99
04-03516,156.22,189.65,415.28,157.21,114.42,413.41,151.53,135.91,132.55,79.34,82.7
04-03517,119.34,236.0,298.33,113.62,325.56,324.19,127.17,106.0,109.22,43.8,52.0
04-03518,313.05,188.47,153.74,295.13,195.37,195.51,314.49,368.54,404.49,46.3,44.85
04-03519,336.15,422.65,127.57,361.06,489.09,126.02,286.27,264.02,271.14,56.34,50.06
04-03520,459.26,225.22,246.92,560.29,282.24,258.69,262.75,256.86,260.42,75.65,86.39
04-03521,319.23,154.44,138.12,358.57,200.49,164.19,321.21,318.46,319.16,36.71,41.44
04-03522,354.5,451.91,235.37,404.56,431.82,240.68,124.48,137.75,131.33,32.18,35.36
04-03523,438.11,209.59,493.29,286.58,332.66,441.87,290.63,285.67,313.56,42.87,41.51
04-03524,317.83,269.0,233.56,276.66,289.3,276.02,254.57,218.57,223.83,50.81,52.95
04-03525,419.53,127.92,499.44,341.1,165.91,428.6,263.88,214.27,226.98,72.3,74.51
04-03526,117.03,128.31,179.8,54.9,85.83,271.32,210.59,223.68,208.0,53.45,62.06
04-03527,254.81,217.87,354.77,211.86,215.39,366.13,433.3,429.12,418.24,61.67,71.61
04-03528,306.89,461.3,235.7,500.11,468.29,293.82,382.22,378.49,392.34,73.34,86.91
04-03529,344.71,468.78,223.55,494.48,488.1,289.76,369.27,383.61,396.94,12.24,13.82
04-03530,313.67,60.1,437.13,343.31,54.11,426.59,340.69,405.18,389.52,72.08,60.49
04-03531,330.64,195.45,298.47,278.65,151.75,358.26,116.93,95.58,89.06,16.68,19.15
04-03532,221.08,69.41,372.4,298.47,52.76,481.54,187.96,196.86,214.24,33.96,31.24
04-03533,77.8,318.15,315.75,95.87,399.87,310.77,368.56,397.27,363.22,54.16,64.58
04-03534,243.0,247.58,297.63,306.51,215.79,343.49,316.02,334.11,342.16,25.74,25.34
04-03535,366.07,165.51,387.56,328.78,218.5,377.43,315.79,311.04,284.82,60.15,51.33
04-03536,214.39,99.49,320.31,121.42,188.22,368.17,311.83,255.36,232.61,11.24,9.09
04-03537,433.36,419.96,354.12,417.87,357.84,348.33,366.35,313.9,294.83,29.69,28.77
04-03538,454.16,408.65,380.85,510.14,515.32,499.29,317.25,356.1,343.39,78.14,66.07
04-03539,122.49,277.38,398.21,236.7,287.01,393.97,394.64,473.49,494.11,60.01,57.44
04-03540,89.35,128.68,203.42,138.21,128.6,86.41,146.08,119.69,110.97,77.89,76.52
04-03541,219.4,67.99,260.98,254.16,109.1,183.35,241.84,194.05,180.89,30.09,29.37
04-03542,364.84,474.55,322.78,427.66,507.68,311.5,319.06,379.13,383.34,78.86,66.47
04-03543,391.52,407.4,104.24,463.57,361.73,99.87,296.85,337.19,359.61,54.23,43.5
04-03544,212.11,174.67,152.0,161.8,247.18,247.75,107.05,116.19,120.32,35.18,40.95
04-03545,393.69,126.55,480.68,442.03,111.88,467.33,91.36,81.39,80.11,77.93,82.29
04-03546,72.85,359.01,375.46,106.62,388.19,329.58,447.1,515.63,494.97,27.38,32.22
04-03547,397.49,356.21,445.29,325.43,238.48,463.54,318.12,290.17,275.77,35.73,38.53
04-03548,144.16,320.1,388.55,232.9,281.51,350.02,299.13,242.1,219.2,74.34,68.84
04-03549,402.88,188.48,107.73,332.53,197.88,173.03,411.25,478.59,487.84,38.02,31.18
04-03550,339.88,479.12,131.8,191.25,433.44,183.58,405.04,387.75,409.97,63.72,67.38
04-03551,240.65,255.44,215.88,299.5,395.69,335.81,440.6,497.8,501.39,78.92,81.18
04-03552,372.12,238.9,293.33,462.2,202.65,298.97,346.94,328.64,316.52,58.3,51.78
04-03553,341.65,213.59,467.66,316.65,163.82,436.89,394.79,445.05,454.44,64.23,55.06
04-03554,374.07,414.12,236.83,428.23,419.72,221.29,445.26,372.01,399.86,46.51,42.27
04-03555,172.6,315.26,176.23,187.48,326.88,190.91,242.37,263.7,246.04,37.02,43.71
04-03556,81.68,70.49,349.98,160.01,94.7,354.11,230.1,272.13,284.64,56.52,57.71
04-03557,484.45,112.56,328.73,622.05,157.14,250.35,151.66,165.38,170.05,19.07,16.69
04-03558,345.26,290.86,464.85,391.04,409.91,489.81,254.17,271.21,289.81,46.39,47.31
04-03559,76.26,459.45,395.02,0.0,593.75,341.92,100.24,118.11,119.27,74.71,84.38
04-03560,237.36,313.8,178.24,248.32,279.33,178.45,411.8,332.53,327.07,15.05,13.8
04-03561,300.89,198.41,184.67,239.86,222.81,152.49,246.18,203.11,201.18,14.93,16.29
04-03562,159.0,81.32,223.29,258.21,54.53,156.27,267.46,300.0,292.35,38.38,40.34
04-03563,385.54,81.92,291.97,390.83,128.97,311.53,408.9,421.24,435.76,50.84,55.47
04-03564,148.95,142.43,233.67,166.4,111.07,234.57,415.96,485.87,442.55,31.15,34.91
04-03565,111.13,487.16,282.38,124.42,491.21,389.01,394.89,422.13,431.19,45.82,53.48
04-03566,305.33,79.15,343.93,276.43,7.76,305.97,278.9,243.8,241.33,64.14,67.82
04-03567,388.1,124.1,209.68,298.41,99.96,196.69,181.18,157.92,170.35,38.68,45.41
04-03568,464.84,69.22,181.24,361.68,92.19,228.82,441.49,359.11,324.23,41.2,43.47
04-03569,190.23,431.53,203.62,87.73,391.82,142.67,124.65,139.06,148.14,77.72,66.22
04-03570,121.28,193.39,331.71,165.44,139.06,366.47,181.3,192.77,205.71,67.83,54.44
04-03571,430.65,455.18,151.87,489.63,448.21,128.36,421.94,339.4,354.66,40.77,38.33
04-03572,304.76,429.26,322.6,406.67,469.06,325.67,105.4,111.97,110.88,64.84,57.46
04-03573,365.67,206.86,164.64,350.13,86.64,153.56,172.55,152.07,140.71,65.89,71.89
04-03574,300.4,270.11,103.48,312.12,178.65,149.87,169.92,160.57,150.89,50.42,43.78
04-03575,163.86,456.77,107.82,121.93,523.77,123.34,209.1,206.05,212.15,52.72,60.27
04-03576,140.91,102.04,155.67,17.29,97.04,141.36,363.75,427.76,440.06,47.69,45.24
04-03577,345.39,215.68,366.92,322.22,226.17,383.62,418.28,443.93,405.95,21.11,22.16
04-03578,239.47,458.22,180.82,290.35,423.22,180.12,247.99,242.52,221.55,26.33,22.26
04-03579,352.79,482.03,209.43,446.92,533.03,167.67,97.81,95.12,102.04,18.62,15.59
04-03580,208.82,470.38,90.77,128.38,438.65,170.55,229.81,195.3,186.66,52.48,54.79
04-03581,312.63,436.13,406.34,349.43,431.32,377.93,375.07,419.25,405.89,58.86,65.13
04-03582,339.67,360.9,397.22,398.88,306.37,329.75,165.78,193.84,209.06,51.74,49.92
04-03583,292.31,92.07,292.82,344.09,143.58,308.9,419.96,375.63,383.71,74.83,82.71
04-03584,414.61,261.76,343.02,459.53,313.3,390.02,388.12,421.38,422.2,39.8,43.31
04-03585,264.44,401.87,142.61,230.42,461.87,119.44,330.62,278.05,301.99,31.28,34.32
04-03586,244.85,396.5,388.65,227.57,373.46,368.52,377.28,374.23,356.57,55.93,65.48
04-03587,138.02,384.59,185.91,154.51,393.7,155.0,203.68,239.55,247.7,22.55,22.29
04-03588,392.04,276.65,228.88,321.37,313.9,205.77,105.58,120.53,123.1,74.91,87.71
04-03589,480.01,119.85,385.39,492.82,74.11,268.74,341.21,374.71,408.29,13.91,12.24
04-03590,459.68,452.0,80.36,575.6,474.49,22.75,335.34,290.19,269.96,63.43,63.35
04-03591,177.62,66.18,137.81,173.76,45.61,117.47,268.23,221.66,214.76,19.87,20.95
04-03592,109.23,220.46,97.23,44.25,192.43,4.52,201.71,208.82,210.93,77.81,74.65
04-03593,286.88,164.0,392.09,340.91,130.53,455.75,119.93,115.58,123.25,23.35,26.87
04-03594,237.11,368.85,142.93,301.8,395.76,136.44,381.31,375.5,403.66,21.28,19.37
04-03595,264.9,296.71,172.01,363.79,355.67,170.02,126.97,112.86,112.81,62.74,74.56
04-03596,291.82,477.41,273.9,273.41,497.65,178.15,278.21,315.5,305.16,10.76,12.24
04-03597,72.81,202.68,74.9,0.0,238.06,184.86,405.45,461.57,433.8,79.33,93.95
04-03598,281.04,135.18,286.99,276.3,85.16,275.06,388.11,323.09,312.59,43.81,37.12
04-03599,234.19,125.65,465.92,235.78,98.27,497.78,119.91,114.13,119.52,69.99,79.93
04-03600,172.46,301.33,184.77,223.46,249.5,105.09,299.88,275.57,301.77,43.3,45.53
04-03601,484.61,139.27,179.59,451.5,14.93,221.5,271.09,280.94,288.86,30.22,32.55
04-03602,71.65,428.27,252.56,44.39,357.44,278.71,307.74,367.45,347.49,45.31,42.96
04-03603,443.46,462.17,136.94,468.13,433.72,187.06,429.37,411.58,395.0,76.25,73.0
04-03604,385.49,161.79,318.66,423.17,200.03,288.05,135.21,130.19,134.4,54.02,54.98
04-03605,448.15,279.01,148.21,362.88,194.75,186.8,299.17,269.08,269.89,59.51,62.55
04-03606,256.72,438.79,110.53,274.79,298.92,26.35,233.32,201.57,202.97,77.06,77.47
04-03607,317.91,110.27,483.3,240.8,149.33,477.86,201.95,189.18,205.91,10.22,10.35
04-03608,183.85,88.38,462.29,105.54,156.66,512.77,358.29,304.45,291.89,14.8,15.53
04-03609,362.29,203.13,141.82,357.36,190.57,175.37,205.03,207.28,200.05,37.85,44.26
04-03610,337.81,192.38,347.07,323.44,121.52,376.96,428.08,349.11,340.68,71.25,57.91
04-03611,348.91,139.48,370.66,371.5,63.48,393.52,286.03,280.99,253.88,13.14,14.54
04-03612,218.6,368.9,286.45,327.22,453.84,305.7,328.35,311.08,300.47,10.86,12.22
04-03613,125.37,397.34,293.04,87.67,380.82,323.29,297.58,238.35,250.7,54.66,50.41
04-03614,405.41,414.61,418.38,410.18,297.18,336.9,444.57,381.63,415.17,38.7,37.59
04-03615,75.63,446.71,392.0,79.64,450.56,461.98,439.79,505.57,495.48,73.89,88.18
04-03616,306.08,261.83,383.5,382.47,184.68,372.69,298.85,278.94,258.62,40.02,44.8
04-03617,444.56,389.25,328.5,479.73,334.1,385.91,170.44,158.0,155.74,32.48,37.57
04-03618,335.74,353.37,128.46,395.44,413.78,88.74,376.01,308.66,308.93,42.54,39.96
04-03619,114.78,265.96,257.3,46.11,189.03,260.05,91.12,107.37,100.81,15.95,16.25
04-03620,452.98,251.5,498.87,537.17,248.57,378.4,217.96,221.58,203.38,29.1,23.62
04-03621,237.35,176.47,455.94,201.48,134.41,396.72,287.1,247.03,223.32,64.3,61.42
04-03622,365.41,476.05,370.48,389.14,625.27,372.85,206.88,230.54,252.48,21.51,23.94
04-03623,78.46,121.2,410.57,135.03,74.56,281.7,256.79,272.34,256.14,43.2,41.74
04-03624,112.03,179.94,276.8,143.77,151.98,321.65,362.7,299.23,298.23,30.49,31.4
04-03625,324.37,398.51,182.61,235.16,508.45,84.63,237.47,283.28,267.47,21.95,19.2
04-03626,370.66,158.79,281.29,350.0,165.5,172.19,373.23,393.81,432.21,18.82,16.11
04-03627,486.47,461.5,82.97,452.51,521.98,55.32,99.25,83.98,86.2,51.73,46.43
04-03628,460.55,344.08,446.02,474.95,199.78,485.57,84.31,99.83,102.72,72.25,70.48
04-03629,146.4,195.04,233.35,49.27,248.58,316.76,177.18,150.25,141.6,12.53,14.5
04-03630,249.97,460.3,201.05,259.27,404.93,190.96,175.29,163.1,172.65,29.45,25.44
04-03631,261.67,190.51,256.88,233.38,222.72,274.31,201.0,173.94,161.57,25.02,24.21
04-03632,335.45,366.8,447.27,343.74,373.96,477.6,164.19,191.59,181.63,60.86,66.46
04-03633,347.92,213.45,133.57,329.76,145.06,30.66,131.6,145.45,145.23,74.55,82.61
04-03634,166.82,309.12,405.59,169.53,316.93,379.46,268.59,309.89,337.52,10.25,10.27
04-03635,77.99,350.19,80.76,135.85,309.74,111.66,428.1,504.41,513.53,53.81,55.76
04-03636,384.63,456.03,267.44,446.64,402.68,296.18,386.33,397.72,400.96,25.11,25.02
04-03637,433.83,420.74,358.34,446.79,345.6,369.71,272.07,220.78,212.07,37.42,44.56
04-03638,318.14,225.97,165.15,310.66,178.04,301.35,273.64,234.28,232.77,33.27,33.42
04-03639,205.01,74.15,84.6,150.55,120.35,165.18,347.47,291.51,275.2,25.7,22.86
04-03640,366.26,64.45,77.88,396.45,87.98,108.29,186.59,223.23,213.05,73.05,63.28
04-03641,356.36,266.19,366.13,365.42,230.32,468.65,361.46,320.89,296.33,75.04,72.77
04-03642,455.98,384.03,385.82,427.38,433.15,458.88,303.85,306.36,292.81,57.45,60.62
04-03643,67.05,90.18,295.33,74.77,86.57,276.21,197.69,170.23,161.68,55.51,57.87
04-03644,338.03,248.66,253.18,268.27,259.06,179.04,160.24,132.83,139.91,73.28,79.97
04-03645,425.33,326.49,172.1,351.92,325.96,123.02,338.99,272.94,245.91,72.42,77.17
04-03646,103.0,410.65,398.66,136.02,355.97,306.97,387.31,361.25,356.89,32.27,33.77
04-03647,167.29,362.93,339.33,213.6,350.92,230.33,302.1,256.1,267.67,47.48,40.22
04-03648,217.55,298.31,195.45,158.99,245.35,200.07,99.86,102.59,99.61,76.75,89.48
04-03649,247.49,302.49,274.34,209.99,211.67,287.37,347.93,329.49,298.22,19.55,15.66
04-03650,74.37,428.14,194.13,57.81,405.66,230.08,296.25,251.94,248.81,37.72,42.86
04-03651,465.86,395.13,397.84,404.86,349.02,439.66,198.98,227.19,223.18,40.69,40.39
04-03652,407.62,310.67,300.76,551.71,335.16,296.21,189.66,192.44,180.78,41.91,48.44
04-03653,212.5,298.84,68.53,176.11,278.79,32.08,352.46,354.57,342.26,65.1,55.49
04-03654,161.3,487.19,369.48,75.19,442.6,477.57,241.21,240.37,232.47,58.5,52.21
04-03655,312.9,441.39,101.16,350.84,424.45,39.33,395.69,399.77,365.05,25.2,24.1
04-03656,175.67,340.27,328.38,80.66,376.5,342.02,412.48,343.78,334.39,21.74,17.83
04-03657,261.55,290.44,360.94,206.61,409.64,389.59,168.57,172.01,163.0,62.81,50.93
04-03658,327.24,258.09,62.77,450.81,166.41,44.78,206.52,244.6,236.81,40.71,38.87
04-03659,171.41,388.01,78.49,179.46,334.1,63.75,154.31,183.51,187.51,61.07,72.11
04-03660,324.12,86.33,193.62,300.56,93.41,168.65,307.13,315.83,332.91,66.06,70.08
04-03661,361.38,83.95,339.88,396.5,136.21,270.93,155.68,143.56,141.71,43.69,37.62
04-03662,332.9,431.04,236.5,417.76,568.49,280.84,232.18,216.27,232.25,67.97,76.03
04-03663,63.11,285.52,187.87,138.88,331.27,278.2,276.61,324.09,306.17,41.61,44.94
04-03664,387.2,76.66,99.68,337.19,21.63,75.45,224.02,241.27,228.94,15.86,16.05
04-03665,432.55,193.91,273.37,419.69,250.83,385.04,426.99,510.53,555.89,29.74,28.36
04-03666,330.08,294.51,166.3,206.54,386.26,220.08,335.6,280.52,257.76,48.18,45.91
04-03667,244.87,317.85,174.58,288.11,250.46,214.77,184.34,168.99,171.47,73.93,82.9
04-03668,458.48,272.34,303.58,479.84,292.77,219.58,349.51,293.86,304.04,61.96,67.81
04-03669,146.53,399.9,68.24,164.28,359.11,52.91,423.4,494.11,449.05,42.05,34.18
04-03670,211.97,165.24,378.48,240.99,77.86,395.07,381.39,425.16,461.8,43.67,47.82
04-03671,87.17,114.55,217.27,61.08,150.32,157.83,378.01,323.08,329.5,23.44,19.46
04-03672,66.22,123.78,141.92,58.32,195.75,214.82,162.5,152.14,142.62,64.75,76.88
04-03673,75.11,313.59,382.83,99.78,475.34,368.32,284.47,313.51,302.15,26.01,27.63
04-03674,421.02,231.59,253.75,427.85,208.6,260.44,282.43,314.39,284.36,52.41,62.14
04-03675,290.07,234.24,434.13,303.37,225.27,533.38,431.9,369.0,334.43,45.83,48.58
04-03676,188.39,244.16,213.43,158.74,74.39,146.22,121.61,123.19,116.97,71.87,64.06
04-03677,244.59,223.23,253.17,353.15,213.83,255.48,80.74,83.39,79.01,56.07,62.35
04-03678,372.69,64.01,215.75,419.34,58.17,255.09,306.95,254.58,255.8,33.58,37.73
04-03679,448.88,63.28,480.96,526.64,139.27,495.0,366.35,410.77,446.16,51.35,58.74
04-03680,441.34,460.13,119.38,420.96,504.01,57.18,118.13,114.23,116.7,72.04,59.19
04-03681,119.94,159.69,297.31,42.5,240.76,182.77,162.32,193.65,177.52,75.2,79.28
04-03682,322.68,162.25,355.53,336.18,152.16,297.13,200.59,228.86,227.91,18.03,17.72
04-03683,76.09,236.36,213.66,139.17,299.68,137.26,316.65,293.98,322.37,22.54,26.48
04-03684,222.45,64.49,451.6,247.4,5.73,403.52,169.53,168.91,180.37,26.61,21.76
04-03685,72.91,152.77,496.71,46.87,92.31,395.28,286.72,324.55,296.83,70.55,68.95
04-03686,201.7,416.87,70.45,194.43,468.16,83.92,155.62,180.65,177.4,78.31,75.75
04-03687,162.2,449.28,98.19,155.56,493.4,133.7,417.0,386.59,414.34,53.4,52.71
04-03688,474.31,150.49,351.37,570.5,43.39,350.36,403.66,480.42,486.19,21.13,22.88
04-03689,404.46,402.72,426.93,385.46,439.43,420.52,297.66,283.74,288.04,55.0,62.95
04-03690,293.16,395.09,405.63,308.61,368.37,529.28,88.53,98.21,105.49,16.68,17.44
04-03691,297.47,175.76,360.24,304.62,74.13,293.28,197.93,204.84,203.51,51.2,47.23
04-03692,196.26,105.47,416.25,224.72,100.44,365.25,251.69,222.95,210.1,58.05,62.61
04-03693,233.61,393.95,84.48,227.28,349.41,57.62,320.2,344.64,364.85,39.47,41.13
04-03694,177.74,110.68,391.71,272.43,14.82,425.57,231.37,220.57,199.05,41.74,34.55
04-03695,443.71,303.44,168.92,359.25,341.72,147.58,433.05,447.97,463.84,32.6,30.52
04-03696,333.63,433.32,171.2,367.92,489.99,267.83,109.4,124.42,119.55,77.96,79.08
04-03697,383.03,100.32,329.49,376.81,141.64,315.79,431.36,432.48,460.69,37.33,31.43
04-03698,366.31,201.03,111.95,467.66,229.39,183.94,181.53,189.89,198.57,76.94,88.45
04-03699,182.47,333.69,282.53,174.46,250.97,188.1,368.32,314.07,294.17,40.49,41.39
04-03700,95.8,421.92,245.25,180.15,435.12,262.63,178.98,171.43,165.81,24.49,28.1
04-03701,286.08,325.9,201.19,229.52,454.17,195.96,350.46,394.51,376.63,69.95,71.07
04-03702,104.38,276.23,94.32,130.59,277.47,24.23,403.81,437.42,420.83,59.17,67.22
04-03703,442.1,298.49,311.9,476.21,300.0,396.59,175.06,196.9,215.06,76.18,66.24
04-03704,405.97,463.19,72.92,363.09,423.2,68.27,258.69,266.71,257.38,79.69,86.24
04-03705,449.04,440.87,365.15,400.93,340.68,430.29,110.02,130.59,136.91,45.54,52.41
04-03706,429.89,290.3,157.2,420.94,427.1,147.26,223.59,234.4,217.01,19.48,15.79
04-03707,69.66,93.79,351.7,93.75,93.89,436.37,345.98,380.66,409.22,40.23,47.17
04-03708,82.03,442.71,326.56,63.42,427.26,386.33,328.43,309.71,291.87,21.99,18.4
04-03709,105.74,197.61,62.3,116.67,82.32,192.17,244.18,257.68,237.98,26.62,22.13
04-03710,381.45,75.06,263.02,346.01,36.78,263.11,339.56,356.26,381.54,65.32,76.96
04-03711,360.43,407.23,109.99,294.29,539.93,87.0,298.44,354.35,321.89,47.31,53.77
04-03712,137.49,366.39,213.1,155.77,291.35,274.69,274.01,289.79,300.66,21.23,22.59
04-03713,250.82,425.13,218.93,181.57,395.76,235.14,200.46,196.35,187.11,45.44,39.79
04-03714,386.12,320.23,233.82,404.04,296.96,269.39,207.0,199.11,182.41,22.15,20.88
04-03715,293.86,284.76,382.0,293.48,306.84,369.32,207.4,211.27,231.41,76.89,85.64
04-03716,266.65,107.07,109.61,365.44,118.2,124.99,382.72,357.3,360.76,24.58,25.2
04-03717,455.13,262.24,442.21,370.71,276.52,492.01,386.57,330.29,320.01,60.35,67.65
04-03718,166.05,144.74,216.47,154.87,229.14,172.7,248.78,235.54,229.45,70.63,62.65
04-03719,331.69,329.68,206.77,356.72,359.35,227.36,157.87,150.02,151.11,61.54,56.3
04-03720,224.46,464.19,217.9,366.76,574.82,238.44,435.51,351.39,380.17,69.09,73.41
04-03721,364.53,486.45,105.07,305.39,543.53,117.76,357.81,332.26,309.03,50.75,43.09
04-03722,96.02,365.99,326.97,124.34,404.92,322.61,348.37,406.4,402.46,36.3,38.6
04-03723,299.92,495.94,249.98,362.61,528.19,111.24,161.91,188.21,185.61,39.16,43.08
04-03724,314.98,307.09,347.43,310.0,251.11,330.07,229.96,219.62,216.64,46.88,44.12
04-03725,211.05,306.17,241.12,178.35,361.06,271.61,119.45,136.66,124.79,29.51,24.56
04-03726,94.8,324.65,328.85,146.48,273.48,336.24,216.77,173.92,189.03,51.93,48.66
04-03727,173.73,341.85,88.84,236.49,414.71,72.72,181.84,203.05,190.22,43.3,39.03
04-03728,99.76,203.34,409.96,1.17,269.91,449.98,262.54,223.1,238.95,54.32,45.98
04-03729,84.73,369.35,498.89,54.39,319.88,468.46,364.15,436.21,464.95,26.55,29.72
04-03730,287.29,328.84,64.74,224.5,355.63,36.89,373.74,388.24,414.88,71.57,82.84
04-03731,405.33,494.84,101.97,382.97,462.8,209.14,329.56,346.73,315.5,34.33,39.49
04-03732,299.64,60.93,89.32,176.61,89.39,49.54,410.74,355.54,366.91,41.66,37.37
04-03733,183.87,435.15,95.92,183.49,351.81,65.1,335.56,325.98,319.5,41.51,45.62
04-03734,365.33,405.18,450.96,460.45,306.7,479.84,185.64,214.12,224.5,64.03,66.58
04-03735,361.44,475.73,86.09,408.38,391.63,0.0,339.19,377.61,383.05,67.89,74.0
04-03736,225.24,336.28,325.4,228.65,372.15,318.01,355.58,417.28,399.16,69.75,59.83
04-03737,412.52,149.1,289.97,458.04,194.91,255.97,184.67,176.97,167.08,57.86,50.15
04-03738,427.48,228.59,328.98,444.82,253.6,322.24,295.44,255.6,271.84,36.47,30.98
04-03739,163.26,159.73,390.25,252.34,161.12,333.92,415.53,407.52,402.71,33.73,39.55
04-03740,96.48,331.66,408.61,121.59,438.58,346.33,322.43,291.07,318.26,77.72,62.76
04-03741,339.62,143.93,121.72,359.57,146.77,0.0,277.45,230.15,241.64,33.97,29.52
04-03742,294.73,254.72,463.96,289.14,254.23,463.41,127.15,110.53,99.76,43.39,39.4
04-03743,249.93,420.37,281.01,232.67,416.21,199.69,227.02,252.66,233.59,63.01,55.2
04-03744,359.35,249.09,378.92,367.99,168.75,425.58,222.56,226.46,208.59,71.54,83.97
04-03745,172.46,364.95,179.62,193.59,479.71,251.62,408.83,389.32,351.22,64.98,65.24
04-03746,132.4,406.15,74.43,166.21,550.76,246.88,212.46,218.5,231.25,30.71,31.21
04-03747,475.14,368.55,322.09,491.56,415.95,391.13,150.49,176.02,173.79,42.02,48.43
04-03748,273.9,314.92,460.67,274.56,285.29,625.75,172.86,157.26,172.05,10.35,11.78
04-03749,308.75,409.29,148.74,413.69,281.74,166.75,162.38,193.95,210.08,61.5,51.82
04-03750,214.67,186.14,454.96,195.1,129.86,472.11,127.77,131.25,144.1,67.22,78.46
04-03751,463.19,194.39,104.52,429.39,154.81,194.89,109.42,122.46,123.98,20.32,20.59
04-03752,484.19,485.99,110.84,503.62,463.63,76.31,187.61,199.29,206.71,24.91,27.03
04-03753,413.71,439.79,126.83,488.8,447.53,136.71,280.44,328.05,360.0,16.33,14.69
04-03754,180.31,423.78,271.22,230.88,312.13,362.59,372.11,310.58,300.47,17.51,15.18
04-03755,473.27,219.67,380.22,513.65,187.43,412.27,338.35,390.76,390.88,21.34,22.41
04-03756,276.71,349.9,218.62,398.57,235.93,137.53,396.86,410.83,405.41,26.86,21.7
04-03757,255.65,373.65,319.05,260.26,439.16,249.86,249.46,264.27,248.67,15.44,16.52
04-03758,174.04,142.87,229.21,201.37,197.95,83.5,313.95,345.54,371.91,29.67,27.52
04-03759,132.92,127.82,363.86,168.44,42.05,363.16,253.96,217.05,222.94,28.28,28.17
04-03760,268.49,146.82,429.29,244.23,92.86,495.01,129.98,119.97,111.24,52.01,48.45
04-03761,317.96,323.43,465.45,261.14,285.97,479.71,424.71,410.76,389.96,11.15,10.14
04-03762,452.06,296.45,147.94,382.18,344.25,175.81,155.98,169.39,158.94,59.6,58.3
04-03763,458.89,455.58,329.99,527.98,462.29,322.9,173.44,163.42,163.02,25.93,26.42
04-03764,479.25,251.85,364.19,437.64,268.21,291.6,295.98,254.21,231.69,70.12,74.09
04-03765,355.91,259.71,130.58,338.62,322.23,227.55,226.0,195.41,199.01,49.71,50.09
04-03766,82.82,443.73,325.29,62.66,328.45,363.24,124.45,141.17,129.03,44.92,44.91
04-03767,415.69,238.22,288.0,387.57,310.8,345.95,278.21,243.05,265.16,49.37,53.71
04-03768,439.59,393.51,270.45,430.85,457.7,222.78,328.43,282.02,304.32,41.46,47.57
04-03769,115.06,281.06,340.15,42.05,326.13,342.82,437.54,437.78,451.84,17.99,20.3
04-03770,434.85,490.68,450.69,496.83,521.48,516.11,200.69,211.25,201.6,71.56,76.46
04-03771,371.13,329.92,396.77,334.15,319.87,257.97,378.95,423.69,461.19,32.13,37.46
04-03772,66.57,409.28,422.14,129.07,414.93,423.73,244.17,243.78,222.4,59.45,58.57
04-03773,342.53,264.82,387.88,325.26,189.81,433.31,419.95,428.05,387.45,38.44,38.23
04-03774,424.14,101.27,313.35,389.8,150.17,361.64,324.22,303.59,294.47,65.67,63.9
04-03775,302.96,395.87,105.72,211.09,362.77,29.49,151.94,158.25,162.72,42.96,39.37
04-03776,336.44,96.84,250.25,233.59,181.56,279.79,419.91,487.14,457.33,49.06,48.62
04-03777,173.93,475.99,105.76,159.94,498.71,89.83,428.6,362.2,376.38,73.73,83.62
04-03778,182.12,495.83,463.25,105.56,569.82,483.12,319.59,327.0,357.82,28.75,26.13
04-03779,115.47,133.61,322.93,69.49,0.0,265.32,275.61,316.45,312.33,53.89,61.38
04-03780,396.94,425.07,421.22,450.09,429.99,399.14,270.9,263.45,247.86,63.15,54.5
04-03781,252.31,168.91,417.14,227.05,183.95,499.55,334.13,285.47,298.62,47.91,52.97
04-03782,199.09,411.32,265.29,203.86,344.42,203.28,308.49,314.9,339.9,24.99,20.86
04-03783,120.12,182.89,316.58,132.01,180.31,218.04,91.9,92.06,89.32,59.93,55.89
04-03784,339.58,254.33,442.07,332.26,292.62,374.29,130.3,136.65,128.94,68.15,57.17
04-03785,221.68,448.23,493.0,277.79,476.55,547.79,273.84,242.28,254.04,77.95,89.08
04-03786,92.26,229.32,428.94,129.97,226.0,453.06,360.34,325.27,352.54,19.39,19.76
04-03787,209.72,82.81,369.88,147.08,52.99,351.33,152.73,153.86,160.01,13.14,11.95
04-03788,364.51,388.2,393.18,446.5,489.38,438.6,402.14,417.7,446.69,77.72,89.53
04-03789,353.34,179.5,220.22,284.71,76.4,119.75,433.86,491.25,451.61,65.66,58.77
04-03790,85.63,351.93,195.25,90.04,385.68,150.01,393.2,331.12,350.15,61.89,70.13
04-03791,401.13,61.56,468.93,384.45,122.27,439.87,98.61,93.78,93.91,76.72,89.16
04-03792,237.96,370.94,127.07,317.75,338.82,90.01,388.47,376.48,402.42,45.87,53.7
04-03793,65.55,410.45,146.4,64.3,376.87,182.69,436.63,429.28,404.51,75.66,64.15
04-03794,376.86,490.54,330.04,483.15,470.81,312.29,324.54,363.8,373.94,27.63,28.75
04-03795,75.14,125.17,399.76,104.38,116.21,355.52,163.14,192.69,179.45,54.71,62.34
04-03796,291.75,153.51,220.38,363.75,133.94,192.66,282.44,263.92,264.45,32.58,27.52
04-03797,402.82,457.06,71.16,402.24,424.58,48.24,116.75,121.61,133.37,36.67,31.54
04-03798,446.87,480.74,189.43,474.9,541.96,257.09,169.59,152.25,149.13,47.61,45.24
04-03799,368.24,249.6,397.11,344.72,162.1,368.16,180.31,176.61,172.47,29.8,33.34
04-03800,94.57,372.4,213.79,87.64,337.03,116.76,301.06,318.17,287.37,43.88,36.79
04-03801,180.11,63.38,230.34,83.37,111.55,236.79,398.93,465.22,434.63,50.35,48.54
04-03802,144.57,68.27,187.95,143.81,149.65,132.24,259.65,294.35,280.11,41.28,47.48
04-03803,412.77,220.98,457.24,390.84,132.8,439.67,130.95,127.14,118.8,25.9,23.4
04-03804,141.68,452.76,155.72,81.39,556.04,94.76,440.47,423.92,444.65,61.42,53.39
04-03805,445.32,213.36,77.47,431.01,367.44,50.03,319.73,262.91,282.0,59.11,57.07
04-03806,110.92,264.17,378.8,124.57,206.9,365.97,84.47,98.01,102.26,38.09,33.23
04-03807,224.47,277.58,174.18,259.94,307.59,191.44,310.2,259.06,281.21,25.84,28.04
04-03808,404.9,183.07,377.4,378.04,156.47,358.92,400.33,355.03,384.01,13.22,14.7
04-03809,81.28,317.7,473.3,81.86,270.4,449.96,221.32,217.99,197.58,48.91,39.64
04-03810,362.68,408.08,135.3,441.33,434.4,130.12,269.28,322.7,332.74,38.22,39.02
04-03811,462.99,234.58,281.09,399.98,262.04,217.35,281.03,241.58,253.34,48.0,50.46
04-03812,67.35,148.06,85.47,82.35,102.64,131.51,390.79,426.24,450.62,54.61,47.68
04-03813,390.27,300.98,330.78,292.16,257.85,295.55,143.65,150.69,144.14,72.26,62.89
04-03814,172.95,180.48,167.67,279.61,102.97,279.17,380.24,392.57,368.96,76.62,88.22
04-03815,119.5,79.58,348.51,100.07,0.0,390.59,254.77,274.41,250.29,44.21,36.06
04-03816,130.92,276.96,436.23,236.39,302.19,359.35,301.07,267.47,246.1,51.32,54.26
04-03817,161.08,402.57,183.12,226.45,376.53,235.5,262.82,215.53,214.16,47.86,41.13
04-03818,455.56,384.23,60.84,403.05,357.53,142.82,433.37,430.24,400.27,36.18,40.28
04-03819,315.84,405.2,109.15,351.57,376.14,96.69,169.75,195.73,185.44,55.2,57.31
04-03820,128.73,402.51,386.74,202.85,390.15,492.86,387.23,311.13,294.07,76.75,72.47
04-03821,332.08,297.8,197.09,334.04,296.65,100.39,400.91,457.07,462.05,21.69,19.52
04-03822,491.22,180.81,346.93,416.81,240.08,352.83,424.21,366.5,377.81,64.13,60.14
04-03823,132.55,471.79,379.91,119.35,436.85,362.16,146.84,130.06,118.05,49.94,50.13
04-03824,423.64,223.01,485.31,539.17,151.88,522.87,230.15,233.93,241.14,11.61,12.74
04-03825,135.35,120.86,407.72,83.56,88.65,363.62,239.23,252.34,252.25,54.55,53.81
04-03826,334.75,490.12,435.32,334.87,509.98,503.37,374.28,438.19,413.75,52.67,55.32
04-03827,209.92,487.36,426.31,233.6,528.44,469.34,395.67,359.68,345.84,59.57,60.2
04-03828,478.91,227.9,171.28,538.52,306.75,175.22,186.78,151.09,161.8,15.57,13.59
04-03829,370.69,173.07,103.77,505.23,278.17,97.48,292.06,337.81,356.3,37.11,39.97
04-03830,259.98,221.42,302.77,353.23,141.68,287.57,122.01,136.18,122.78,47.98,44.47
04-03831,127.0,338.18,72.79,173.06,287.71,0.0,449.41,412.04,399.35,33.67,38.63
04-03832,469.3,106.57,432.51,455.86,123.9,395.44,199.12,186.73,184.38,19.61,20.38
04-03833,163.29,348.27,295.82,162.44,320.08,404.53,420.87,500.91,532.09,43.96,37.34
04-03834,454.77,459.14,161.52,479.34,433.91,256.21,152.33,163.84,169.29,44.17,52.54
04-03835,172.04,118.32,305.78,69.38,95.57,375.68,272.66,300.06,285.2,65.65,57.3
04-03836,496.07,392.9,441.81,534.24,377.25,465.72,273.84,253.15,247.43,22.59,19.35
04-03837,434.02,495.07,318.92,466.32,487.21,266.29,286.06,294.09,267.79,46.38,52.79
04-03838,462.72,445.09,195.37,398.35,510.0,301.88,188.2,200.58,219.27,52.41,54.11
04-03839,140.77,394.59,207.26,230.36,374.8,239.58,416.7,358.67,347.76,21.31,23.35
04-03840,456.39,86.28,251.88,575.87,10.64,328.87,282.32,266.58,273.01,34.69,40.07
04-03841,117.3,379.25,131.51,71.23,396.95,83.79,226.27,227.15,239.25,16.48,15.63
04-03842,228.97,292.43,101.59,222.73,257.9,151.74,273.63,229.84,215.84,31.15,33.38
04-03843,176.7,388.89,427.17,133.97,439.3,410.76,204.99,235.13,213.24,24.98,22.61
04-03844,375.17,419.9,439.25,478.4,462.33,453.81,107.53,98.24,90.07,12.51,14.03
04-03845,120.57,316.36,373.98,57.73,311.51,429.54,386.76,409.82,389.13,70.62,61.59
04-03846,189.03,64.86,136.4,222.9,8.05,113.89,146.59,164.5,156.35,21.68,20.17
04-03847,438.17,269.03,351.26,388.74,281.32,365.74,149.93,120.04,116.38,44.08,35.93
04-03848,89.27,109.93,131.83,241.06,89.06,158.6,322.96,297.93,324.89,44.93,42.46
04-03849,148.22,139.77,285.54,162.1,97.31,235.04,222.66,221.14,226.71,61.48,65.99
04-03850,268.64,306.78,356.36,190.33,216.52,461.47,292.98,249.52,235.75,36.74,33.26
04-03851,205.23,249.67,62.98,322.67,263.07,125.35,205.76,174.17,188.57,28.56,24.15
04-03852,424.29,423.34,303.1,374.81,474.97,336.09,348.92,376.96,383.61,41.45,48.53
04-03853,296.76,136.03,268.34,379.54,14.48,320.4,310.47,318.84,322.89,43.03,34.82
04-03854,488.76,63.62,143.6,575.55,0.0,108.35,304.68,296.12,286.21,22.66,20.45
04-03855,189.76,117.8,399.08,123.01,25.99,460.31,366.14,430.97,391.27,46.96,48.09
04-03856,468.06,396.96,231.61,519.16,410.1,219.94,278.84,302.2,309.68,50.44,44.67
04-03857,208.71,193.87,283.02,293.01,340.09,201.94,277.35,241.38,256.32,15.08,12.32
04-03858,125.89,113.76,206.94,138.57,115.25,246.83,185.54,201.68,197.58,16.95,17.87
04-03859,75.58,97.48,435.93,85.88,110.02,420.04,268.57,297.78,283.06,13.27,12.18
04-03860,477.87,227.28,178.92,555.93,131.49,177.66,200.67,207.49,200.48,41.38,43.77
04-03861,208.58,213.02,92.27,161.82,117.32,54.77,421.64,353.83,351.03,43.24,39.38
04-03862,178.53,167.6,267.49,190.29,12.47,368.72,247.06,280.32,276.71,17.58,15.93
04-03863,277.91,495.14,121.12,281.45,458.25,113.61,372.76,331.44,314.64,74.3,65.65
04-03864,252.22,170.52,267.84,201.84,134.98,341.21,124.97,140.65,128.14,23.21,19.85
04-03865,68.09,333.51,336.45,0.0,323.06,441.64,294.46,333.26,330.05,66.18,70.52
04-03866,395.68,499.95,173.06,437.61,608.47,233.79,373.47,426.69,420.92,61.04,70.15
04-03867,314.95,418.14,93.88,230.84,349.66,97.81,273.32,271.68,294.01,45.07,44.53
04-03868,278.48,462.81,335.81,234.44,456.56,294.2,413.39,351.84,345.09,10.53,10.68
04-03869,360.59,255.85,147.52,351.62,233.7,233.48,321.06,315.17,342.38,10.68,10.37
04-03870,147.78,122.69,68.71,82.66,119.22,125.46,92.66,82.61,78.53,77.13,77.0
04-03871,105.17,90.21,157.7,150.95,133.36,118.81,183.58,211.23,211.93,33.3,30.97
04-03872,229.78,435.67,158.1,234.89,451.88,213.0,156.4,166.13,153.33,72.63,60.51
04-03873,470.14,475.95,454.69,450.32,494.51,450.13,97.43,79.39,77.69,75.12,62.04
04-03874,218.43,79.43,263.36,236.31,65.1,269.25,223.31,236.36,256.49,27.56,28.62
04-03875,266.81,407.76,443.65,213.03,385.3,520.7,265.89,239.7,220.28,59.26,67.24
04-03876,73.04,397.88,230.22,35.9,396.31,193.8,244.31,225.3,222.32,13.71,11.77
04-03877,217.67,403.45,489.06,173.77,244.45,404.02,211.41,234.97,222.77,59.42,64.97
04-03878,325.43,443.57,328.12,354.21,491.38,307.93,423.82,343.08,350.69,16.48,17.14
04-03879,384.67,302.32,384.35,368.37,233.59,361.72,286.84,315.71,286.97,34.17,28.97
04-03880,151.67,475.77,192.52,170.92,452.66,213.96,221.48,249.63,230.41,63.65,63.48
04-03881,77.15,446.06,439.32,125.11,492.6,457.08,198.94,170.23,173.35,53.67,48.26
04-03882,490.48,191.2,444.58,426.96,35.67,422.21,92.75,109.24,117.81,57.69,67.72
04-03883,65.33,217.57,213.05,67.49,238.84,110.04,307.74,330.34,297.63,32.64,32.62
04-03884,407.0,494.64,307.67,354.84,476.26,281.21,396.38,424.12,414.9,13.25,13.62
04-03885,306.01,76.03,158.63,333.88,57.46,149.89,155.65,142.08,128.72,33.32,38.81
04-03886,249.02,368.19,107.1,216.72,481.51,71.71,199.1,199.94,211.84,37.08,42.38
04-03887,470.67,222.83,97.83,394.85,234.66,26.0,141.6,140.49,147.71,47.69,44.4
04-03888,108.59,487.4,272.64,161.8,448.67,289.33,389.43,385.03,422.76,11.21,12.47
04-03889,226.63,198.74,386.88,166.55,98.95,488.4,127.94,144.38,141.86,33.04,30.1
04-03890,322.49,113.1,175.52,236.31,0.0,102.86,438.19,413.99,438.97,35.28,38.48
04-03891,346.21,163.32,378.62,320.82,96.35,435.97,279.18,284.56,265.38,75.91,77.25
04-03892,151.04,156.16,248.95,190.76,126.28,192.29,412.26,439.09,395.55,58.97,49.73
04-03893,254.3,199.03,270.2,270.29,128.38,166.98,286.95,331.32,361.76,27.74,22.61
04-03894,89.83,420.07,82.41,101.79,478.52,163.28,414.47,458.09,440.01,20.53,16.65
04-03895,493.11,154.67,146.43,537.68,0.0,115.51,350.53,353.39,376.22,60.12,60.63
04-03896,141.39,199.25,484.18,162.18,143.92,436.19,85.54,94.43,91.75,21.29,18.38
04-03897,110.16,102.89,355.38,97.0,94.8,299.89,205.16,193.26,207.96,48.59,41.49
04-03898,317.78,288.17,320.62,275.91,347.82,309.84,138.6,128.79,139.91,78.26,63.33
04-03899,217.6,368.25,460.07,257.36,419.62,445.98,276.82,297.78,301.58,70.57,59.8
04-03900,225.84,175.06,443.64,178.5,218.59,488.93,226.35,228.26,226.36,13.36,14.73
04-03901,400.86,267.37,432.0,486.23,218.14,400.47,126.59,111.71,103.11,31.02,31.39
04-03902,184.25,439.88,226.4,148.05,527.08,157.93,402.64,389.34,407.02,19.82,16.37
04-03903,491.61,220.07,478.27,509.29,262.28,453.05,252.8,217.87,201.82,24.27,23.17
04-03904,306.31,340.6,95.61,261.7,471.0,258.45,405.11,468.15,440.44,72.38,79.82
04-03905,464.1,290.77,372.39,494.82,301.1,357.76,384.54,349.6,350.44,17.93,15.42
04-03906,133.77,219.26,279.18,143.29,171.96,320.93,91.78,101.21,92.65,46.59,39.21
04-03907,281.6,253.99,397.69,296.47,265.36,369.02,409.56,374.49,367.99,39.27,37.02
04-03908,289.16,277.12,91.53,297.89,200.0,132.08,97.57,97.79,95.98,57.31,49.72
04-03909,441.34,221.31,437.88,419.41,167.28,375.16,350.81,325.5,352.06,43.86,38.09
04-03910,379.59,185.76,102.85,395.15,249.71,73.26,354.47,393.41,399.07,55.43,46.97
04-03911,126.35,282.54,344.38,149.2,138.34,252.97,94.41,112.73,117.98,56.85,48.64
04-03912,109.36,330.84,308.57,93.7,296.83,339.98,114.04,127.77,121.47,39.86,39.83
04-03913,477.06,119.31,78.18,434.64,216.96,110.62,270.45,282.3,262.08,57.85,68.36
04-03914,257.37,81.77,86.18,288.4,100.13,156.08,259.32,229.17,232.81,19.75,16.32
04-03915,340.21,457.59,281.49,388.8,471.38,285.82,417.02,347.81,375.28,31.56,32.54
04-03916,255.38,441.91,394.48,347.64,515.68,300.8,320.9,355.31,355.09,79.74,67.2
04-03917,342.9,92.92,142.94,310.78,235.16,76.23,363.78,342.8,371.31,43.91,37.91
04-03918,77.81,394.67,440.44,86.52,325.41,375.35,333.49,335.33,353.26,20.45,23.41
04-03919,412.31,429.55,287.71,432.42,439.56,376.0,429.1,408.47,419.56,19.02,20.94
04-03920,198.82,261.39,349.08,198.26,216.35,313.31,92.39,85.71,78.9,66.94,54.16
04-03921,428.3,289.97,195.83,414.49,337.8,134.79,307.47,356.23,357.39,18.77,15.07
04-03922,212.43,203.04,222.99,163.14,416.51,245.81,189.97,186.35,203.84,69.13,62.27
04-03923,443.45,161.98,275.91,532.75,139.89,273.47,198.08,209.16,207.44,79.99,71.03
04-03924,128.76,320.15,320.31,132.92,244.25,296.4,143.98,171.74,175.66,61.56,57.09
04-03925,61.14,282.86,242.63,0.0,290.13,201.03,240.35,253.12,257.35,28.0,32.78
04-03926,438.81,81.22,494.91,473.76,43.22,522.87,393.76,425.96,384.71,12.71,10.74
04-03927,437.84,400.06,210.92,498.65,381.14,288.02,193.04,184.74,187.82,72.84,72.9
04-03928,238.52,189.84,163.76,234.26,136.24,95.18,259.0,286.9,313.8,26.43,25.89
04-03929,198.91,461.93,351.96,135.16,408.09,326.12,235.7,266.5,254.0,64.74,57.23
04-03930,107.24,472.17,342.9,115.04,510.6,393.26,440.17,392.17,360.27,46.21,47.95
04-03931,430.9,489.67,147.21,446.48,398.52,145.72,428.15,425.47,390.57,70.66,68.25
04-03932,141.44,84.44,321.35,183.71,133.93,259.91,137.87,163.46,151.78,62.45,68.14
04-03933,237.74,86.28,71.68,397.44,106.1,113.48,155.12,168.78,172.57,29.07,27.13
04-03934,359.67,270.41,425.3,335.87,271.94,439.36,350.35,380.99,359.83,17.59,15.24
04-03935,221.54,381.81,447.96,236.83,389.29,314.38,373.21,389.2,366.38,18.89,17.4
04-03936,166.54,193.2,450.25,206.33,274.68,473.0,126.17,129.77,131.44,10.85,10.99
04-03937,131.9,392.59,335.94,173.94,463.8,334.26,109.49,111.62,111.83,49.86,40.04
04-03938,80.5,430.8,451.22,66.7,444.9,378.93,440.19,470.23,437.08,30.18,31.54
04-03939,305.4,414.52,333.55,255.69,440.67,287.2,95.7,84.92,82.26,66.95,73.78
04-03940,479.05,257.89,288.63,499.93,209.92,252.06,134.25,157.61,159.24,11.81,11.42
04-03941,62.72,255.29,269.61,51.56,247.71,237.91,326.58,347.97,325.44,45.39,40.98
04-03942,180.06,337.1,152.45,83.87,366.61,138.39,388.74,465.47,510.11,25.67,20.96
04-03943,483.27,158.39,162.9,555.22,194.0,244.89,445.55,428.14,415.0,14.71,15.07
04-03944,451.91,373.43,448.65,346.03,328.44,436.13,440.48,424.27,423.41,27.88,32.55
04-03945,217.77,87.91,130.46,281.71,57.18,97.71,302.51,248.32,245.31,37.45,42.25
04-03946,296.76,401.04,367.75,262.76,446.67,446.11,382.35,318.83,342.87,10.46,12.45
04-03947,482.49,397.92,168.72,515.61,408.11,73.15,165.53,176.01,162.86,76.78,90.26
04-03948,126.62,470.25,216.72,94.11,518.88,159.87,396.16,366.24,397.65,15.95,17.38
04-03949,327.33,285.94,120.79,317.63,343.94,24.82,387.72,314.22,335.73,69.45,78.82
04-03950,111.72,499.95,263.47,67.03,501.41,436.18,434.27,423.73,396.02,52.84,55.37
04-03951,380.38,420.48,69.88,414.9,286.96,94.71,132.79,158.22,155.01,67.77,62.74
04-03952,309.83,226.66,306.77,279.98,210.93,174.64,143.59,118.03,128.11,41.65,41.18
04-03953,220.66,145.85,340.23,350.25,152.53,252.54,369.24,380.55,351.74,54.93,55.23
04-03954,73.84,424.42,189.04,42.01,401.52,144.15,274.32,280.16,285.73,28.2,26.25
04-03955,113.54,230.38,105.76,13.15,191.92,98.61,236.71,224.63,237.74,63.19,58.32
04-03956,443.95,487.57,179.48,350.16,559.68,211.25,117.4,140.35,148.78,13.74,13.68
04-03957,216.56,147.78,419.43,216.75,160.65,429.61,360.24,294.76,271.73,76.43,80.73
04-03958,472.52,498.88,121.03,641.8,553.04,102.55,312.66,338.67,305.09,62.28,55.89
04-03959,468.77,448.34,253.46,476.76,483.6,329.84,266.46,309.92,337.96,68.71,79.24
04-03960,398.36,346.76,195.21,361.62,355.81,218.39,127.99,134.43,131.08,41.59,37.18
04-03961,200.79,151.5,183.71,100.51,142.54,347.47,300.78,309.23,321.32,62.58,66.49
04-03962,162.53,149.48,212.23,171.57,184.89,295.88,372.02,300.96,277.97,13.12,12.13
04-03963,113.11,480.06,225.73,120.79,459.51,276.26,312.71,292.58,290.1,76.56,85.32
04-03964,374.85,403.79,254.86,334.17,391.11,247.26,189.27,205.68,186.29,52.96,48.88
04-03965,108.43,465.64,93.23,101.97,489.14,74.88,199.66,169.24,167.07,26.58,22.28
04-03966,197.92,127.99,440.98,152.47,133.48,470.58,353.16,326.86,325.49,29.4,25.34
04-03967,359.45,298.43,408.75,336.62,289.45,334.05,285.4,323.04,322.24,22.07,18.25
04-03968,240.9,471.75,346.04,357.34,397.36,260.84,439.39,358.44,388.09,62.64,51.61
04-03969,276.8,448.74,242.48,291.14,506.46,147.47,380.03,376.23,411.44,49.58,51.77
04-03970,107.95,477.1,154.3,75.89,406.05,120.06,103.04,82.91,87.52,75.99,85.73
04-03971,481.91,138.43,487.57,435.8,124.56,489.65,415.13,369.47,372.9,48.66,43.92
04-03972,272.63,235.28,487.74,255.3,273.92,517.04,407.45,409.7,375.95,61.59,70.64
04-03973,449.26,132.15,340.81,418.41,64.5,256.84,210.83,192.02,207.89,66.01,59.15
04-03974,131.8,261.46,396.42,63.12,268.68,471.34,159.94,191.89,190.05,44.93,40.85
04-03975,227.83,300.14,238.33,236.03,325.57,282.44,132.4,158.87,174.35,65.51,75.72
04-03976,104.69,455.16,349.73,77.63,450.1,337.86,360.37,340.27,356.77,27.61,27.4
04-03977,399.99,87.23,357.51,538.14,33.25,339.57,218.57,234.24,226.09,47.96,56.79
04-03978,234.59,465.76,367.66,216.04,515.97,301.39,174.8,157.34,166.68,45.24,51.61
04-03979,262.06,168.04,84.42,240.2,201.77,8.94,170.52,188.78,198.29,28.76,31.05
04-03980,212.16,408.35,415.22,262.24,608.16,450.97,133.4,108.86,98.01,48.3,46.5
04-03981,172.03,188.42,275.28,106.1,209.42,220.74,138.72,159.63,168.61,15.65,12.73
04-03982,482.68,86.93,463.18,439.55,53.16,504.38,199.1,188.4,200.09,29.52,33.5
04-03983,403.3,127.55,121.0,397.98,219.76,256.97,373.38,320.4,340.94,29.43,33.37
04-03984,117.54,204.48,460.96,127.68,111.97,463.28,193.51,181.46,197.12,72.82,84.6
04-03985,457.97,350.55,121.79,401.07,349.49,108.07,255.34,220.57,213.63,50.35,54.93
04-03986,166.79,146.25,67.96,205.47,190.14,61.22,311.19,320.36,312.81,62.64,62.15
04-03987,313.4,245.87,212.51,371.56,291.35,121.5,310.13,269.68,259.38,53.52,53.38
04-03988,468.7,423.0,230.07,619.48,420.07,166.86,345.42,299.65,315.63,66.81,75.56
04-03989,65.08,464.47,360.48,0.0,375.09,359.72,105.54,121.08,129.01,42.62,44.27
04-03990,213.85,162.72,161.92,285.85,169.29,100.49,155.69,185.62,179.34,24.36,20.45
04-03991,103.38,432.37,103.36,65.54,512.21,47.65,121.11,97.33,100.43,26.81,26.0
04-03992,253.86,207.83,130.2,239.21,152.82,167.19,333.77,363.07,332.04,22.44,21.99
04-03993,369.98,310.38,231.39,365.92,314.07,234.03,156.2,159.92,153.68,30.39,24.65
04-03994,66.38,125.01,194.38,144.24,177.37,266.5,364.77,414.07,411.63,52.43,55.39
04-03995,373.45,497.18,179.26,346.42,465.59,221.01,113.73,101.06,106.03,67.59,72.26
04-03996,60.39,230.69,326.5,0.0,173.82,365.39,312.61,341.19,333.92,57.46,54.25
04-03997,183.78,192.77,129.04,100.98,67.36,216.42,139.08,153.98,157.06,64.05,65.86
04-03998,139.64,64.52,112.19,151.12,47.9,210.17,169.42,153.78,168.92,45.88,46.58
04-03999,205.0,165.95,154.13,182.57,152.96,254.69,183.63,167.27,161.35,28.7,29.43
04-04000,447.43,118.85,93.34,461.87,154.31,156.16,285.96,229.72,246.55,60.76,51.08
04-04001,211.76,485.93,437.07,273.19,391.22,368.85,98.59,102.1,104.76,18.51,17.99
04-04002,468.4,303.9,250.52,603.25,326.58,262.5,213.73,255.76,279.07,31.56,29.13
04-04003,106.3,308.12,382.26,63.78,325.09,321.06,214.25,186.58,171.36,66.94,56.51
04-04004,119.57,309.27,470.49,151.6,466.83,419.78,202.44,207.44,217.17,65.97,60.39
04-04005,87.33,404.18,185.26,29.62,446.9,199.16,309.88,316.75,340.84,73.18,82.18
04-04006,455.69,461.44,188.95,555.27,418.27,161.25,295.78,302.9,325.36,48.61,45.91
04-04007,351.74,79.95,352.28,344.64,93.55,456.57,378.83,424.05,428.51,40.55,44.07
04-04008,439.11,355.78,177.03,472.28,217.89,192.71,98.01,79.54,81.57,28.67,29.01
04-04009,176.01,281.48,474.99,110.58,222.62,488.18,127.69,110.05,103.82,65.8,54.59
04-04010,69.76,230.26,127.2,75.25,258.18,214.79,272.2,284.7,274.35,18.92,18.02
04-04011,472.01,210.5,177.36,414.76,169.7,82.83,400.67,342.53,340.23,61.36,62.07
04-04012,343.88,349.67,484.06,321.23,283.77,482.68,163.87,184.92,186.1,64.06,69.97
04-04013,184.04,468.33,263.83,165.3,524.53,374.24,155.62,186.64,179.74,44.68,40.66
04-04014,257.34,378.75,71.19,209.34,312.91,39.69,235.13,206.01,219.21,74.41,64.86
04-04015,339.49,144.98,380.58,441.11,144.97,356.56,177.11,187.63,198.39,32.62,38.9
04-04016,246.91,454.01,149.42,281.93,404.25,150.6,196.67,219.22,219.48,65.55,67.17
04-04017,314.18,137.17,383.42,432.22,155.75,442.04,399.0,395.38,394.44,72.1,70.19
04-04018,249.26,481.73,290.75,196.17,435.71,401.54,415.89,368.95,381.36,27.68,28.31
04-04019,318.05,268.46,328.25,236.98,274.42,443.78,234.65,259.76,248.19,50.04,55.65
04-04020,496.13,167.33,119.43,499.66,238.58,174.68,431.6,364.66,377.4,58.17,52.6
04-04021,198.96,149.34,466.08,190.95,157.85,506.96,402.07,471.07,494.15,47.38,43.48
04-04022,260.37,214.25,299.17,113.69,291.39,265.83,81.69,78.05,82.38,33.41,28.2
04-04023,167.49,263.26,168.62,114.48,246.31,108.7,269.74,259.03,280.52,64.16,55.9
04-04024,204.75,311.45,297.44,215.55,273.63,336.06,371.95,343.26,312.97,25.12,27.78
04-04025,203.68,452.3,304.0,263.94,407.19,276.36,212.85,241.66,244.1,38.64,37.93
04-04026,445.99,325.29,391.0,415.74,317.28,356.64,330.32,317.11,337.2,57.79,62.81
04-04027,287.64,254.21,279.09,370.04,339.01,208.53,278.34,275.69,267.46,73.37,81.07
04-04028,199.0,489.83,428.87,227.15,411.68,514.5,169.35,136.76,129.28,36.03,41.05
04-04029,69.0,112.14,313.75,52.2,177.43,288.06,115.01,94.08,103.43,10.52,9.8
04-04030,221.63,135.6,467.16,81.81,129.54,487.35,340.34,385.06,398.91,45.44,41.92
04-04031,246.83,193.19,456.75,193.55,255.95,478.08,87.65,79.73,86.91,47.43,54.19
04-04032,351.58,350.49,458.32,304.05,363.75,335.42,333.41,324.27,345.46,32.3,38.14
04-04033,248.32,249.83,225.68,319.84,204.31,222.0,192.86,167.2,177.99,10.7,11.14
04-04034,107.1,273.31,102.17,136.87,219.04,126.32,407.83,407.07,395.1,35.05,36.34
04-04035,201.47,427.02,491.99,176.8,463.53,504.2,97.77,110.57,101.89,22.35,19.26
04-04036,483.08,81.8,193.22,261.58,144.49,198.41,421.24,459.15,464.38,43.32,39.72
04-04037,469.5,100.67,100.67,578.06,106.51,13.06,232.36,188.26,194.18,50.98,47.79
04-04038,306.05,264.88,110.39,343.03,293.88,113.96,252.08,230.08,231.19,47.52,51.6
04-04039,82.52,292.11,198.54,193.27,457.64,200.84,161.09,133.15,137.17,58.39,53.84
04-04040,286.99,314.45,367.09,430.09,294.22,343.65,365.99,411.02,426.22,19.85,16.73
04-04041,211.4,389.74,86.42,245.82,436.94,129.36,256.43,283.51,292.38,11.46,11.34
04-04042,486.9,360.71,114.46,430.08,371.88,125.69,119.39,133.65,121.05,41.55,33.87
04-04043,251.62,495.93,428.26,151.21,493.82,473.6,307.48,315.72,345.99,20.8,17.76
04-04044,104.56,451.66,202.07,85.96,480.63,172.52,171.17,137.25,135.65,73.67,60.83
04-04045,236.98,281.02,280.06,221.7,228.71,386.62,111.1,118.76,119.38,41.79,38.3
04-04046,351.47,175.77,495.83,361.53,254.76,477.49,119.15,110.63,116.44,26.44,23.6
04-04047,221.16,71.61,324.5,157.72,85.32,329.3,252.56,225.42,221.41,11.55,11.24
04-04048,166.52,264.06,366.91,193.14,254.62,235.35,352.76,302.0,305.13,55.22,62.38
04-04049,264.79,323.85,105.42,343.26,362.79,176.6,338.32,300.96,317.2,18.52,16.34
04-04050,102.34,64.11,342.46,58.8,35.28,376.84,226.3,182.28,166.17,44.06,45.65
04-04051,299.2,483.66,440.86,381.03,407.0,455.69,218.65,222.92,201.44,15.41,17.65
04-04052,462.78,161.79,469.34,550.13,186.89,585.7,155.46,125.28,117.54,76.88,75.44
04-04053,159.33,321.96,301.0,173.7,241.19,336.26,242.18,283.84,305.5,72.86,79.19
04-04054,427.91,323.85,389.51,450.14,242.56,293.8,249.85,295.23,312.82,53.86,45.02
04-04055,129.02,295.6,488.14,56.81,418.06,473.81,448.12,488.64,491.42,16.3,17.0
04-04056,182.05,469.41,222.72,71.84,488.3,173.83,230.16,262.13,269.27,74.52,62.27
04-04057,145.59,434.35,125.39,246.73,554.59,135.64,90.07,90.8,84.72,37.33,34.7
04-04058,117.05,196.96,361.76,113.93,229.11,531.02,195.12,193.7,193.54,41.03,46.1
04-04059,265.99,373.93,109.04,305.11,466.24,141.2,99.55,100.87,103.63,17.31,17.27
04-04060,416.04,335.33,253.12,413.13,284.52,250.6,218.27,183.45,178.78,32.41,28.75
04-04061,429.4,357.44,405.39,404.21,348.83,459.98,283.88,255.06,263.43,41.08,47.23
04-04062,404.72,382.13,489.39,413.41,401.54,463.62,139.17,135.85,137.19,30.86,35.44
04-04063,396.87,179.97,96.94,344.36,183.08,114.45,274.79,294.6,290.92,29.95,30.38
04-04064,430.27,128.31,395.81,460.73,95.47,452.12,229.24,272.13,276.84,47.07,53.75
04-04065,384.97,387.43,261.28,445.99,480.23,301.3,425.18,427.72,391.43,18.91,20.93
04-04066,439.06,292.01,328.62,471.06,293.03,274.61,84.64,81.08,87.98,55.59,61.99
04-04067,201.04,444.1,304.41,189.77,441.04,225.65,380.81,368.69,334.09,45.82,39.95
04-04068,422.75,271.62,270.4,379.94,252.09,200.82,86.11,76.97,79.62,41.09,48.3
04-04069,110.85,354.44,219.3,203.39,308.61,217.32,188.5,216.52,215.32,34.39,38.38
04-04070,263.37,448.19,135.49,281.8,500.75,103.53,427.34,507.97,521.06,67.93,64.4
04-04071,338.13,349.86,195.46,316.58,367.94,148.16,442.69,432.01,411.55,24.65,29.36
04-04072,365.74,79.92,339.9,343.15,78.57,326.25,310.58,328.22,324.84,33.44,37.58
04-04073,166.4,258.39,319.32,225.61,292.39,312.58,162.57,140.51,145.17,50.01,59.89
04-04074,253.05,478.29,458.8,300.22,574.93,425.61,299.63,274.61,268.01,45.63,47.94
04-04075,157.0,315.26,216.18,190.76,285.34,238.94,285.76,313.55,334.04,10.37,11.7
04-04076,233.17,443.93,448.6,281.38,462.95,474.35,297.26,302.14,309.71,18.61,15.94
04-04077,201.17,85.14,292.78,118.87,116.42,323.58,349.76,344.56,318.47,16.33,17.0
04-04078,95.55,301.82,476.1,145.84,333.06,417.91,199.2,215.57,208.19,16.15,16.48
04-04079,285.28,91.39,194.02,217.51,41.27,87.3,93.51,80.89,87.65,38.65,39.44
04-04080,129.98,364.36,155.01,82.53,369.53,162.82,382.6,449.25,492.5,25.34,29.3
04-04081,491.87,469.41,237.97,476.54,434.0,212.69,445.68,385.15,416.04,22.18,22.9
04-04082,488.13,95.37,167.53,546.04,199.85,145.72,401.85,472.02,471.51,77.43,83.35
04-04083,381.56,169.73,287.16,415.73,95.95,272.68,357.63,350.77,346.17,72.98,68.13
04-04084,245.15,150.7,261.97,186.79,106.84,253.99,161.11,154.39,139.4,50.75,43.96
04-04085,143.44,357.18,107.79,140.85,451.28,188.39,192.55,224.59,213.28,14.7,14.34
04-04086,120.04,186.7,331.95,104.16,235.46,457.88,159.93,130.9,132.49,25.69,28.95
04-04087,135.16,290.33,61.67,221.03,236.18,68.5,316.3,337.9,358.59,45.49,41.01
04-04088,77.35,95.25,169.43,86.73,128.97,111.83,261.79,239.2,243.05,14.04,15.0
04-04089,135.36,202.17,435.48,113.87,247.6,476.28,128.52,102.84,103.93,22.46,22.2
04-04090,209.13,449.05,117.93,222.73,450.52,87.32,382.37,449.14,458.16,60.65,62.28
04-04091,171.2,93.29,236.86,83.71,153.89,274.62,276.39,323.08,307.93,75.41,64.29
04-04092,231.82,74.79,377.97,292.27,0.0,378.26,201.39,181.43,186.55,10.57,11.04
04-04093,394.18,395.4,382.86,372.52,326.57,400.59,101.33,117.66,124.41,56.76,58.57
04-04094,456.95,425.99,141.57,437.76,480.36,114.31,293.72,244.63,248.24,33.39,29.19
04-04095,169.57,109.47,191.52,40.15,178.26,166.97,119.45,143.14,154.99,10.13,10.25
04-04096,295.16,390.87,285.94,241.59,419.31,198.26,164.63,158.79,146.97,55.78,65.72
04-04097,360.67,460.02,314.32,389.26,536.5,285.62,341.32,380.24,387.85,62.82,68.88
04-04098,278.83,481.91,203.12,210.96,479.73,196.71,191.76,172.45,186.26,63.09,63.64
04-04099,63.04,451.4,281.88,45.86,401.99,275.58,159.89,173.76,165.68,76.64,68.23
04-04100,152.94,216.6,243.14,195.51,237.18,327.33,368.13,355.41,331.34,24.55,22.69
04-04101,131.17,492.36,237.1,87.54,468.84,236.34,168.96,189.11,195.46,79.38,84.03
04-04102,73.61,150.09,267.44,35.71,161.76,304.86,107.12,113.76,121.2,51.13,43.34
04-04103,275.19,207.74,384.31,190.92,181.39,491.25,361.16,302.57,284.21,12.63,11.74
04-04104,426.25,480.57,361.58,390.59,506.94,404.82,140.1,119.5,131.45,16.54,19.5
04-04105,216.69,133.66,121.45,157.86,176.81,192.3,224.29,259.82,256.32,74.57,70.32
04-04106,295.81,493.14,258.9,251.85,430.81,253.99,419.58,405.97,444.06,54.37,46.09
04-04107,67.07,207.84,193.82,51.51,141.15,220.24,157.78,175.99,165.46,53.56,53.57
04-04108,67.02,223.2,213.13,110.03,192.15,243.85,425.98,446.29,451.1,68.22,81.8
04-04109,309.83,291.6,186.14,343.79,325.24,199.56,338.58,330.72,343.92,66.4,78.27
04-04110,422.1,291.37,77.0,380.98,216.32,53.94,108.76,126.07,121.2,28.86,29.93
04-04111,113.32,156.57,463.03,161.88,169.11,498.65,393.8,327.18,359.6,35.27,36.82
04-04112,142.39,355.58,149.97,70.11,337.78,203.56,384.95,353.25,357.63,59.55,61.65
04-04113,394.09,419.14,429.94,361.05,330.78,445.69,312.62,265.47,259.1,48.13,47.28
04-04114,120.73,167.2,224.05,18.64,149.51,140.46,174.89,179.9,188.91,36.66,30.22
04-04115,340.54,374.34,203.71,342.17,419.86,306.24,351.29,283.88,302.25,23.17,19.41
04-04116,169.92,215.74,378.33,179.76,300.42,345.0,91.33,105.42,113.7,37.11,31.61
04-04117,121.06,184.56,84.22,138.9,189.16,124.9,154.15,174.53,166.76,68.44,75.22
04-04118,387.52,72.74,109.06,330.29,0.0,61.17,202.36,239.65,250.1,33.52,39.06
04-04119,128.72,433.13,476.71,55.22,437.71,457.15,423.53,498.81,485.51,21.71,20.25
04-04120,69.76,64.4,184.7,65.8,16.47,234.78,384.45,320.69,352.48,65.54,61.74
04-04121,135.92,120.78,461.8,89.84,66.25,436.61,444.96,470.22,498.81,71.23,62.09
04-04122,321.54,438.7,286.35,346.18,376.18,297.11,161.76,192.92,211.82,36.06,36.0
04-04123,294.43,455.5,463.5,350.66,503.27,502.09,96.97,108.17,107.03,70.7,59.48
04-04124,363.88,363.71,217.59,351.88,336.49,291.82,226.57,221.93,232.59,71.32,60.81
04-04125,322.79,489.67,369.4,316.9,541.9,372.3,110.64,96.24,88.22,24.16,19.88
04-04126,215.59,194.94,107.17,265.4,196.78,196.69,156.83,177.35,163.2,34.72,30.44
04-04127,498.09,372.17,487.63,463.52,399.86,631.99,143.85,122.6,126.75,60.76,66.77
04-04128,467.16,339.02,268.13,514.14,383.96,315.24,298.48,257.39,271.89,57.57,63.9
04-04129,169.12,229.03,307.42,235.75,196.87,289.26,273.36,238.52,246.17,63.78,75.59
04-04130,377.03,461.63,254.81,429.12,513.29,196.45,250.36,208.39,196.89,28.23,28.62
04-04131,169.91,165.95,260.11,117.6,124.47,318.69,138.06,110.74,115.92,75.95,63.34
04-04132,272.5,418.14,445.71,209.59,448.26,363.42,313.12,257.0,275.18,73.41,61.92
04-04133,435.37,394.09,107.78,388.55,384.27,212.57,365.01,316.85,338.5,36.14,42.92
04-04134,109.43,78.5,359.16,118.49,243.46,388.6,255.7,236.95,256.23,43.57,36.93
04-04135,294.25,459.8,461.55,360.62,495.31,449.78,407.13,409.83,438.39,78.36,84.77
04-04136,428.93,313.11,94.5,426.04,319.94,12.07,437.65,416.28,424.3,25.05,25.7
04-04137,229.77,64.3,446.06,323.29,60.93,462.68,435.08,365.68,400.34,37.48,43.21
04-04138,376.82,82.57,382.12,348.15,130.61,302.42,270.91,293.89,297.32,52.3,43.44
04-04139,266.45,171.91,385.01,283.47,210.12,486.47,236.51,230.54,226.91,66.19,69.09
04-04140,214.78,343.23,332.24,271.28,314.5,294.92,399.44,360.85,384.84,41.34,47.75
04-04141,449.72,189.2,201.43,438.62,174.54,146.08,284.63,302.43,326.52,40.66,40.26
04-04142,413.12,81.7,178.95,443.75,14.07,171.5,134.79,114.44,121.46,55.34,44.74
04-04143,146.06,157.77,374.39,237.3,82.71,309.32,118.91,107.34,104.02,49.17,54.74
04-04144,407.28,138.25,379.93,389.64,172.02,351.23,177.92,204.39,197.29,71.57,74.25
04-04145,267.12,317.42,89.04,343.58,213.53,74.11,295.73,283.76,290.93,25.79,27.56
04-04146,364.69,145.23,271.27,363.75,186.87,303.35,101.98,100.95,103.29,36.77,42.42
04-04147,80.14,410.1,407.5,0.0,436.88,388.99,262.16,264.23,277.29,70.47,64.24
04-04148,174.17,304.33,301.04,120.81,219.74,402.53,165.7,182.59,184.11,78.22,73.67
04-04149,264.74,369.25,394.52,297.44,366.39,418.61,349.31,363.04,336.47,30.3,28.06
04-04150,94.45,60.73,415.82,80.55,60.72,385.63,225.56,256.52,252.37,66.13,61.68
04-04151,249.5,169.49,114.97,228.38,302.21,142.52,82.37,91.04,98.08,50.24,49.53
04-04152,302.69,173.31,158.63,235.92,236.01,214.85,142.07,162.64,154.07,44.2,42.52
04-04153,337.05,327.64,197.85,377.47,404.58,312.62,278.41,316.19,336.67,51.45,59.08
04-04154,291.63,345.0,125.87,293.2,370.02,224.68,271.9,274.92,294.59,12.2,11.8
04-04155,183.27,123.82,181.51,175.29,236.11,115.41,120.4,120.9,132.74,33.83,28.8
04-04156,333.04,128.4,327.02,323.02,139.25,336.49,273.35,237.59,226.02,42.75,48.7
04-04157,370.02,116.27,465.51,344.75,91.04,488.08,377.51,350.69,317.76,66.82,79.87
04-04158,173.22,496.02,404.93,126.21,535.65,386.65,310.24,315.63,296.67,49.47,45.29
04-04159,334.86,473.73,226.95,344.54,575.9,144.77,186.09,216.26,232.72,23.53,27.91
04-04160,472.04,231.8,462.84,487.89,289.21,504.89,330.72,367.36,335.32,34.62,35.32
04-04161,83.96,400.11,302.7,53.15,420.7,218.15,366.96,348.78,341.42,48.19,48.2
04-04162,266.44,232.0,373.1,293.38,294.86,400.15,143.49,160.33,175.36,29.28,24.81
04-04163,227.9,98.83,277.46,233.97,16.92,368.87,359.62,349.55,359.72,49.21,47.75
04-04164,343.02,308.15,167.98,311.74,273.33,159.37,305.86,357.3,322.6,37.83,34.19
04-04165,118.16,182.34,306.73,122.57,215.82,215.21,421.04,340.68,341.05,10.12,8.66
04-04166,409.6,354.89,198.66,509.78,450.51,192.63,270.27,316.0,298.14,48.47,40.26
04-04167,404.6,68.57,251.56,504.96,43.51,254.17,158.76,165.02,157.04,18.21,16.42
04-04168,435.97,336.68,203.25,364.66,285.77,143.48,412.98,375.42,353.63,64.39,70.61
04-04169,129.18,315.79,314.07,82.56,283.8,278.66,257.04,227.9,228.25,25.73,29.31
04-04170,330.04,384.66,296.13,413.9,405.14,306.75,305.03,341.85,354.27,65.52,61.1
04-04171,268.59,231.7,435.13,332.4,338.15,405.58,367.21,406.28,431.36,74.09,82.04
04-04172,365.38,359.08,169.8,374.73,310.51,117.87,99.76,110.98,110.63,62.07,65.5
04-04173,305.93,378.75,252.59,368.41,520.86,325.86,391.23,427.96,463.84,79.79,94.11
04-04174,95.44,248.96,442.57,137.17,215.51,424.02,327.0,326.38,298.51,24.89,25.82
04-04175,384.67,390.18,437.64,314.28,426.23,444.39,281.86,306.79,308.92,60.19,59.15
04-04176,178.18,263.62,78.84,247.51,287.51,16.93,95.05,88.33,90.73,78.67,90.27
04-04177,164.59,478.75,109.35,170.73,407.69,0.0,315.36,301.62,322.87,32.1,33.1
04-04178,183.84,204.09,438.74,277.76,159.42,378.91,126.45,143.46,151.9,45.62,47.08
04-04179,436.6,442.8,302.4,513.85,449.96,244.65,161.0,131.99,141.47,12.19,10.24
04-04180,155.35,231.41,307.14,72.31,164.7,335.99,277.95,323.27,312.68,26.17,26.55
04-04181,392.75,118.57,153.35,443.07,161.31,343.14,343.18,278.46,301.41,78.75,90.44
04-04182,263.63,258.42,315.48,336.88,308.39,381.84,340.98,389.03,395.39,54.36,52.5
04-04183,253.54,202.92,314.85,199.29,210.03,251.96,274.5,236.08,226.27,56.66,64.81
04-04184,131.23,169.58,113.14,74.64,185.24,59.98,333.83,384.45,417.48,34.38,28.45
04-04185,295.13,131.89,413.11,262.63,213.7,452.89,133.67,115.19,125.23,65.85,66.56
04-04186,488.91,194.8,381.96,475.58,64.16,399.56,389.39,336.6,369.87,55.77,53.34
04-04187,431.73,408.36,486.78,512.23,333.31,493.96,374.29,433.95,433.33,74.71,70.13
04-04188,126.19,375.39,366.63,147.85,447.47,170.04,186.37,206.05,219.53,57.58,54.43
04-04189,72.62,86.98,389.84,135.33,92.89,376.25,138.13,158.3,142.63,38.27,36.8
04-04190,130.15,181.32,266.33,159.94,196.88,324.2,381.33,368.62,383.24,66.2,74.28
04-04191,222.86,398.22,66.06,169.04,283.83,34.57,360.19,369.45,404.08,73.35,58.78
04-04192,463.23,351.79,234.18,456.28,397.6,168.95,153.97,139.86,151.58,31.47,28.57
04-04193,274.48,65.76,78.66,298.96,92.04,69.76,374.3,432.55,423.0,73.81,64.87
04-04194,427.73,173.34,128.74,493.81,163.6,144.91,405.85,326.78,295.19,26.74,28.78
04-04195,433.24,379.83,442.8,328.89,508.73,428.88,399.13,475.78,475.28,14.16,11.76
04-04196,103.14,382.72,311.79,123.29,400.85,445.12,415.71,491.93,532.08,37.37,40.13
04-04197,493.07,346.15,400.88,436.66,434.07,394.05,92.77,95.34,91.2,55.41,56.23
04-04198,242.87,277.24,492.43,311.27,336.02,503.69,348.12,356.04,365.7,30.47,32.75
04-04199,321.82,497.27,270.08,370.77,510.36,290.92,349.59,297.6,288.97,78.5,93.77
04-04200,251.11,316.91,399.98,171.3,310.52,495.84,442.86,521.39,517.36,46.53,47.3
04-04201,325.23,352.77,466.25,332.37,384.94,536.73,288.9,233.6,228.51,59.47,54.01
04-04202,467.74,488.12,414.77,436.79,506.7,371.23,338.92,403.19,437.97,71.42,67.47
04-04203,391.75,479.16,204.84,261.59,414.55,141.57,309.08,320.13,291.21,59.57,55.14
04-04204,148.88,334.27,108.38,166.96,449.73,87.73,186.42,172.89,155.66,43.65,48.88
04-04205,95.36,353.21,184.0,187.72,419.12,172.3,337.18,311.3,329.15,18.82,22.5
04-04206,126.33,302.53,484.25,142.83,245.17,484.66,167.74,187.22,201.5,69.0,79.54
04-04207,188.42,291.1,246.53,183.66,319.39,311.8,216.94,255.41,244.74,28.42,27.66
04-04208,257.61,118.92,107.94,302.25,41.63,225.67,428.57,443.32,438.74,79.43,71.65
04-04209,141.1,462.95,213.13,132.75,449.86,247.92,403.28,377.12,352.56,63.56,69.16
04-04210,148.68,440.46,199.91,191.86,494.86,241.14,399.08,373.55,352.95,14.74,14.46
04-04211,95.36,175.22,371.72,89.42,202.38,312.36,106.25,124.84,114.03,46.77,52.96
04-04212,102.77,335.41,151.12,108.11,380.56,155.45,395.37,351.5,337.8,26.03,25.22
04-04213,146.28,90.77,271.08,41.99,46.27,290.9,184.99,211.15,217.09,11.26,12.99
04-04214,143.54,446.23,456.46,221.45,474.93,563.09,271.75,266.55,292.46,29.96,35.82
04-04215,207.77,193.82,191.78,302.67,213.23,192.75,444.44,440.29,474.83,52.86,55.62
04-04216,405.14,126.58,70.96,376.14,45.49,29.85,251.66,256.07,273.35,28.51,32.27
04-04217,455.43,315.32,415.33,477.37,207.98,449.29,228.9,202.48,204.64,23.82,22.16
04-04218,423.56,293.12,184.35,384.31,289.35,145.98,249.76,212.94,220.52,47.84,42.91
04-04219,382.88,62.78,109.47,374.16,123.7,160.69,247.84,251.06,251.3,11.95,14.12
04-04220,143.34,316.96,437.54,159.34,369.53,382.28,436.83,381.53,397.11,76.59,81.69
04-04221,281.51,322.12,333.4,277.57,317.64,260.2,253.28,291.71,274.12,43.71,48.7
04-04222,233.92,477.66,104.48,210.33,475.77,80.67,437.39,371.28,383.17,54.28,45.23
04-04223,385.72,75.78,342.39,389.14,142.27,325.88,106.5,87.92,84.43,46.88,52.84
04-04224,184.71,269.61,115.09,296.62,183.89,166.3,108.15,115.11,114.61,77.63,75.12
04-04225,452.29,287.85,81.12,435.33,178.93,115.4,176.48,191.88,200.57,58.13,48.03
04-04226,160.8,298.47,312.14,187.25,240.1,387.2,385.6,396.62,379.17,76.59,77.1
04-04227,203.26,448.8,440.28,132.52,528.84,564.73,214.71,219.19,220.62,53.56,63.26
04-04228,216.19,141.92,134.44,262.73,219.76,121.31,162.47,178.79,170.65,26.25,27.3
04-04229,394.61,413.13,312.44,431.68,469.47,248.76,312.14,322.62,331.25,69.56,56.21
04-04230,65.63,242.67,429.24,60.69,244.69,467.88,262.31,210.92,218.0,35.08,40.97
04-04231,270.7,378.35,236.23,219.91,320.64,171.2,441.75,517.06,491.17,21.96,23.75
04-04232,205.1,266.24,264.96,255.4,201.61,233.34,184.6,156.61,164.82,15.2,14.22
04-04233,247.72,240.54,374.81,152.95,249.72,325.34,433.35,397.38,382.08,39.07,32.53
04-04234,349.54,418.66,185.27,284.78,414.43,155.16,224.92,248.29,267.82,65.54,57.42
04-04235,97.54,243.92,193.76,94.97,200.9,252.34,301.01,353.87,374.86,14.53,13.88
04-04236,121.72,155.63,312.42,200.99,79.4,402.34,345.85,374.12,405.52,59.41,53.28
04-04237,337.22,62.28,292.69,333.0,13.07,348.06,212.93,180.86,197.53,54.66,46.43
04-04238,171.07,358.43,497.39,158.08,313.62,436.97,95.86,113.37,111.46,27.46,28.73
04-04239,286.73,451.9,423.37,321.93,466.55,411.62,317.45,322.63,309.88,59.27,61.29
04-04240,135.42,207.8,229.64,92.95,243.44,173.09,276.27,262.6,244.93,59.88,49.2
04-04241,499.04,328.51,489.29,500.71,395.46,486.74,397.64,381.36,419.32,73.59,61.42
04-04242,393.61,335.03,264.09,484.46,240.0,277.12,396.73,440.03,476.52,43.2,34.69
04-04243,424.71,85.8,145.87,437.78,102.63,247.71,98.2,81.6,85.32,63.04,74.89
04-04244,104.81,200.0,200.13,151.48,212.96,150.01,351.47,386.41,362.91,10.02,11.74
04-04245,463.76,294.77,422.59,517.35,314.07,387.73,417.21,447.91,474.94,68.39,76.82
04-04246,158.0,300.08,313.85,166.17,323.65,353.53,146.41,135.59,134.1,56.68,45.51
04-04247,218.64,347.21,379.41,170.43,261.47,371.37,227.85,195.28,201.48,28.6,33.05
04-04248,296.98,257.28,250.8,370.38,262.14,259.96,277.12,221.87,230.94,51.3,44.17
04-04249,304.82,68.26,308.17,265.3,1.63,331.09,225.28,253.74,238.22,34.63,31.11
04-04250,464.86,426.83,70.02,475.11,381.8,51.83,439.28,451.95,424.2,20.05,19.93
04-04251,232.71,374.38,483.17,302.04,341.41,467.13,338.7,353.94,345.99,54.42,49.27
04-04252,249.96,189.39,136.45,352.81,223.35,201.6,245.28,225.35,204.76,59.3,59.45
04-04253,83.16,360.1,69.54,176.96,372.22,176.65,147.5,138.11,150.09,36.52,42.37
04-04254,141.21,271.31,181.06,113.39,243.74,129.96,426.3,421.69,446.24,77.82,81.51
04-04255,335.37,164.37,497.7,357.59,22.13,589.08,387.77,436.5,402.17,61.44,70.92
04-04256,401.24,409.26,495.29,473.94,365.92,395.94,387.06,428.27,469.59,47.0,48.92
04-04257,171.98,154.62,410.31,149.27,178.19,329.84,267.42,241.53,264.81,42.24,44.82
04-04258,143.04,352.43,478.44,132.28,348.59,487.71,219.43,213.49,197.9,14.83,14.81
04-04259,360.17,282.42,68.56,303.61,281.89,46.95,128.88,142.05,128.68,76.52,68.36
04-04260,376.98,470.91,290.18,456.4,498.68,286.85,311.84,294.72,297.67,22.98,20.82
04-04261,286.02,208.02,439.23,241.23,199.21,312.75,258.07,272.52,277.32,55.29,63.27
04-04262,250.91,482.84,320.22,280.7,577.84,376.0,105.93,101.76,96.1,35.26,39.14
04-04263,124.91,73.61,116.84,71.34,87.42,67.55,201.27,167.63,165.31,64.15,75.13
04-04264,88.95,318.49,387.7,2.81,291.75,490.35,212.65,219.88,202.27,74.36,76.17
04-04265,418.11,495.31,109.37,377.37,376.35,172.25,334.41,336.29,308.56,46.41,43.65
04-04266,300.77,62.58,247.16,340.11,34.79,388.62,137.74,140.05,150.13,43.92,37.5
04-04267,382.53,300.45,348.53,438.62,301.15,300.27,280.45,301.88,289.65,60.8,49.09
04-04268,216.68,106.04,420.52,229.6,59.44,466.21,180.86,184.67,175.13,77.84,68.87
04-04269,418.85,468.7,119.58,452.62,461.21,145.17,164.92,166.67,172.41,11.92,13.13
04-04270,289.93,92.23,488.78,189.36,145.36,501.35,360.28,382.86,413.77,37.57,41.41
04-04271,436.5,252.41,469.42,524.27,218.39,379.37,128.84,130.55,139.21,44.04,43.56
04-04272,266.59,168.68,285.12,244.03,154.27,316.24,138.66,153.65,149.44,57.27,68.07
04-04273,253.41,462.95,180.54,285.34,470.58,66.57,250.85,223.81,212.23,66.89,56.12
04-04274,119.12,357.62,346.55,132.53,441.12,427.51,138.17,125.71,135.51,28.96,33.07
04-04275,216.61,247.97,210.14,291.62,210.14,312.51,263.62,236.99,252.69,72.92,85.96
04-04276,371.87,456.2,487.33,340.85,482.11,448.23,304.12,260.62,252.87,35.26,35.85
04-04277,260.92,237.0,435.13,271.56,190.59,518.5,372.9,363.79,398.69,41.51,39.83
04-04278,311.66,60.45,70.74,253.96,0.0,131.72,308.74,276.52,268.68,33.85,36.16
04-04279,210.39,94.49,456.07,151.65,23.14,435.53,285.01,248.88,237.46,49.45,43.65
04-04280,254.06,340.65,314.15,376.87,330.45,312.79,121.55,125.16,125.79,73.13,75.12
04-04281,74.09,466.6,322.18,141.06,464.55,319.28,90.17,82.21,83.3,42.66,49.68
04-04282,160.86,378.76,378.77,192.5,419.13,384.17,377.07,431.22,412.79,54.67,46.29
04-04283,241.2,342.0,411.98,234.59,389.35,462.65,422.4,454.09,420.88,75.43,65.68
04-04284,321.78,394.47,62.44,231.97,359.41,42.02,358.19,338.86,338.57,75.82,72.63
04-04285,404.91,456.7,264.16,387.83,472.05,249.74,204.26,172.01,164.53,54.99,54.94
04-04286,84.61,358.37,490.24,68.45,403.28,438.58,93.94,83.21,76.87,56.3,58.61
04-04287,182.41,63.42,269.81,130.25,104.85,307.59,192.84,189.65,194.95,12.25,13.91
04-04288,352.81,246.2,243.76,346.89,243.23,238.85,388.5,433.53,461.34,73.51,75.41
04-04289,185.07,414.39,120.33,140.5,488.94,97.08,244.67,205.08,216.04,22.62,22.18
04-04290,162.31,202.59,72.06,74.1,67.86,17.71,242.36,202.65,193.22,20.1,19.82
04-04291,311.6,494.46,440.64,278.68,561.25,407.71,223.97,191.32,186.95,54.79,54.86
04-04292,134.83,464.77,98.0,167.14,374.42,150.65,380.08,317.51,329.62,50.43,56.93
04-04293,393.54,498.89,88.95,409.0,586.92,201.42,365.76,330.15,308.59,34.26,32.09
04-04294,490.57,324.46,137.58,423.5,220.31,140.94,103.53,94.11,95.41,27.23,25.49
04-04295,177.25,476.76,497.59,162.73,487.18,482.68,134.67,122.5,112.99,47.49,50.64
04-04296,365.7,187.49,121.13,402.52,137.91,198.56,358.08,313.95,325.04,10.81,10.17
04-04297,336.72,332.63,257.67,471.31,382.57,177.45,171.1,160.83,174.69,58.13,50.34
04-04298,128.89,317.07,428.74,135.59,425.87,388.47,93.81,78.81,73.91,28.59,23.31
04-04299,289.58,252.37,330.11,284.11,278.61,260.01,360.26,299.38,272.29,62.55,75.05
04-04300,309.16,334.41,392.75,291.17,415.94,370.03,309.12,350.44,370.9,36.18,38.02
04-04301,212.49,118.32,63.12,208.65,59.09,138.59,283.9,227.24,206.79,20.98,18.38
04-04302,265.25,122.76,118.44,271.92,208.9,155.01,184.74,195.52,201.27,29.59,31.8
04-04303,185.05,266.61,444.76,130.25,255.07,437.5,310.18,357.86,377.69,31.82,29.52
04-04304,435.51,489.5,326.28,533.99,472.66,372.88,419.86,474.52,448.6,43.74,50.37
04-04305,423.06,355.38,352.73,382.97,319.65,275.59,105.82,95.34,94.11,35.32,29.62
04-04306,70.79,121.5,215.02,153.02,0.0,170.16,208.89,203.98,194.78,14.11,15.32
04-04307,390.97,70.8,126.17,439.74,61.03,176.88,179.27,197.38,212.59,72.78,84.51
04-04308,314.31,339.95,158.65,318.6,344.81,113.46,211.63,210.79,231.69,44.73,39.02
04-04309,417.24,499.68,435.52,381.0,471.96,567.58,388.43,327.52,313.86,45.84,54.17
04-04310,329.87,164.51,410.0,332.59,145.51,329.58,110.88,99.0,103.26,45.23,44.73
04-04311,328.93,302.12,187.54,356.9,291.81,268.46,369.31,372.84,402.03,55.28,65.13
04-04312,156.47,295.79,83.57,208.7,354.49,140.19,103.04,93.88,102.88,30.11,31.04
04-04313,93.03,450.96,281.61,231.28,413.43,300.15,82.55,94.87,101.85,11.97,10.71
04-04314,304.67,127.09,453.98,374.57,157.29,449.77,268.45,229.7,234.0,20.84,24.28
04-04315,402.05,279.4,453.6,424.77,259.89,416.52,244.76,201.76,196.15,56.77,66.67
04-04316,79.85,436.52,494.03,116.54,516.51,480.86,205.05,202.4,210.1,51.19,54.12
04-04317,463.12,387.34,68.94,393.47,396.33,19.2,229.77,221.2,234.46,45.7,48.63
04-04318,438.87,215.57,385.35,416.27,238.35,444.32,377.55,335.54,326.99,17.77,18.36
04-04319,166.53,115.36,354.0,138.87,166.18,340.0,286.8,325.95,350.04,14.79,12.76
04-04320,141.01,73.76,150.53,150.01,49.72,41.14,135.37,159.14,167.09,19.33,15.99
04-04321,240.94,96.16,245.88,253.63,102.19,256.18,411.8,386.27,396.4,75.36,64.04
04-04322,367.08,456.86,249.13,364.31,508.3,163.76,258.07,299.15,288.52,17.94,17.37
04-04323,254.35,431.67,124.98,263.09,346.29,173.43,329.66,283.76,278.01,10.14,8.33
04-04324,104.34,443.89,456.44,154.35,478.31,529.98,189.88,183.06,171.7,75.44,82.18
04-04325,417.86,360.04,366.66,352.15,311.59,365.79,242.65,242.17,222.67,62.7,69.55
04-04326,394.8,475.83,341.93,373.99,386.05,385.43,226.25,235.97,221.38,19.71,17.93
04-04327,212.48,95.28,236.66,135.14,85.94,302.39,136.57,117.34,124.65,73.56,88.09
04-04328,421.17,288.15,181.74,508.65,284.67,179.41,440.49,439.95,445.02,54.46,63.58
04-04329,274.48,372.51,378.98,279.04,394.53,368.81,181.35,151.68,155.06,29.48,24.3
04-04330,197.52,480.07,173.67,144.11,432.6,154.41,320.78,329.21,317.34,30.41,30.58
04-04331,62.35,489.27,267.99,0.0,557.84,278.93,342.67,389.59,410.89,30.35,29.04
04-04332,208.2,453.07,173.33,232.72,525.54,154.02,410.02,450.19,468.16,67.21,75.51
04-04333,486.4,211.43,236.88,531.28,277.18,366.26,218.09,205.54,214.16,66.51,62.91
04-04334,420.67,307.55,226.21,413.02,316.64,249.29,163.43,161.93,156.7,37.64,41.53
04-04335,388.36,119.92,392.23,317.89,108.87,332.84,247.39,259.89,241.14,26.66,28.36
04-04336,248.4,468.89,407.18,345.43,546.42,496.08,84.13,76.0,71.2,41.78,39.2
04-04337,148.13,106.26,142.41,234.82,175.88,161.97,257.07,282.92,301.6,71.63,83.29
04-04338,93.54,333.81,180.68,51.63,386.91,144.16,265.3,272.15,283.92,26.93,31.25
04-04339,177.1,442.53,85.74,170.96,402.56,106.25,145.27,156.52,164.99,46.03,40.78
04-04340,170.44,92.75,317.14,341.82,12.91,325.15,231.59,261.47,268.82,27.0,31.58
04-04341,84.28,459.43,313.97,182.15,460.64,381.74,380.7,371.34,391.54,28.09,29.52
04-04342,277.86,393.9,109.74,309.36,395.2,37.85,253.56,216.51,215.73,70.69,65.42
04-04343,432.49,313.07,263.57,431.45,341.06,297.61,377.68,351.36,348.08,42.72,37.53
04-04344,187.92,283.79,433.86,203.03,276.11,420.9,102.95,100.03,108.22,52.07,49.99
04-04345,271.9,286.22,263.0,231.99,323.82,277.81,115.23,115.12,106.49,36.62,29.41
04-04346,360.9,94.7,486.99,476.12,174.62,671.7,189.53,184.5,192.43,27.61,24.85
04-04347,320.97,390.72,200.27,193.15,401.31,122.59,224.21,236.52,224.95,70.33,64.61
04-04348,287.07,83.26,370.28,228.92,158.29,383.48,235.79,207.41,207.07,45.33,42.86
04-04349,216.27,282.27,233.8,151.46,207.07,276.96,161.19,162.73,156.13,56.78,49.09
04-04350,273.9,481.52,321.47,293.65,499.05,252.14,313.62,280.55,256.03,64.66,73.72
04-04351,352.53,449.02,165.65,375.67,444.19,204.32,176.78,196.32,193.77,75.23,65.17
04-04352,105.95,308.4,135.86,32.36,355.8,64.63,264.97,298.58,278.99,34.33,40.77
04-04353,355.52,199.15,475.98,415.97,180.86,539.35,358.69,338.68,359.9,26.44,22.36
04-04354,389.43,256.76,67.43,413.18,217.25,24.54,308.3,309.9,279.14,13.93,14.96
04-04355,112.81,481.9,130.3,46.91,451.15,197.43,121.07,97.47,92.9,77.73,77.04
04-04356,409.54,95.12,370.23,492.93,168.4,317.33,175.55,163.59,171.18,60.4,48.81
04-04357,338.75,211.41,359.43,380.7,366.28,337.67,201.24,228.77,213.89,27.76,29.47
04-04358,490.71,463.31,479.65,521.21,434.82,406.83,281.24,256.85,269.2,12.27,10.68
04-04359,145.34,390.63,231.82,262.46,442.47,170.72,416.06,395.43,389.02,21.38,22.94
04-04360,130.64,179.56,319.69,139.85,163.51,328.6,204.71,230.67,237.99,71.29,83.27
04-04361,190.69,405.07,114.43,250.97,346.71,163.55,105.49,119.16,122.19,73.32,67.06
04-04362,306.87,267.93,199.28,366.95,168.16,239.93,133.68,148.34,148.54,57.82,53.12
04-04363,260.66,214.79,354.38,235.18,276.05,331.08,157.72,182.11,174.81,20.32,21.14
04-04364,115.12,210.73,103.95,121.65,258.25,10.25,303.22,353.08,378.49,12.79,13.93
04-04365,342.64,365.15,498.62,323.12,415.44,390.02,119.95,110.62,115.2,77.37,62.55
04-04366,456.13,430.67,365.35,552.27,392.32,412.42,206.63,244.63,255.52,78.03,83.24
04-04367,430.55,227.84,354.52,407.9,270.49,432.91,297.33,270.42,253.99,17.24,17.96
04-04368,481.84,476.92,354.75,532.73,359.81,371.05,88.31,84.09,77.69,24.23,19.7
04-04369,468.76,60.72,196.33,500.71,50.46,236.53,319.72,311.22,281.34,13.16,13.87
04-04370,175.24,94.55,491.14,206.34,0.0,531.0,288.53,324.57,303.61,35.14,30.06
04-04371,125.78,322.8,441.17,195.35,405.74,327.45,281.42,262.68,243.01,54.08,54.35
04-04372,124.85,272.97,109.05,103.65,288.76,186.38,280.43,251.75,237.45,35.55,39.08
04-04373,254.03,305.75,136.59,339.57,347.83,30.98,113.11,117.67,123.05,17.93,17.23
04-04374,437.39,117.84,103.75,452.32,164.79,51.21,123.71,130.58,119.34,28.32,27.6
04-04375,185.01,404.98,79.18,198.07,414.82,97.77,329.43,343.6,336.87,71.77,68.3
04-04376,396.75,394.28,316.87,343.83,409.97,421.72,327.99,372.21,394.95,75.71,74.98
04-04377,95.27,470.47,72.24,113.78,363.13,4.78,312.03,275.73,253.78,44.35,40.05
04-04378,98.33,255.81,299.69,125.2,306.54,313.39,341.1,324.19,351.36,41.26,33.85
04-04379,353.66,460.85,64.06,341.25,487.24,144.84,189.65,155.27,169.74,21.71,20.11
04-04380,286.12,428.49,429.19,172.68,441.05,380.39,228.34,218.03,210.87,45.98,41.16
04-04381,401.38,116.13,140.73,404.02,149.32,138.05,215.6,206.74,210.16,61.41,59.65
04-04382,146.33,314.32,347.14,128.58,281.87,400.08,152.1,125.2,134.52,46.99,51.08
04-04383,455.82,370.16,488.88,412.53,327.9,532.31,216.02,182.96,198.69,38.14,35.91
04-04384,216.24,376.73,485.02,242.68,338.97,504.69,331.15,289.23,283.17,44.46,49.65
04-04385,112.02,409.82,354.07,202.57,424.74,337.74,130.11,108.58,116.95,32.93,39.37
04-04386,170.96,251.08,136.86,132.8,322.58,166.32,222.05,226.29,205.93,32.18,29.05
04-04387,457.35,408.26,322.12,470.94,388.15,345.47,382.38,317.12,321.98,66.76,55.85
04-04388,369.31,427.17,325.15,318.57,416.61,234.41,313.92,265.99,251.57,37.24,42.18
04-04389,301.91,371.65,296.42,279.19,419.61,384.64,194.33,189.86,206.88,26.45,28.06
04-04390,78.47,219.81,493.04,98.44,226.72,478.35,108.76,115.14,104.43,52.62,57.54
04-04391,186.8,283.42,187.35,225.53,378.35,234.59,333.37,394.44,405.77,21.83,24.64
04-04392,386.62,126.11,430.17,415.99,209.89,559.65,130.04,135.71,136.44,36.05,39.9
04-04393,153.5,127.17,108.05,225.62,117.64,111.89,380.24,336.36,357.25,36.3,29.58
04-04394,351.15,213.91,104.79,265.6,191.13,37.82,133.06,147.18,134.04,69.89,56.29
04-04395,358.8,116.05,270.84,368.08,157.91,250.38,159.22,149.6,156.97,36.61,32.26
04-04396,249.25,224.55,274.37,234.72,237.57,270.8,385.27,367.53,337.86,14.53,12.8
04-04397,307.98,400.43,245.46,284.93,462.57,363.65,341.16,323.4,339.97,34.07,40.31
04-04398,104.71,219.51,307.69,164.04,228.69,302.48,362.21,290.83,280.92,65.68,72.38
04-04399,339.13,242.55,378.26,322.85,287.78,306.44,300.33,301.33,295.08,10.58,12.36
04-04400,244.64,105.31,61.52,233.39,117.23,136.06,218.78,241.64,260.34,23.8,25.28
04-04401,222.97,235.21,63.7,296.71,372.89,97.78,431.95,377.91,369.31,67.95,72.6
04-04402,191.95,241.24,138.88,227.86,287.18,43.6,146.88,170.11,156.23,51.93,45.47
04-04403,382.1,400.71,250.16,403.69,425.59,225.07,237.2,275.39,259.75,18.97,21.58
04-04404,155.36,228.93,101.74,84.03,331.06,59.38,422.93,396.47,390.06,47.17,49.8
04-04405,69.65,282.36,476.28,190.21,211.73,520.73,153.41,152.42,141.52,62.72,50.82
04-04406,155.28,419.73,92.33,64.29,408.09,160.07,287.43,238.41,237.13,64.42,64.39
04-04407,135.78,160.72,254.94,15.48,117.86,329.32,228.52,265.68,270.38,40.13,42.23
04-04408,143.66,317.84,384.93,114.31,311.59,356.18,233.71,195.0,211.31,74.53,83.56
04-04409,296.22,166.45,209.87,210.94,180.14,253.63,190.78,172.78,189.2,56.23,57.23
04-04410,193.48,437.23,367.66,122.31,445.97,366.84,82.26,89.35,83.0,14.35,13.98
04-04411,178.44,387.47,167.06,78.82,343.34,184.52,329.5,362.38,345.39,44.83,44.27
04-04412,295.14,347.67,261.68,334.87,351.37,157.46,260.45,257.66,251.6,69.44,77.91
04-04413,88.41,76.75,158.85,119.47,0.0,220.54,170.95,139.82,147.5,79.53,75.76
04-04414,337.0,268.11,130.3,390.92,340.32,136.49,192.39,180.83,197.96,17.5,15.44
04-04415,110.87,411.8,180.11,58.23,402.88,221.33,388.8,385.98,365.86,22.38,22.27
04-04416,283.46,287.4,125.64,295.22,323.11,175.64,406.16,416.29,412.93,28.24,28.53
04-04417,403.06,62.29,356.0,499.75,31.11,511.08,419.33,416.56,419.72,71.78,79.35
04-04418,201.91,433.38,120.17,185.34,469.13,173.39,264.46,309.34,331.85,52.81,56.75
04-04419,319.3,209.46,495.82,320.42,163.42,509.49,257.82,240.52,251.89,49.53,45.89
04-04420,372.8,142.3,380.48,392.7,97.71,457.78,204.86,206.9,212.87,31.15,31.62
04-04421,160.54,426.65,253.08,171.79,455.0,252.04,187.14,156.01,154.11,37.15,35.04
04-04422,401.31,76.61,137.82,363.42,80.66,204.05,133.19,119.86,117.22,76.61,75.24
04-04423,240.04,191.71,226.67,192.86,198.92,192.26,371.99,381.21,414.84,20.28,24.21
04-04424,148.25,477.53,289.85,172.9,510.62,293.17,149.79,147.76,143.17,32.36,28.7
04-04425,163.8,343.88,120.35,123.97,311.8,0.0,234.42,198.8,210.92,64.45,69.25
04-04426,60.33,427.87,358.46,104.89,596.84,382.56,355.71,385.03,377.28,52.95,48.78
04-04427,196.71,133.26,484.26,258.86,113.78,622.47,400.38,445.98,439.81,11.01,11.28
04-04428,154.98,335.43,181.34,69.78,252.16,150.43,424.81,435.35,400.62,56.5,60.45
04-04429,235.24,86.53,72.7,209.33,67.16,71.32,388.94,320.47,300.53,29.7,34.65
04-04430,213.85,384.35,420.75,166.74,388.74,434.97,291.67,320.47,333.25,45.4,38.51
04-04431,454.44,280.35,107.78,476.47,301.64,119.96,242.64,266.99,278.77,54.49,59.68
04-04432,346.46,161.23,385.48,234.48,124.42,294.35,297.19,278.14,274.88,42.13,40.37
04-04433,469.03,420.05,483.32,508.98,389.25,514.47,151.74,152.97,153.9,40.41,33.3
04-04434,373.1,79.57,381.04,348.51,166.33,340.42,422.14,343.53,346.18,64.05,70.07
04-04435,131.06,388.53,400.22,256.83,365.46,418.98,422.85,390.43,394.89,24.07,27.71
04-04436,253.61,112.2,205.53,183.32,155.17,113.36,280.93,306.1,304.4,39.36,43.93
04-04437,285.19,194.92,97.18,240.35,220.39,104.55,405.07,448.31,450.83,50.81,49.0
04-04438,348.89,140.69,304.84,345.3,102.6,334.88,232.35,187.19,204.57,13.35,11.43
04-04439,435.68,134.42,277.65,359.31,100.5,323.73,187.63,167.87,152.32,76.72,72.26
04-04440,230.85,103.25,99.64,305.86,117.99,151.9,89.02,89.57,96.51,64.33,66.14
04-04441,245.94,214.84,467.74,264.84,189.14,479.79,221.98,205.73,207.79,38.66,41.01
04-04442,69.5,264.13,380.87,30.1,335.24,320.38,144.22,144.87,134.26,23.17,18.85
04-04443,353.91,390.54,108.98,288.14,278.02,157.83,286.61,291.29,267.97,18.91,16.43
04-04444,475.54,97.21,201.29,427.37,200.06,172.63,362.0,292.4,276.4,36.94,31.48
04-04445,430.83,140.95,293.55,540.67,154.31,331.86,233.57,250.84,245.35,42.06,47.83
04-04446,306.74,257.58,415.16,309.49,216.54,440.71,120.41,103.65,94.09,26.66,21.79
04-04447,101.3,227.34,236.36,54.94,315.16,297.74,437.5,371.23,374.72,62.19,69.12
04-04448,461.69,121.4,95.84,495.43,86.66,86.87,93.94,97.44,101.68,67.65,73.46
04-04449,319.63,76.31,236.21,332.38,86.59,285.26,315.19,284.7,279.21,14.19,11.5
04-04450,215.39,180.76,252.16,178.71,131.58,198.15,101.32,112.13,118.74,62.38,67.43
04-04451,423.23,432.84,114.6,464.72,420.52,81.82,291.31,280.16,300.19,51.27,46.22
04-04452,135.79,153.35,105.08,104.08,181.73,50.73,445.56,494.09,487.27,14.01,13.0
04-04453,324.06,454.39,399.7,391.06,380.03,460.61,390.76,444.7,411.02,79.47,87.55
04-04454,359.93,328.29,121.44,378.15,423.69,88.51,289.5,275.17,260.69,79.07,80.21
04-04455,131.18,397.84,323.56,142.33,434.02,295.9,108.6,116.22,116.14,37.32,42.64
04-04456,464.57,309.73,481.33,513.96,323.07,466.79,311.9,352.18,385.96,36.06,41.59
04-04457,485.31,254.93,375.6,443.73,323.16,428.6,109.32,113.65,121.75,50.06,43.81
04-04458,243.78,463.89,89.34,282.26,544.03,101.59,252.9,294.33,274.2,24.53,28.57
04-04459,273.63,244.72,312.04,354.37,276.29,309.02,275.46,225.1,209.87,48.29,53.67
04-04460,88.93,236.09,438.44,25.27,199.98,355.47,354.97,370.73,342.53,73.73,67.19
04-04461,186.23,81.8,444.4,99.76,52.99,481.55,230.31,268.89,254.74,53.37,48.87
04-04462,317.43,111.86,424.67,395.21,71.2,353.64,130.6,153.05,157.3,79.3,70.31
04-04463,176.9,282.01,187.9,139.37,216.29,281.76,216.66,187.34,193.81,34.34,32.87
04-04464,246.42,377.95,415.8,308.92,385.8,395.41,448.64,402.42,428.56,71.02,62.66
04-04465,352.39,262.25,369.88,373.85,192.01,350.63,225.38,258.09,264.66,32.59,27.29
04-04466,340.07,495.39,153.05,370.58,420.71,105.62,223.22,257.87,269.2,17.64,14.29
04-04467,335.84,454.2,399.4,280.97,372.55,392.22,361.76,387.01,387.35,43.74,37.09
04-04468,481.71,68.89,374.89,550.5,50.91,365.35,328.44,356.7,359.54,79.48,76.74
04-04469,214.43,273.02,284.53,189.85,221.34,248.93,290.67,331.7,320.93,28.16,23.32
04-04470,191.5,110.05,349.83,258.05,220.7,286.15,241.98,227.94,241.19,70.52,70.76
04-04471,456.39,480.31,105.46,497.16,459.67,122.05,395.49,330.66,326.32,61.15,61.34
04-04472,253.82,477.26,316.27,304.79,460.61,325.4,228.03,207.47,215.21,22.82,26.59
04-04473,233.8,92.71,82.4,184.57,143.64,193.55,217.24,193.38,183.04,74.01,59.25
04-04474,107.77,348.9,345.54,72.0,336.65,454.04,171.0,202.88,193.46,49.51,55.99
04-04475,119.97,354.69,378.84,121.76,441.47,397.89,161.95,146.52,140.78,68.07,75.22
04-04476,481.29,359.94,493.1,371.24,451.9,579.14,218.85,245.9,237.46,71.18,72.74
04-04477,466.79,130.71,473.69,527.92,230.38,510.96,307.44,315.38,336.0,49.36,43.89
04-04478,201.03,152.7,270.49,249.12,103.6,342.84,129.62,107.84,104.38,15.34,14.85
04-04479,408.18,310.52,410.75,459.91,318.91,383.92,205.84,209.47,216.68,50.58,57.0
04-04480,379.77,291.25,65.44,262.7,235.31,12.01,215.81,242.2,219.28,76.01,83.63
04-04481,468.95,432.67,111.61,548.95,369.79,144.04,265.86,290.86,271.56,67.22,66.01
04-04482,435.15,252.54,315.62,389.78,334.36,289.08,416.74,446.18,479.57,75.66,78.87
04-04483,490.06,464.1,260.22,618.97,535.99,271.34,147.53,170.38,171.4,51.58,61.88
04-04484,154.3,214.17,300.71,37.96,94.87,160.32,244.73,278.69,302.04,37.94,39.69
04-04485,445.2,310.14,75.85,376.09,260.5,65.72,428.58,436.86,453.37,52.47,43.22
04-04486,466.18,250.15,252.44,418.84,317.82,254.86,163.95,162.87,149.25,56.81,63.4
04-04487,76.07,471.22,253.22,0.0,438.72,277.21,248.61,233.86,215.6,76.12,90.76
04-04488,206.5,318.09,398.42,229.84,293.85,289.08,218.2,183.02,200.68,79.11,65.48
04-04489,378.61,428.61,347.83,480.55,421.64,345.4,194.25,187.46,202.44,70.29,56.93
04-04490,391.76,110.61,218.79,428.62,199.74,192.94,109.15,126.73,133.7,50.68,46.84
04-04491,346.4,379.8,451.96,378.33,267.61,483.2,92.4,75.04,78.01,37.02,37.11
04-04492,491.59,447.82,89.97,377.21,383.65,93.57,228.2,234.39,231.37,72.97,69.49
04-04493,352.69,86.49,317.77,309.89,125.11,252.31,198.82,172.51,186.71,49.28,49.81
04-04494,123.4,489.3,329.13,89.48,465.45,466.34,284.86,310.83,315.91,45.83,46.75
04-04495,137.12,358.76,179.18,85.99,326.54,195.81,441.44,506.73,485.78,30.4,28.04
04-04496,484.51,226.02,82.55,498.12,187.84,80.5,341.9,290.34,277.6,47.77,51.26
04-04497,435.75,377.61,210.72,456.72,433.77,206.27,211.27,222.86,228.11,38.2,30.75
04-04498,193.74,426.38,152.33,156.46,446.87,165.49,310.28,300.92,298.42,10.93,9.15
04-04499,90.17,376.72,378.99,122.6,461.66,347.97,122.31,119.76,111.18,19.54,21.87
04-04500,287.0,305.71,418.51,338.21,341.93,490.84,268.73,227.89,207.03,24.23,20.03
04-04501,346.33,152.78,379.79,397.6,71.28,407.23,183.69,159.96,152.13,59.92,60.35
04-04502,66.25,104.25,247.35,0.0,54.18,225.77,196.17,191.15,193.58,30.22,36.17
04-04503,264.56,438.74,382.52,389.51,532.59,419.66,209.16,219.22,207.96,68.04,66.99
04-04504,327.87,199.1,106.28,417.56,278.55,222.14,111.64,113.34,111.82,12.68,11.32
04-04505,302.85,418.9,446.97,311.83,451.22,482.19,331.84,289.07,299.1,28.89,34.23
04-04506,146.88,206.48,256.12,191.08,180.37,238.27,367.16,368.38,394.35,51.18,51.8
04-04507,469.88,281.98,328.49,438.56,241.38,349.41,168.13,176.17,169.4,64.26,59.44
04-04508,249.39,415.54,70.34,301.15,365.31,8.03,243.83,270.34,255.66,60.32,63.38
04-04509,66.68,477.53,216.62,45.82,449.47,165.41,186.01,188.47,179.87,55.21,59.8
04-04510,482.82,249.13,363.9,433.35,261.57,347.1,287.44,247.09,235.1,24.79,25.35
04-04511,474.76,148.98,472.63,472.28,170.51,356.92,196.28,226.97,216.33,56.46,62.33
04-04512,226.09,488.68,138.57,188.44,545.54,35.77,310.28,324.62,322.01,71.46,69.57
04-04513,226.9,446.73,452.91,192.33,436.6,422.86,314.37,368.91,339.99,55.55,57.6
04-04514,179.95,130.92,191.68,142.07,182.11,99.26,295.91,327.49,338.01,61.52,59.93
04-04515,238.9,188.06,280.11,267.18,230.06,295.7,341.2,406.73,403.08,29.28,24.55
04-04516,343.87,71.28,351.04,363.33,109.19,309.62,326.38,339.24,337.77,17.98,20.02
04-04517,177.79,464.23,303.58,208.92,380.8,287.33,223.7,267.84,270.8,18.01,15.92
04-04518,163.6,260.19,60.78,273.92,316.21,0.0,258.51,269.15,282.59,30.09,24.4
04-04519,242.33,108.93,145.25,170.4,193.62,254.29,412.53,411.17,373.18,23.27,20.81
04-04520,242.6,320.06,290.33,227.88,444.59,243.36,193.14,198.48,208.6,73.75,75.39
04-04521,140.76,235.85,101.33,89.78,280.66,40.73,213.27,234.87,227.95,78.06,71.59
04-04522,432.69,141.61,465.69,532.27,244.22,512.56,115.8,97.57,92.88,27.07,29.62
04-04523,79.68,155.57,418.93,192.01,138.24,450.39,391.0,314.42,308.91,15.76,14.66
04-04524,188.28,92.84,260.31,295.59,222.75,247.32,248.97,228.14,231.84,64.28,68.56
04-04525,153.74,152.13,285.53,164.42,288.03,359.32,397.3,476.48,467.26,45.63,43.66
04-04526,443.72,130.97,229.99,409.72,167.25,322.24,335.26,275.68,297.63,47.15,46.99
04-04527,358.25,325.09,146.41,335.76,338.66,105.95,126.93,109.65,101.31,17.65,19.35
04-04528,415.03,225.45,265.98,343.43,322.29,208.07,201.88,180.45,197.52,41.88,34.82
04-04529,173.25,495.44,389.68,246.91,474.69,375.91,404.38,388.91,416.18,63.34,73.89
04-04530,378.06,306.42,317.27,359.14,290.77,279.41,198.18,165.52,149.49,46.2,39.34
04-04531,313.87,335.91,451.24,304.0,361.48,469.24,290.88,307.72,314.64,28.56,31.87
04-04532,207.63,417.48,495.63,145.91,324.15,587.32,272.6,273.19,267.37,54.13,54.95
04-04533,377.17,405.52,479.2,351.37,371.24,314.47,293.0,324.95,356.95,63.16,56.78
04-04534,414.85,338.88,488.02,411.42,301.6,399.11,95.8,78.95,84.6,76.49,83.3
04-04535,455.83,452.54,408.43,548.38,476.83,492.16,166.08,171.45,157.79,54.08,64.6
04-04536,421.38,295.72,472.7,460.75,225.18,433.99,286.11,310.59,282.13,61.37,59.45
04-04537,495.63,290.55,193.28,486.27,266.25,219.66,133.57,110.97,118.23,62.1,61.46
04-04538,81.61,194.61,255.2,174.14,54.9,269.04,151.28,152.03,153.59,73.7,65.31
04-04539,80.9,161.38,314.28,95.48,60.42,221.91,84.75,90.96,91.68,17.67,19.98
04-04540,399.84,381.06,88.15,345.78,384.14,75.81,165.33,149.29,158.83,45.69,37.66
04-04541,461.97,80.74,334.73,511.43,89.83,363.01,240.37,256.22,266.47,79.2,66.35
04-04542,389.5,93.97,111.11,378.37,120.0,240.1,329.28,289.03,315.38,17.6,14.47
04-04543,331.31,107.66,86.18,298.36,96.11,14.36,320.06,337.69,317.58,22.98,23.12
04-04544,433.55,150.08,216.13,486.12,74.98,292.14,375.84,428.01,400.99,52.89,52.13
04-04545,432.13,359.18,159.74,495.34,318.49,58.62,92.66,86.84,84.87,59.74,65.55
04-04546,155.54,327.53,497.41,63.25,356.73,422.34,418.53,361.53,375.3,29.94,24.75
04-04547,301.43,117.41,232.99,299.16,124.75,259.1,148.48,154.77,140.89,54.37,61.07
04-04548,317.07,130.76,388.35,274.58,201.39,452.69,395.07,407.83,443.77,30.71,27.37
04-04549,312.45,270.6,198.36,216.47,186.43,205.7,417.98,455.85,472.93,49.26,44.77
04-04550,447.46,178.39,353.04,509.43,265.14,414.22,289.23,252.58,234.01,35.8,31.24
04-04551,468.11,438.81,197.01,579.66,403.81,148.01,326.34,376.88,345.49,55.02,64.42
04-04552,399.85,103.49,328.64,348.25,51.55,407.36,341.4,399.48,376.98,56.18,46.77
04-04553,231.1,241.98,216.42,208.71,243.58,246.2,150.65,166.86,157.43,19.09,15.79
04-04554,264.07,263.49,101.7,176.16,253.73,157.34,186.78,158.19,169.17,34.55,33.01
04-04555,260.25,343.69,483.07,281.33,302.85,522.45,378.8,425.18,393.53,58.36,53.93
04-04556,414.79,324.3,120.77,406.35,336.6,120.7,395.54,381.36,391.56,60.87,60.29
04-04557,85.83,81.4,406.57,120.76,25.54,484.33,371.89,380.17,346.28,71.6,63.12
04-04558,63.82,237.55,497.6,74.88,343.85,361.21,248.39,208.62,194.16,11.23,13.32
04-04559,487.06,240.32,210.64,568.31,201.46,192.38,150.68,139.64,136.29,46.35,52.38
04-04560,209.25,432.93,382.61,244.02,460.98,465.55,346.23,355.98,356.67,52.97,48.16
04-04561,458.95,495.61,110.41,490.81,458.39,140.62,264.78,235.79,252.53,41.27,46.04
04-04562,393.82,460.9,164.71,392.52,516.82,97.78,96.62,102.56,109.01,37.49,39.9
04-04563,214.89,306.67,69.69,263.43,285.91,114.72,116.51,99.92,91.75,41.57,42.72
04-04564,216.91,73.5,356.65,273.06,64.08,396.87,85.11,81.3,88.37,50.6,49.36
04-04565,437.35,110.39,178.46,395.84,100.02,136.62,279.14,298.62,269.11,17.89,16.41
04-04566,101.05,461.67,64.59,143.03,305.89,0.5,442.82,456.83,442.08,25.84,25.07
04-04567,198.91,174.49,89.45,149.15,118.39,65.33,203.93,237.7,229.2,35.23,31.49
04-04568,469.8,174.5,271.76,422.45,237.41,359.55,402.02,322.1,352.2,15.61,13.05
04-04569,129.68,145.38,200.96,211.19,63.57,108.84,346.6,345.37,317.92,55.06,48.06
04-04570,334.11,170.46,369.25,304.94,185.14,344.03,273.24,321.61,295.19,42.87,40.59
04-04571,271.9,485.08,359.17,279.78,514.18,469.75,310.86,298.57,290.94,32.51,27.91
04-04572,428.24,258.09,116.3,466.74,356.39,189.1,208.65,205.25,190.43,58.71,70.34
04-04573,291.47,69.42,392.95,288.02,141.75,334.58,151.07,140.98,135.25,14.9,12.75
04-04574,193.96,289.08,368.28,198.79,262.82,439.38,260.76,231.08,236.68,16.99,17.21
04-04575,357.51,137.28,162.03,325.35,265.27,157.21,185.42,183.58,194.73,25.81,21.66
04-04576,303.83,220.94,61.95,404.45,244.03,139.76,399.86,445.6,456.19,51.15,43.47
04-04577,474.22,149.76,73.56,481.44,282.7,22.53,343.89,359.56,342.17,34.39,40.7
04-04578,295.01,468.04,432.75,437.86,507.06,413.35,253.52,300.55,311.51,61.83,64.33
04-04579,88.21,185.06,400.77,74.35,191.83,404.82,312.72,325.9,323.29,40.45,40.92
04-04580,300.07,289.04,279.92,286.26,189.12,217.6,415.38,371.6,353.42,54.22,51.58
04-04581,90.65,472.47,318.42,63.37,514.88,327.21,207.05,184.44,194.49,56.18,57.02
04-04582,147.98,470.26,463.43,82.31,545.13,517.09,250.59,236.08,228.54,42.43,34.02
04-04583,226.2,231.28,203.55,283.34,257.35,206.48,155.96,150.72,142.16,11.36,9.23
04-04584,144.5,79.32,258.84,210.0,64.98,312.76,445.38,407.47,369.69,35.1,41.07
04-04585,84.84,352.08,123.51,86.81,406.58,241.32,246.96,239.42,244.29,51.96,47.08
04-04586,359.55,87.84,154.46,402.79,39.97,213.7,338.8,293.61,320.96,20.32,20.99
04-04587,394.52,310.32,149.7,385.86,308.45,113.36,357.49,425.31,459.23,48.22,51.02
04-04588,139.38,464.62,118.27,96.29,504.5,168.23,86.91,86.3,80.44,22.95,22.33
04-04589,107.92,438.79,94.41,81.93,464.32,2.13,397.7,377.17,406.57,11.88,11.83
04-04590,481.29,428.99,226.68,503.66,380.45,152.22,201.97,180.1,181.18,49.07,48.33
04-04591,456.39,116.54,394.13,426.9,154.96,439.05,119.52,101.72,107.66,74.4,87.5
04-04592,257.03,334.42,289.97,259.07,329.66,328.29,319.03,262.5,257.49,22.26,19.57
04-04593,130.72,276.02,264.6,229.03,250.19,163.75,409.86,352.05,382.83,32.35,31.47
04-04594,297.67,321.74,275.13,308.88,239.46,282.15,340.95,279.38,283.64,79.77,64.77
04-04595,377.11,442.65,350.05,439.32,491.76,349.51,333.5,396.64,402.0,27.95,25.68
04-04596,91.8,150.9,398.86,81.91,47.57,363.98,142.43,167.38,172.47,78.0,92.11
04-04597,151.9,298.52,333.54,112.65,355.65,369.92,304.23,330.19,325.67,67.38,55.58
04-04598,416.85,202.56,326.73,344.16,238.5,298.88,186.74,171.9,162.44,39.28,37.82
04-04599,154.92,202.2,212.03,193.27,120.43,284.76,123.49,108.92,106.67,48.51,49.71
04-04600,62.29,361.31,315.81,134.91,331.34,270.99,427.5,503.78,502.3,65.2,57.23
04-04601,171.86,400.41,290.1,95.08,395.33,211.72,260.93,227.53,233.66,12.94,14.2
04-04602,311.02,87.39,272.21,375.05,147.37,199.02,379.26,448.49,431.61,11.93,11.01
04-04603,169.44,172.69,306.12,111.28,108.49,327.95,408.83,372.33,352.57,53.57,53.95
04-04604,288.01,496.8,288.85,323.33,520.49,248.5,273.07,248.05,256.2,49.54,55.54
04-04605,168.36,369.93,79.31,181.98,404.45,46.19,256.86,294.58,296.36,78.49,91.67
04-04606,278.79,67.67,156.59,187.25,127.91,152.2,217.68,234.15,210.79,52.75,52.69
04-04607,182.76,420.28,91.25,71.38,520.26,68.55,117.14,115.04,109.84,66.72,62.7
04-04608,71.92,456.24,60.1,0.0,532.3,121.24,410.03,446.88,473.39,20.36,20.33
04-04609,134.51,415.59,403.11,279.81,445.99,324.83,265.67,309.12,294.08,58.23,67.26
04-04610,235.73,272.16,319.02,162.59,164.14,316.67,421.1,486.0,453.87,73.23,60.52
04-04611,345.77,497.18,64.38,348.11,473.4,26.43,192.2,185.13,186.24,27.6,26.91
04-04612,147.11,301.2,457.33,186.9,317.44,423.84,223.8,217.57,222.89,56.42,47.15
04-04613,377.08,261.02,261.01,367.5,203.15,372.24,332.91,388.99,422.49,55.05,48.28
04-04614,145.61,285.32,97.33,168.79,227.08,103.27,152.81,137.82,134.27,23.91,28.06
04-04615,85.55,214.67,96.77,55.88,249.84,115.65,359.69,311.39,293.39,63.89,57.27
04-04616,105.02,486.86,384.26,222.53,480.17,454.76,94.13,108.95,115.43,37.93,32.91
04-04617,271.86,297.98,285.47,359.96,226.37,237.65,168.98,191.61,177.38,54.35,50.19
04-04618,96.52,101.57,130.11,81.01,0.0,165.6,271.94,324.55,298.55,23.68,19.67
04-04619,297.58,213.91,313.96,329.2,121.95,404.28,186.79,165.72,162.12,14.61,13.28
04-04620,285.77,71.46,203.09,343.2,136.11,247.62,262.67,260.73,266.18,39.91,46.12
04-04621,195.78,258.35,190.99,230.2,231.57,154.34,230.12,200.93,206.28,50.53,45.99
04-04622,309.42,150.01,90.98,241.5,186.32,72.26,135.56,138.26,141.75,46.29,55.42
04-04623,491.41,345.35,266.52,499.3,354.9,321.43,233.24,264.58,257.96,58.9,61.2
04-04624,178.54,171.65,414.83,91.76,176.65,336.88,412.85,488.98,476.98,62.16,64.69
04-04625,337.65,459.19,184.12,298.8,345.24,209.99,137.6,155.67,157.55,63.49,69.94
04-04626,375.68,80.62,172.33,348.94,148.69,264.09,156.11,177.34,185.14,72.73,75.97
04-04627,473.57,329.11,319.81,534.48,364.87,354.86,375.42,390.11,397.14,10.07,11.94
04-04628,146.9,411.02,419.89,160.75,378.15,391.45,330.4,333.49,359.07,65.2,72.18
04-04629,168.11,413.92,220.18,136.23,378.53,159.43,351.91,394.72,369.0,74.59,61.57
04-04630,453.78,474.19,84.3,489.7,445.6,118.75,384.56,346.93,328.33,79.53,67.61
04-04631,395.79,396.89,247.98,390.79,488.24,152.76,375.37,347.77,368.49,20.43,16.74
04-04632,130.32,207.01,381.62,150.34,174.66,358.77,252.62,211.08,197.76,15.19,14.22
04-04633,148.31,64.78,279.65,93.89,75.73,242.5,354.05,351.41,380.38,50.91,57.46
04-04634,411.37,62.44,470.76,489.66,65.45,485.11,309.48,257.9,233.19,12.23,12.78
04-04635,235.07,116.93,107.94,362.67,214.35,90.86,183.55,198.7,179.8,58.6,47.05
04-04636,441.79,494.34,459.31,419.72,455.11,522.73,134.32,157.07,146.07,46.57,44.87
04-04637,166.53,447.73,99.64,194.19,454.7,148.05,431.23,430.22,408.6,17.59,18.42
04-04638,276.92,405.28,156.39,224.74,380.34,86.52,196.36,226.78,231.97,61.44,61.42
04-04639,260.92,352.32,155.62,269.25,337.48,155.36,124.61,142.63,152.74,27.67,25.77
04-04640,271.9,208.23,147.24,237.77,139.77,156.94,281.39,315.22,295.12,65.42,56.95
04-04641,481.95,70.34,355.66,452.97,16.38,354.62,247.56,198.83,187.35,39.16,39.22
04-04642,240.64,147.84,238.9,168.6,141.38,259.04,259.71,276.86,279.33,36.93,42.8
04-04643,285.47,362.28,242.12,382.96,452.05,248.51,368.5,406.49,431.14,58.36,51.91
04-04644,439.75,375.33,461.61,476.6,456.92,369.56,197.17,227.47,226.8,18.47,20.05
04-04645,259.4,405.52,498.37,285.66,445.66,524.18,256.84,261.42,250.19,44.25,52.22
04-04646,406.57,120.95,91.29,346.34,156.15,58.93,424.45,416.37,434.27,24.95,26.68
04-04647,470.79,423.54,189.56,494.21,409.36,264.72,227.79,212.77,209.1,23.87,20.91
04-04648,362.11,267.19,384.0,370.33,302.73,337.07,433.33,413.97,386.75,22.49,22.16
04-04649,335.91,163.35,307.0,429.34,157.57,271.42,336.56,335.84,347.86,58.93,63.35
04-04650,320.32,288.03,144.59,272.31,309.88,79.93,341.95,371.8,394.19,76.95,88.61
04-04651,214.38,327.26,323.94,149.26,389.47,373.72,95.9,99.39,101.97,72.59,71.99
04-04652,324.47,337.26,343.75,331.21,355.84,443.25,242.57,276.96,298.61,75.59,79.6
04-04653,159.23,303.81,354.42,114.68,284.88,455.3,108.88,110.67,106.24,62.91,58.07
04-04654,245.75,343.93,138.21,211.35,289.22,118.57,102.34,86.1,87.17,52.86,50.4
04-04655,201.76,159.8,341.1,89.84,116.4,356.49,172.58,191.12,173.53,67.38,75.51
04-04656,379.0,214.14,267.41,512.44,68.42,219.14,316.94,268.71,293.4,43.43,48.46
04-04657,198.91,297.5,296.01,155.75,224.69,264.58,218.6,218.32,219.54,41.22,37.86
04-04658,102.69,230.38,168.43,110.61,125.48,89.79,416.7,450.65,482.35,38.96,34.99
04-04659,468.49,308.31,115.23,462.87,258.86,144.89,310.52,361.3,347.2,61.28,59.06
04-04660,453.17,280.41,162.38,454.31,319.81,133.83,97.46,96.82,103.77,29.53,24.9
04-04661,125.03,212.58,283.27,91.33,207.13,291.52,202.65,169.33,182.71,27.6,28.26
04-04662,298.3,344.18,323.36,350.34,297.27,275.5,258.44,309.92,330.5,37.84,33.78
04-04663,463.42,101.91,492.9,413.12,139.29,484.53,433.4,371.42,340.95,58.38,55.2
04-04664,457.42,105.88,319.91,454.83,1.11,303.51,182.48,163.88,160.32,24.52,28.03
04-04665,109.03,280.19,360.8,70.56,254.62,312.63,282.73,236.48,228.04,20.35,19.04
04-04666,417.7,65.55,295.58,445.78,104.62,281.28,82.28,97.61,102.65,73.72,79.21
04-04667,486.73,216.47,451.4,495.27,178.69,393.65,351.51,361.67,374.8,72.66,59.86
04-04668,444.11,231.72,499.9,449.58,109.16,489.71,80.42,69.33,65.78,37.04,41.21
04-04669,159.07,371.55,170.39,268.18,411.34,147.46,393.73,340.37,329.68,63.77,63.1
04-04670,83.71,219.98,69.66,165.71,269.13,14.93,295.2,316.02,305.6,54.37,54.15
04-04671,418.19,303.76,402.29,363.34,264.89,366.95,381.6,320.14,336.88,36.43,32.63
04-04672,492.96,249.76,194.23,579.86,214.27,297.52,158.02,132.28,129.83,54.9,61.86
04-04673,359.8,489.6,257.12,349.95,531.96,232.62,82.5,66.11,62.47,10.67,9.86
04-04674,471.21,310.99,111.02,528.7,183.19,141.13,250.04,221.47,201.1,34.2,29.01
04-04675,234.55,225.86,497.84,289.67,239.51,453.88,328.66,355.59,365.2,22.25,18.04
04-04676,408.64,231.56,229.8,344.63,302.61,166.04,433.72,512.09,560.08,39.23,35.23
04-04677,491.35,130.72,347.01,598.64,140.91,308.09,250.74,203.29,211.17,48.44,43.26
04-04678,390.36,447.13,73.46,525.86,370.9,161.62,331.27,362.55,365.87,22.59,20.9
04-04679,131.34,479.48,267.68,186.4,457.88,264.13,295.2,325.48,322.68,10.59,11.53
04-04680,121.26,197.85,98.16,153.61,169.03,251.86,258.63,290.9,290.24,23.76,23.86
04-04681,295.66,235.04,347.04,313.37,243.91,321.02,118.18,96.01,92.28,59.73,65.35
04-04682,181.08,230.58,275.29,161.84,167.12,238.12,285.06,241.63,225.33,41.19,33.46
04-04683,498.58,356.43,214.17,557.07,417.96,260.07,118.47,112.2,113.37,72.02,62.47
04-04684,372.33,273.54,147.32,386.89,255.85,184.4,194.62,201.19,201.44,59.59,67.21
04-04685,175.41,305.76,307.19,121.69,249.55,289.45,389.65,439.12,428.12,36.15,34.27
04-04686,394.26,339.1,89.13,445.74,452.17,44.13,409.96,446.29,411.52,65.52,58.98
04-04687,338.84,414.62,318.04,436.07,498.19,353.3,314.27,331.91,335.85,30.72,28.71
04-04688,327.01,321.0,323.1,348.34,414.83,408.07,253.39,244.06,227.25,54.9,44.57
04-04689,160.13,389.32,374.99,182.95,343.57,472.8,365.74,347.94,371.67,10.62,10.89
04-04690,428.47,324.21,322.59,464.48,261.93,413.19,320.31,359.23,373.95,66.45,78.5
04-04691,145.2,332.3,181.53,82.48,300.83,209.32,405.84,430.62,441.93,53.02,48.47
04-04692,136.83,415.55,287.72,137.66,364.19,343.42,319.55,286.26,274.8,36.9,33.87
04-04693,223.34,261.11,262.9,281.54,256.93,201.22,194.02,212.45,231.93,30.57,28.18
04-04694,480.31,292.58,436.62,482.68,284.95,396.78,98.92,100.69,101.4,61.94,74.02
04-04695,254.94,167.98,468.33,295.26,249.86,376.36,222.29,253.17,236.22,38.86,41.94
04-04696,461.96,394.29,128.71,451.95,384.93,115.05,178.97,177.27,187.51,23.69,26.46
04-04697,192.79,447.53,437.91,154.72,378.36,363.57,363.83,420.53,423.06,61.41,73.19
04-04698,132.28,416.73,111.9,70.68,381.42,235.2,429.13,369.59,405.91,18.18,17.24
04-04699,397.53,159.28,426.01,407.8,167.55,498.81,439.65,375.58,400.99,77.76,92.16
04-04700,312.07,145.17,390.79,411.11,196.21,322.55,268.76,266.29,278.82,62.22,61.35
04-04701,354.57,409.5,171.24,331.45,367.49,336.74,194.06,161.16,156.89,43.92,45.59
04-04702,160.02,173.6,166.15,132.73,201.57,218.88,373.11,346.46,347.53,42.18,46.09
04-04703,86.37,82.55,227.3,15.5,128.92,232.64,261.58,248.02,271.93,29.91,27.03
04-04704,387.84,325.5,217.7,363.66,377.51,228.94,134.09,137.62,135.79,76.64,91.47
04-04705,175.36,282.12,178.18,253.92,255.9,174.89,350.86,308.95,321.83,30.12,35.52
04-04706,329.3,224.71,437.13,354.46,215.89,389.13,133.23,142.33,140.96,57.77,66.83
04-04707,283.07,471.91,94.14,188.4,541.02,91.71,115.71,124.78,128.29,79.11,80.72
04-04708,348.13,414.83,404.09,432.57,402.96,390.79,248.59,268.3,247.0,51.39,59.85
04-04709,349.23,256.4,240.27,293.04,237.58,308.33,100.69,82.55,77.12,51.87,56.15
04-04710,226.8,437.83,223.5,383.06,343.46,211.64,130.42,120.01,130.65,24.97,26.55
04-04711,198.78,297.2,356.1,226.79,285.29,427.13,218.54,260.49,267.11,39.06,36.87
04-04712,114.03,232.78,167.06,126.51,199.94,158.98,331.61,296.58,276.08,28.93,30.95
04-04713,396.29,451.52,429.77,500.85,469.53,327.08,382.27,440.2,459.97,79.55,94.41
04-04714,200.74,216.6,421.99,164.24,228.01,339.77,310.5,361.07,359.28,63.34,60.9
04-04715,72.7,202.92,154.35,28.81,200.66,198.51,344.89,400.82,408.55,25.92,21.95
04-04716,293.39,451.14,268.27,291.75,446.9,414.3,111.57,125.87,116.39,15.32,17.13
04-04717,386.01,166.23,112.09,376.57,82.04,60.49,183.51,168.23,182.92,58.3,66.61
04-04718,176.94,321.04,228.13,155.04,281.22,224.45,291.29,337.32,349.48,65.27,70.27
04-04719,461.23,200.5,102.21,438.22,159.6,43.78,255.5,216.27,201.18,56.14,49.18
04-04720,385.6,404.05,454.11,457.34,441.53,422.72,160.1,173.68,171.81,39.67,32.63
04-04721,239.18,270.49,386.75,183.74,257.53,359.61,195.95,217.48,211.96,42.61,37.03
04-04722,364.52,377.76,355.63,256.22,365.37,402.34,313.7,269.01,289.74,35.55,29.02
04-04723,94.15,491.84,63.48,120.16,505.37,15.99,427.69,420.76,421.2,13.73,15.52
04-04724,61.94,415.21,170.23,128.61,453.17,92.13,392.65,365.06,372.39,15.5,15.0
04-04725,60.47,460.18,245.52,15.69,445.12,186.32,406.01,384.41,383.68,52.08,45.78
04-04726,224.48,283.68,474.19,207.5,333.2,474.77,226.47,250.62,248.54,21.74,17.91
04-04727,293.17,455.04,122.06,271.65,434.43,147.24,435.62,454.77,418.12,61.57,50.96
04-04728,164.93,142.5,472.03,106.99,97.13,418.04,439.96,420.89,405.35,15.5,16.52
04-04729,73.87,441.05,122.31,0.0,457.51,197.44,200.58,185.16,182.82,32.17,36.48
04-04730,109.06,300.18,71.15,62.18,422.38,79.52,223.19,188.04,206.29,56.85,52.54
04-04731,290.16,487.25,229.81,290.74,462.38,169.21,282.09,246.89,226.18,37.42,33.36
04-04732,242.93,93.41,117.04,268.93,104.14,28.88,186.89,179.96,166.24,65.21,74.08
04-04733,408.96,380.12,232.33,383.12,419.33,327.07,255.98,231.26,238.19,44.69,42.62
04-04734,125.65,272.11,119.35,79.21,277.72,90.89,199.02,192.34,205.84,13.07,15.41
04-04735,493.5,476.35,63.69,430.35,460.1,12.5,333.35,290.35,299.6,46.91,52.67
04-04736,300.12,389.8,331.23,355.59,397.2,328.84,93.21,85.11,81.07,25.52,26.6
04-04737,375.22,99.83,114.54,430.15,75.47,173.56,287.15,261.2,278.14,20.67,19.6
04-04738,414.76,283.03,124.58,396.34,293.88,80.77,269.47,259.15,249.09,24.72,24.56
04-04739,126.78,209.04,395.06,94.93,165.8,495.39,278.54,245.0,238.05,43.53,51.93
04-04740,66.4,202.7,138.09,6.86,273.5,23.18,306.26,350.01,334.78,20.59,22.49
04-04741,174.65,263.64,457.58,169.26,276.42,489.66,325.71,323.2,297.86,68.41,66.49
04-04742,149.27,87.71,187.45,166.94,81.28,171.36,226.78,200.09,201.4,20.12,24.0
04-04743,462.95,371.67,328.81,480.13,437.75,267.22,119.09,113.12,116.62,59.45,69.04
04-04744,83.61,130.19,427.63,45.72,49.73,412.89,311.51,284.46,283.07,30.37,24.45
04-04745,392.19,110.45,453.48,443.15,124.33,406.74,105.49,99.23,95.05,24.45,23.55
04-04746,463.05,61.27,385.09,405.79,77.38,341.87,161.74,181.63,190.73,52.5,56.46
04-04747,193.09,262.5,146.74,221.27,366.74,157.34,356.3,287.33,310.06,45.61,37.81
04-04748,176.27,237.92,61.97,198.79,264.11,0.0,257.83,251.92,240.17,50.01,46.41
04-04749,305.0,378.55,94.12,321.36,411.98,114.28,420.54,339.17,335.6,49.87,45.17
04-04750,152.48,469.08,140.84,188.14,543.33,154.7,157.98,145.52,148.48,50.64,53.08
04-04751,222.06,361.08,125.77,286.21,392.04,224.6,394.56,432.92,392.49,77.68,69.33
04-04752,86.22,315.17,93.47,152.8,299.48,86.15,182.69,207.55,188.65,71.46,69.19
04-04753,212.49,378.7,490.0,205.34,430.75,477.52,415.02,343.22,339.0,74.52,71.93
04-04754,445.05,167.8,291.42,432.95,64.02,295.39,438.24,420.12,409.74,36.39,41.64
04-04755,97.33,331.7,470.46,12.09,334.84,426.42,122.71,113.67,123.98,37.34,38.82
04-04756,190.6,303.99,197.4,194.53,307.37,203.18,261.44,218.7,215.12,13.14,15.59
04-04757,326.59,250.82,311.26,248.05,201.99,298.25,312.2,298.71,293.35,76.53,70.69
04-04758,324.62,133.89,194.95,361.19,176.04,145.24,148.9,150.91,152.19,59.5,59.19
04-04759,318.07,88.79,346.33,343.57,207.39,300.49,345.61,304.48,305.06,60.81,69.85
04-04760,456.12,82.56,378.08,468.12,106.26,388.25,84.36,85.21,92.38,38.9,42.91
04-04761,89.48,404.34,364.06,134.95,473.6,269.29,367.57,309.11,328.81,33.45,32.87
04-04762,145.4,452.92,271.09,146.26,461.67,316.45,134.31,113.97,119.69,53.03,54.47
04-04763,101.81,366.6,383.13,119.44,413.08,316.98,252.36,270.05,267.5,28.65,25.59
04-04764,210.5,473.23,87.85,154.71,593.2,120.53,130.65,137.39,149.1,39.36,33.9
04-04765,328.98,185.72,70.4,348.35,142.13,117.59,301.7,241.42,250.06,61.74,66.11
04-04766,182.49,453.61,445.24,256.29,447.04,484.33,259.79,215.41,217.97,76.07,62.47
04-04767,396.81,303.94,114.15,393.45,314.01,239.91,198.29,236.98,218.64,79.86,65.19
04-04768,254.52,176.06,349.85,230.71,59.9,406.4,348.71,298.1,307.79,41.99,37.04
04-04769,171.99,98.61,174.54,154.76,44.83,122.48,93.54,94.42,102.91,19.65,17.45
04-04770,276.72,471.33,478.02,275.85,413.71,407.55,260.34,287.26,270.85,58.91,61.28
04-04771,442.81,230.1,100.56,516.47,273.61,21.19,327.33,284.96,300.96,37.01,36.19
04-04772,384.23,340.59,420.32,317.62,336.55,409.41,137.43,113.47,113.74,71.6,58.72
04-04773,121.46,333.26,489.35,111.63,421.37,619.77,98.72,97.21,105.02,38.31,43.3
04-04774,66.36,366.84,174.69,112.02,330.61,140.85,242.11,217.85,210.97,24.27,28.31
04-04775,234.29,487.28,188.46,232.74,515.61,245.93,183.89,167.01,152.17,15.26,14.99
04-04776,470.07,96.7,111.31,517.48,80.85,154.24,412.7,416.42,454.21,40.9,46.45
04-04777,391.4,197.93,309.3,412.33,231.46,352.42,124.99,148.49,136.31,75.33,85.27
04-04778,83.24,121.98,130.69,148.33,127.62,188.54,336.89,384.93,410.22,33.45,30.86
04-04779,414.42,196.1,259.53,465.66,280.39,235.59,393.59,363.0,389.58,31.68,36.76
04-04780,316.45,345.83,98.68,246.83,353.35,13.77,99.12,91.44,86.33,32.94,32.15
04-04781,374.93,468.41,247.56,410.6,544.11,160.79,241.73,249.83,248.44,66.25,66.47
04-04782,312.97,258.19,489.39,335.0,231.58,479.11,285.16,325.29,357.53,67.2,73.13
04-04783,191.16,353.73,143.51,246.81,361.18,209.78,278.11,313.2,299.02,41.74,39.76
04-04784,136.24,252.76,115.14,22.69,171.65,105.51,428.84,441.15,467.94,43.27,39.35
04-04785,301.89,172.22,363.47,265.52,223.35,286.31,324.45,305.9,331.02,22.48,26.46
04-04786,162.76,172.02,199.94,45.3,248.76,303.95,181.71,174.4,171.9,56.07,53.84
04-04787,136.85,464.62,251.78,174.79,394.86,190.92,338.75,346.76,325.57,18.22,18.86
04-04788,161.8,69.63,463.96,298.68,79.43,487.85,356.77,329.73,320.64,56.21,55.36
04-04789,212.49,241.6,338.12,304.6,332.39,357.01,438.92,490.46,496.29,52.4,51.25
04-04790,419.33,395.76,397.57,322.09,362.29,428.1,122.39,130.37,143.21,20.85,19.84
04-04791,80.07,203.87,406.47,65.01,209.8,434.12,382.29,394.13,363.27,31.32,37.47
04-04792,140.71,472.57,167.86,134.0,438.55,179.63,434.59,435.48,458.27,46.11,47.13
04-04793,447.12,342.1,262.07,403.59,260.88,250.74,147.64,164.66,155.09,18.96,20.92
04-04794,410.85,430.11,216.57,507.51,500.61,291.64,439.75,356.83,372.91,60.48,69.4
04-04795,70.33,97.35,234.34,72.99,12.05,216.56,107.71,125.62,116.64,12.71,14.58
04-04796,372.96,414.78,248.18,351.77,412.14,292.17,153.05,173.12,187.47,36.79,36.94
04-04797,415.28,120.29,200.25,472.81,142.97,247.76,153.29,125.7,119.95,78.73,83.49
04-04798,482.72,231.15,447.28,542.3,171.88,489.23,188.33,182.3,169.78,23.41,26.36
04-04799,245.97,177.56,122.45,373.92,191.92,157.95,290.04,277.8,291.47,68.44,79.85
04-04800,478.08,266.66,152.21,543.37,310.5,218.65,258.82,302.99,319.07,20.81,18.66
04-04801,242.37,104.83,88.86,166.02,135.74,1.13,405.23,457.87,434.41,64.95,75.94
04-04802,437.81,436.03,474.34,476.17,383.3,449.51,414.92,440.25,399.26,67.49,74.81
04-04803,214.76,290.64,492.41,169.29,221.87,360.73,425.36,479.15,503.14,28.48,28.67
04-04804,295.13,488.84,410.58,274.31,618.81,345.07,177.44,191.44,208.08,36.55,35.16
04-04805,112.95,168.65,361.1,103.14,237.06,239.77,284.91,314.96,288.03,72.04,84.14
04-04806,276.87,407.97,62.79,374.07,468.56,116.38,280.46,247.08,261.53,44.97,50.96
04-04807,172.55,242.61,361.5,197.63,245.0,321.61,307.24,262.05,284.0,32.74,36.26
04-04808,202.83,466.25,338.36,167.38,380.68,339.5,329.49,352.1,376.87,66.3,59.61
04-04809,255.21,375.51,380.9,110.57,310.33,301.09,363.92,433.95,436.55,56.02,45.52
04-04810,429.85,364.16,149.1,359.43,339.43,205.36,370.45,356.48,330.56,33.57,27.42
04-04811,202.52,339.18,251.2,231.64,239.3,258.26,103.2,105.92,112.6,70.06,83.04
04-04812,485.53,427.1,250.97,549.77,407.88,434.17,260.18,288.87,290.09,73.4,83.75
04-04813,187.5,122.6,121.75,272.62,80.91,54.94,225.99,227.07,240.88,79.39,71.38
04-04814,361.09,272.71,191.32,340.86,224.73,242.75,419.39,353.88,372.21,21.74,21.59
04-04815,102.93,64.72,95.46,130.29,38.3,154.14,382.38,423.77,410.85,24.81,22.61
04-04816,416.31,118.7,476.13,486.09,125.13,438.2,278.59,293.95,299.58,20.84,23.28
04-04817,204.96,297.82,100.1,143.35,313.25,192.11,256.31,259.83,245.7,51.66,49.98
04-04818,250.47,341.97,437.16,253.54,297.79,377.94,419.98,480.2,447.68,22.91,26.2
04-04819,367.86,165.97,242.61,291.53,130.34,272.27,395.18,410.3,411.54,18.24,15.27
04-04820,174.32,288.36,147.68,119.59,288.72,151.06,449.3,391.31,357.83,50.84,54.58
04-04821,316.14,178.75,499.89,231.38,188.35,452.62,350.33,367.82,354.15,41.05,34.11
04-04822,66.87,398.86,498.27,35.35,376.91,518.28,379.75,314.75,324.83,21.59,21.05
04-04823,479.14,155.73,351.42,534.88,102.59,261.4,144.76,133.02,141.85,36.15,39.04
04-04824,448.61,413.34,123.46,416.86,439.67,178.12,97.39,112.04,119.88,36.38,31.89
04-04825,451.96,61.08,161.91,423.92,34.19,201.72,370.44,390.99,355.12,13.29,14.72
04-04826,73.18,236.92,468.42,31.43,231.83,441.34,390.95,339.31,341.19,15.76,16.8
04-04827,141.63,198.3,80.18,230.04,254.7,283.57,174.79,155.92,153.27,17.17,16.49
04-04828,141.19,332.91,498.55,123.27,380.67,502.34,118.73,123.69,133.69,57.4,61.88
04-04829,402.07,463.79,248.48,353.12,404.43,144.5,343.45,312.57,318.41,22.22,23.07
04-04830,399.47,367.71,108.29,396.0,365.13,119.82,120.96,129.67,128.41,41.99,49.06
04-04831,111.48,472.81,207.34,92.93,477.36,118.58,238.42,247.51,222.83,72.98,72.6
04-04832,342.96,389.85,340.19,377.44,426.72,177.75,371.73,430.76,411.83,19.86,17.12
04-04833,105.85,454.8,229.43,139.84,432.86,293.46,206.33,238.34,247.75,45.24,53.45
04-04834,414.56,117.8,121.94,366.73,124.41,81.52,153.88,130.78,121.04,78.23,88.36
04-04835,102.08,304.19,332.46,217.0,268.45,245.54,351.85,405.52,367.12,44.7,50.2
04-04836,389.8,426.07,348.27,331.64,450.68,395.52,329.41,310.88,311.81,27.44,28.03
04-04837,247.76,208.55,363.3,200.05,135.68,372.77,214.69,175.73,183.82,72.52,81.33
04-04838,416.14,466.69,434.45,407.92,507.77,508.12,236.97,232.93,232.25,52.49,58.93
04-04839,395.57,185.24,255.98,447.84,233.76,254.53,364.9,395.11,399.47,34.57,35.57
04-04840,348.16,191.43,200.49,323.06,207.51,125.3,272.61,248.51,237.98,59.51,52.3
04-04841,129.2,416.41,180.3,148.69,454.7,262.16,224.99,198.38,190.25,26.76,30.93
04-04842,303.1,312.18,241.48,316.9,289.25,234.67,322.8,302.57,287.29,30.4,32.54
04-04843,161.46,160.35,272.06,49.75,129.34,212.69,244.67,282.16,283.35,17.31,16.22
04-04844,311.57,343.54,241.86,285.49,320.48,274.85,106.81,88.85,83.56,17.11,19.52
04-04845,302.38,75.51,295.21,250.48,76.83,258.92,295.51,314.47,321.76,42.5,44.46
04-04846,473.7,266.77,462.4,515.09,199.6,424.53,363.06,321.29,339.64,49.49,44.87
04-04847,342.16,144.79,61.44,339.76,168.53,81.82,383.01,457.05,419.42,30.07,25.63
04-04848,291.81,483.16,77.24,266.29,507.46,228.73,416.18,363.46,361.61,19.58,21.64
04-04849,80.61,331.37,275.86,13.85,249.15,220.12,182.89,207.5,206.14,74.56,79.34
04-04850,95.56,333.72,364.01,0.0,448.57,319.77,279.91,325.5,316.7,19.81,18.33
04-04851,258.28,278.48,383.33,340.9,271.25,406.51,241.37,264.05,282.78,49.2,54.25
04-04852,493.6,355.11,417.51,393.34,358.77,332.88,111.12,110.67,118.81,12.76,13.04
04-04853,289.12,442.44,220.37,327.29,411.31,287.58,197.23,229.89,210.76,63.37,60.53
04-04854,493.83,392.89,85.16,383.31,335.35,101.77,348.81,386.95,397.49,22.99,24.58
04-04855,221.4,228.07,475.17,115.94,180.63,374.61,159.5,165.98,170.54,13.01,14.78
04-04856,160.25,151.14,311.68,169.61,231.23,216.99,124.52,113.19,106.82,66.78,69.31
04-04857,484.75,113.92,416.89,524.69,81.68,540.8,281.2,259.27,242.62,64.39,77.08
04-04858,130.53,95.13,208.58,89.38,104.54,165.51,103.19,119.47,118.18,61.63,59.64
04-04859,303.92,330.36,351.59,333.24,348.17,343.06,238.01,202.39,213.78,75.93,72.5
04-04860,65.92,93.57,62.74,87.62,51.76,136.63,188.2,205.89,205.29,58.23,69.67
04-04861,138.79,423.81,62.1,100.65,473.47,189.1,146.78,157.42,152.67,62.81,61.1
04-04862,116.07,67.75,97.69,197.0,0.0,105.55,149.66,138.41,141.43,26.47,30.47
04-04863,197.08,63.18,210.9,149.55,60.22,233.47,445.46,519.97,559.99,39.19,40.25
04-04864,454.16,68.75,94.51,474.72,55.68,121.52,215.32,185.6,173.41,61.88,60.86
04-04865,408.23,222.43,459.44,416.17,251.71,431.94,154.7,145.41,142.86,49.82,53.9
04-04866,354.53,95.03,110.95,291.34,0.0,118.76,339.4,273.01,291.9,39.29,38.66
04-04867,422.9,327.9,196.4,436.71,270.69,224.61,243.0,290.22,281.24,47.99,45.1
04-04868,229.61,478.25,285.82,164.44,471.61,387.75,148.53,163.6,178.94,26.06,26.42
04-04869,228.62,83.38,159.52,149.13,131.87,202.27,139.77,154.91,160.85,48.06,45.21
04-04870,208.8,440.49,353.52,196.77,557.35,373.54,364.35,348.75,363.21,62.08,60.05
04-04871,379.61,208.18,272.52,357.18,175.25,265.03,213.95,202.1,187.05,17.83,14.66
04-04872,115.85,473.75,460.99,212.99,501.77,556.81,286.05,284.61,294.91,44.51,51.22
04-04873,109.61,137.51,314.19,225.35,154.29,303.73,414.35,479.41,470.87,42.74,44.64
04-04874,248.09,155.93,106.8,198.5,46.67,88.09,193.38,221.79,224.23,30.19,27.97
04-04875,396.52,489.91,386.22,406.37,497.01,405.54,365.19,369.07,397.17,17.13,18.94
04-04876,113.7,303.99,412.07,34.07,292.07,342.4,135.3,153.12,165.16,13.46,15.97
04-04877,455.5,251.38,361.68,550.84,186.08,329.13,163.42,164.84,170.13,18.5,21.43
04-04878,69.97,127.94,202.74,55.46,162.6,315.94,356.86,350.3,370.84,47.34,41.62
04-04879,167.42,366.95,344.96,106.04,362.15,405.36,379.18,331.69,314.84,17.0,17.46
04-04880,208.37,396.4,205.58,350.98,382.39,188.59,422.0,460.04,487.26,68.37,69.12
04-04881,463.58,257.18,207.39,485.6,210.96,207.3,192.65,169.14,178.53,18.88,19.31
04-04882,408.3,489.07,423.14,446.48,506.12,470.65,265.41,242.52,219.75,51.44,60.21
04-04883,125.57,377.83,408.02,191.1,343.19,489.61,298.14,283.49,273.09,79.47,84.13
04-04884,405.01,455.26,346.99,430.0,440.57,356.79,314.56,252.38,243.47,65.48,78.31
04-04885,387.28,494.51,457.18,357.69,520.03,424.57,426.77,379.69,345.56,10.65,12.25
04-04886,65.33,157.73,401.57,71.49,131.83,467.76,284.68,317.9,334.32,17.61,19.58
04-04887,217.48,378.18,488.11,246.47,456.37,317.41,335.92,269.14,263.94,21.98,26.18
04-04888,499.2,459.51,204.92,582.04,516.3,213.06,115.79,111.39,106.03,55.93,64.65
04-04889,401.65,147.16,430.15,444.35,228.66,444.59,222.56,221.8,229.0,53.67,49.9
04-04890,459.66,196.55,121.76,498.22,124.18,132.49,440.49,511.14,506.04,62.78,66.28
04-04891,63.78,456.39,296.93,0.0,564.29,258.39,200.0,160.78,165.18,23.07,24.87
04-04892,360.89,331.98,452.01,262.23,282.85,478.48,235.58,248.98,246.23,68.3,62.34
04-04893,388.74,219.0,61.15,401.37,157.47,0.0,368.37,314.69,326.24,29.81,24.03
04-04894,88.63,99.48,73.9,12.7,108.8,21.82,393.91,329.12,342.24,33.29,27.25
04-04895,207.61,498.32,498.06,194.44,446.99,479.4,125.77,119.28,120.49,14.4,16.13
04-04896,422.29,272.3,94.45,418.5,126.08,69.35,229.89,215.38,199.33,57.32,50.86
04-04897,451.15,80.44,384.96,424.39,125.32,417.83,275.14,238.52,227.58,46.15,53.69
04-04898,98.13,280.34,128.02,91.77,367.31,210.76,425.58,359.88,324.73,33.78,31.31
04-04899,489.37,356.75,487.85,522.27,265.91,509.56,261.65,251.09,230.67,26.81,27.96
04-04900,348.4,219.07,344.2,359.05,260.17,325.07,380.48,380.76,349.34,40.04,37.12
04-04901,491.29,470.36,338.08,401.39,586.58,372.94,190.11,225.63,211.84,56.07,56.68
04-04902,222.67,236.74,259.17,122.94,298.39,247.69,161.16,169.12,172.67,27.38,23.05
04-04903,365.72,254.99,457.2,380.16,214.43,448.12,447.31,396.01,373.16,43.22,43.79
04-04904,83.61,441.63,304.8,109.23,567.09,305.65,262.82,312.74,335.52,40.13,32.27
04-04905,436.47,248.23,410.88,347.35,298.93,419.46,192.78,179.07,168.84,65.51,57.21
04-04906,186.93,212.74,486.54,207.9,126.38,524.9,215.62,222.06,224.01,65.86,60.55
04-04907,156.12,377.65,252.3,32.06,397.47,222.56,436.34,381.75,389.43,75.36,63.89
04-04908,425.71,344.18,85.35,485.01,399.31,113.59,190.6,198.91,192.44,12.12,14.31
04-04909,294.66,264.86,418.04,317.39,322.13,372.1,279.08,318.28,305.74,54.75,64.16
04-04910,189.73,339.31,474.28,97.09,310.52,334.94,197.01,166.66,165.84,47.54,38.26
04-04911,330.42,331.04,195.33,385.43,382.94,229.78,219.95,248.83,232.14,57.62,48.65
04-04912,230.75,327.16,409.39,328.86,327.22,398.79,87.41,87.77,95.65,39.35,38.9
04-04913,351.67,151.58,222.73,327.44,152.98,253.66,390.15,453.59,455.71,19.65,20.7
04-04914,171.1,123.85,450.86,160.61,0.0,426.54,254.64,296.02,285.78,40.51,36.0
04-04915,476.74,442.24,196.04,456.85,416.56,144.04,444.67,435.65,424.47,17.73,19.17
04-04916,144.89,322.05,83.92,70.54,329.32,43.86,177.89,155.9,166.11,51.26,57.21
04-04917,475.47,73.73,402.63,499.36,63.78,457.76,120.04,138.01,129.41,26.88,31.57
04-04918,460.48,178.2,202.36,562.13,163.42,252.67,409.54,465.83,461.57,65.44,62.36
04-04919,297.28,69.68,481.09,256.19,35.86,479.99,196.82,236.15,220.04,58.62,52.24
04-04920,480.02,365.4,145.68,530.57,259.17,121.27,354.79,399.99,389.82,64.69,67.71
04-04921,64.63,393.79,382.64,89.38,478.58,327.05,108.23,117.1,115.98,24.24,21.09
04-04922,134.94,102.54,207.06,96.64,144.9,165.57,338.99,397.85,358.11,17.8,18.77
04-04923,99.49,426.13,168.7,28.57,406.29,153.65,329.64,308.51,299.98,42.8,34.25
04-04924,412.97,66.22,356.61,458.25,225.61,349.19,287.46,272.71,265.65,61.67,67.78
04-04925,273.16,125.02,476.83,335.31,209.94,482.92,188.62,176.76,170.02,66.73,71.95
04-04926,298.7,143.65,341.29,364.87,221.13,428.68,316.37,300.06,281.7,40.21,34.5
04-04927,457.54,375.19,297.14,487.51,310.66,276.05,327.76,346.71,343.93,64.08,73.8
04-04928,175.85,387.87,98.15,149.0,447.79,181.69,108.65,127.67,128.64,41.35,38.55
04-04929,94.82,396.25,378.18,67.2,280.66,357.34,216.5,213.43,213.92,32.06,36.08
04-04930,164.53,394.39,165.61,168.95,308.41,130.25,203.66,194.98,202.06,33.72,29.8
04-04931,406.56,446.9,432.12,398.46,496.32,412.02,362.55,351.26,344.41,70.15,73.56
04-04932,418.7,141.22,76.76,399.74,236.34,44.33,161.61,178.4,168.05,36.47,34.69
04-04933,325.31,83.66,469.03,365.32,47.52,392.24,321.02,330.93,324.54,70.19,76.7
04-04934,248.99,289.28,166.64,213.9,212.84,163.06,200.6,201.76,190.31,19.97,16.93
04-04935,472.61,391.09,396.93,423.16,318.21,393.26,438.99,409.85,390.37,33.72,34.53
04-04936,73.38,147.11,91.8,99.06,125.76,11.62,238.73,256.69,269.31,56.84,65.33
04-04937,386.59,397.96,465.16,404.55,322.35,560.89,374.57,323.46,298.29,15.13,17.87
04-04938,422.34,270.1,341.04,329.87,255.34,328.48,126.2,138.42,143.15,48.66,50.7
04-04939,201.77,370.13,180.46,306.35,470.7,214.79,370.24,310.86,298.32,22.04,20.79
04-04940,405.5,342.0,82.59,406.45,346.97,45.84,182.98,204.69,206.03,47.41,50.37
04-04941,432.65,442.65,183.65,476.37,590.67,291.14,142.69,135.59,130.69,20.4,23.66
04-04942,335.28,483.49,86.55,300.91,504.68,80.54,186.03,173.37,189.76,38.99,33.06
04-04943,71.56,197.35,251.64,77.55,264.14,301.72,266.32,224.71,241.32,54.94,46.32
04-04944,405.83,335.27,277.39,391.18,254.05,239.45,355.95,287.06,282.18,40.57,33.98
04-04945,408.34,223.94,421.45,297.47,113.11,426.66,150.44,149.49,162.31,47.09,51.63
04-04946,338.11,260.81,475.16,305.64,231.6,368.25,285.46,234.1,255.92,23.97,24.59
04-04947,462.8,383.49,371.99,498.25,399.73,433.29,217.32,246.52,253.29,41.45,37.41
04-04948,424.89,389.01,433.0,287.02,415.13,477.86,365.42,436.54,427.62,23.29,24.06
04-04949,217.17,497.6,380.65,191.49,469.77,413.4,287.49,322.53,295.0,32.31,30.29
04-04950,400.81,176.69,416.38,494.86,233.41,470.78,306.26,259.98,236.0,63.47,52.86
04-04951,377.72,215.3,341.32,427.67,240.16,385.0,371.97,417.17,448.81,42.99,35.37
04-04952,206.57,303.43,255.5,141.09,164.03,313.86,228.19,194.06,180.13,53.01,62.75
04-04953,79.62,496.72,191.66,82.14,424.8,221.24,207.4,173.22,180.47,72.72,86.88
04-04954,361.57,404.39,179.62,320.74,335.08,149.76,298.46,337.62,356.1,45.51,53.36
04-04955,399.36,392.01,344.21,337.54,422.33,383.67,154.4,130.9,128.69,61.18,64.89
04-04956,393.57,95.9,115.92,420.52,99.05,109.15,392.41,382.57,363.91,68.55,79.35
04-04957,411.06,423.11,235.04,465.86,547.68,267.24,311.36,358.01,325.87,44.46,45.16
04-04958,181.04,413.91,165.39,109.99,440.43,181.72,189.29,169.98,185.52,38.75,38.87
04-04959,244.83,436.09,442.49,304.1,440.87,422.35,440.26,520.0,478.7,10.49,9.1
04-04960,95.55,95.95,156.57,88.81,154.24,100.82,333.27,322.69,301.22,62.78,70.95
04-04961,177.33,191.25,406.91,240.61,302.97,423.11,175.3,149.28,144.79,18.39,15.43
04-04962,63.78,263.85,433.17,0.0,224.22,436.21,144.61,129.28,120.63,24.09,26.4
04-04963,402.75,293.9,386.33,401.25,325.86,478.89,412.66,463.2,449.81,64.7,57.3
04-04964,233.46,461.94,434.29,223.93,418.14,484.61,443.94,392.7,388.78,24.63,26.25
04-04965,417.99,230.24,463.93,564.02,179.62,416.83,307.32,351.13,371.78,16.3,16.17
04-04966,294.82,266.84,327.2,259.16,179.73,427.48,261.98,220.04,226.33,24.77,29.29
04-04967,263.67,402.26,193.45,375.24,307.62,144.7,141.22,127.52,124.17,45.68,41.64
04-04968,335.71,358.09,345.81,418.39,339.13,254.03,257.65,264.97,246.17,78.47,64.15
04-04969,423.53,149.8,323.09,359.49,20.75,374.77,183.05,186.97,181.98,20.56,16.69
04-04970,445.82,304.45,97.94,446.25,363.78,99.59,388.29,328.45,309.22,48.09,56.36
04-04971,165.4,106.94,372.85,190.31,177.46,390.6,190.38,167.34,170.57,35.35,34.33
04-04972,230.72,238.2,329.44,342.21,174.37,327.28,364.73,429.21,430.22,46.48,50.64
04-04973,134.32,106.27,70.46,161.56,141.64,0.0,325.76,299.88,321.04,70.72,64.63
04-04974,200.2,419.64,344.07,164.84,345.91,354.87,380.08,441.9,448.91,32.43,36.32
04-04975,246.7,379.87,60.65,310.58,333.27,0.0,195.58,169.6,166.95,77.39,77.47
04-04976,276.59,172.79,489.56,236.78,242.12,511.96,308.13,313.46,298.61,45.1,37.38
04-04977,337.92,345.51,263.74,480.41,369.77,342.47,152.89,170.68,172.99,57.89,67.16
04-04978,295.36,339.05,69.71,276.58,380.4,0.0,403.02,451.53,480.47,53.83,50.78
04-04979,499.89,420.5,293.19,559.34,403.6,292.49,106.28,124.52,134.84,32.57,35.79
04-04980,141.93,98.67,218.8,148.48,70.79,191.62,234.51,247.38,259.18,58.47,69.98
04-04981,489.96,64.99,73.55,432.22,81.05,82.03,357.24,327.88,302.92,28.48,32.71
04-04982,124.66,388.31,168.07,25.17,480.79,101.29,106.75,91.43,85.83,30.48,33.31
04-04983,85.23,415.37,223.36,244.45,462.63,216.47,269.75,278.06,271.67,32.2,32.99
04-04984,64.88,323.11,376.89,143.62,390.13,441.53,111.05,93.86,96.08,60.1,65.31
04-04985,87.84,433.74,201.95,88.38,424.45,260.11,225.61,186.43,174.69,65.88,61.02
04-04986,315.06,94.93,74.07,208.83,11.9,11.41,364.58,383.32,361.02,75.12,72.72
04-04987,431.69,79.73,306.49,404.92,12.89,387.76,399.44,327.71,327.85,23.68,25.04
04-04988,201.44,90.07,328.38,189.88,52.96,409.34,332.63,394.43,397.65,49.71,49.94
04-04989,185.5,120.6,132.65,183.9,70.38,152.01,192.75,161.77,161.58,43.25,51.22
04-04990,492.67,148.59,95.71,448.51,121.34,64.48,345.52,353.93,338.02,15.17,13.85
04-04991,167.19,173.45,405.42,59.18,157.78,450.02,269.26,308.26,324.86,78.91,86.28
04-04992,228.51,321.99,83.76,238.21,292.05,79.76,184.9,204.9,204.22,37.93,40.95
04-04993,307.4,260.68,353.07,350.95,224.12,280.72,253.07,233.55,235.52,77.85,66.35
04-04994,60.86,135.51,422.92,203.31,101.86,422.23,335.79,383.38,404.25,79.28,67.73
04-04995,221.57,404.76,334.62,200.22,406.74,322.94,155.38,151.77,136.74,78.19,85.27
04-04996,131.98,259.29,431.71,80.44,300.56,424.15,379.39,378.46,362.12,42.03,36.69
04-04997,362.45,65.04,92.09,369.74,77.58,112.07,99.9,93.94,101.85,61.87,55.79
04-04998,228.31,310.24,445.03,243.44,409.69,375.92,265.26,218.63,233.21,11.62,11.03
04-04999,67.57,360.49,117.17,127.86,311.68,211.64,181.93,214.13,222.28,42.18,38.43
04-05000,205.75,365.06,471.44,103.78,353.88,492.44,405.83,377.65,353.94,55.01,62.06
04-05001,199.59,368.13,448.84,174.04,402.69,421.82,235.23,240.91,259.74,38.86,36.74
04-05002,210.87,91.53,346.97,290.97,32.9,401.11,404.24,368.32,372.6,62.16,67.91
04-05003,150.0,260.07,465.94,257.91,238.27,527.24,89.93,74.65,73.44,58.29,54.3
04-05004,306.6,477.02,314.38,424.28,522.53,373.48,339.78,368.43,396.32,73.87,83.76
04-05005,110.04,75.85,335.44,95.29,32.38,320.73,103.2,121.62,111.25,26.86,22.33
04-05006,230.02,387.27,359.82,340.19,276.42,319.99,359.0,315.91,335.92,43.19,41.92
04-05007,107.92,425.96,77.73,139.72,478.8,111.68,166.16,139.11,132.32,12.59,11.8
04-05008,301.81,231.71,77.69,263.8,269.4,109.82,288.83,238.36,248.14,59.88,64.36
04-05009,392.4,256.24,440.67,368.81,307.35,482.35,302.81,260.41,260.38,72.11,81.79
04-05010,404.84,361.25,103.46,532.15,266.0,164.54,121.86,144.19,131.1,22.8,18.4
04-05011,242.62,458.5,497.75,223.38,474.38,583.72,220.36,199.97,191.51,68.72,59.21
04-05012,200.43,427.67,356.15,83.79,369.42,422.25,262.91,295.2,270.41,67.61,69.22
04-05013,344.07,202.58,109.11,283.74,143.09,45.83,82.16,78.34,71.58,68.82,62.56
04-05014,115.54,431.41,214.39,71.86,385.73,245.41,384.42,395.27,402.52,56.58,58.74
04-05015,438.87,71.58,236.49,391.02,153.28,235.55,232.99,243.33,264.14,39.75,38.91
04-05016,199.96,111.45,314.97,194.14,140.57,259.87,144.13,139.05,134.81,29.57,29.45
04-05017,90.35,437.51,273.23,0.0,527.19,268.19,420.56,462.91,482.77,76.23,61.12
04-05018,165.47,164.88,203.6,83.19,148.57,51.25,255.77,258.77,236.99,64.26,63.37
04-05019,380.19,300.57,378.94,349.54,271.24,285.43,445.48,504.07,541.04,48.02,43.16
04-05020,95.98,468.33,185.78,56.83,391.03,178.87,112.77,93.25,96.7,77.19,77.35
04-05021,487.41,294.66,233.48,436.0,309.94,204.29,271.91,309.85,315.8,53.12,48.15
04-05022,368.01,169.37,346.22,197.11,273.03,371.21,372.78,397.69,427.66,61.89,54.47
04-05023,353.85,194.36,423.43,324.46,235.04,285.89,438.79,517.58,526.09,66.94,60.48
04-05024,299.4,92.39,263.11,301.53,181.19,255.9,181.86,161.97,174.4,62.25,64.12
04-05025,371.82,185.15,131.38,431.71,88.75,99.97,316.42,360.15,332.16,24.65,21.55
04-05026,159.81,124.72,403.5,124.17,188.74,339.61,336.25,374.62,381.87,59.86,70.72
04-05027,436.47,272.77,144.85,508.51,329.74,188.41,182.18,167.32,174.7,11.96,12.07
04-05028,338.03,310.65,439.94,225.54,271.43,455.36,105.18,104.34,95.19,77.01,79.13
04-05029,165.59,371.68,382.8,27.08,328.2,381.17,123.9,104.42,107.63,11.29,12.18
04-05030,88.92,329.51,429.47,77.7,370.36,331.96,246.87,234.33,213.62,24.95,24.7
04-05031,293.86,308.12,477.92,299.83,309.83,392.08,110.96,108.65,98.19,31.9,33.75
04-05032,176.46,384.37,77.67,119.66,400.49,72.53,249.68,272.7,267.17,36.01,42.35
04-05033,60.92,247.34,455.06,95.63,320.81,434.17,258.94,265.43,274.59,72.03,67.16
04-05034,363.1,404.17,445.62,286.87,267.26,425.46,442.11,362.74,352.29,73.81,61.46
04-05035,455.93,318.14,369.39,419.15,345.65,345.3,102.6,96.14,91.19,13.33,11.6
04-05036,442.01,388.32,274.68,440.13,436.76,297.66,170.53,145.02,151.7,54.69,48.46
04-05037,99.33,113.94,117.35,17.05,120.01,116.88,154.92,150.03,162.68,64.14,71.73
04-05038,340.77,207.05,133.44,329.56,202.83,148.03,426.91,411.67,449.67,70.95,79.27
04-05039,164.02,128.38,233.03,116.31,39.98,233.34,101.01,108.21,103.11,23.65,20.88
04-05040,349.2,201.78,473.5,408.71,106.43,520.27,229.71,271.57,245.68,61.82,52.71
04-05041,193.35,261.92,256.17,288.52,173.66,195.18,377.49,323.88,353.57,40.83,33.03
04-05042,291.58,359.08,434.42,308.59,290.92,435.64,186.65,162.6,153.59,39.19,35.35
04-05043,417.39,70.78,497.12,326.67,8.66,436.59,443.21,417.35,417.06,77.68,82.07
04-05044,311.84,295.2,481.01,305.26,222.99,369.85,322.98,326.24,323.28,29.48,32.58
04-05045,430.34,379.03,484.61,387.45,355.47,650.87,405.53,481.35,510.33,14.16,16.27
04-05046,447.09,279.15,419.02,500.34,315.12,485.64,413.88,348.85,344.42,79.13,67.46
04-05047,292.94,383.53,110.7,241.57,406.09,138.04,263.89,226.35,229.41,78.87,68.89
04-05048,75.38,305.92,341.3,53.3,259.09,345.58,399.71,334.97,327.98,13.67,12.03
04-05049,173.53,279.57,121.55,126.79,193.36,161.92,434.8,400.47,413.47,14.69,13.84
04-05050,479.98,313.4,402.84,529.34,282.26,409.6,308.71,251.77,255.21,16.5,15.18
04-05051,484.13,322.64,312.53,453.81,281.78,222.98,175.67,201.8,182.95,33.53,28.13
04-05052,130.54,357.84,370.35,189.42,316.83,363.0,145.53,166.25,152.58,35.4,28.37
04-05053,68.82,296.89,492.48,82.76,340.31,573.48,346.82,355.87,334.57,38.1,35.31
04-05054,209.63,259.32,414.3,239.81,242.34,489.96,430.89,482.23,497.7,12.44,12.3
04-05055,477.57,470.78,320.87,454.54,545.19,354.35,304.52,253.97,266.49,17.43,17.16
04-05056,239.13,141.83,314.98,162.05,194.34,266.74,248.41,254.32,264.52,55.48,60.58
04-05057,351.5,264.05,61.93,327.48,282.6,0.0,187.19,167.73,165.94,45.16,51.27
04-05058,125.03,281.15,81.68,145.8,319.78,66.91,279.02,297.42,325.27,29.2,24.29
04-05059,435.12,372.67,180.32,451.87,404.56,204.56,182.22,202.4,212.06,22.4,20.74
04-05060,408.93,394.46,304.45,442.81,308.67,233.08,133.82,157.64,161.51,70.11,59.32
04-05061,350.84,327.33,375.27,296.51,301.66,389.67,107.42,110.93,117.18,23.11,25.66
04-05062,462.57,391.39,263.01,509.05,298.29,248.3,389.79,404.41,419.48,35.82,30.59
04-05063,420.06,331.35,342.09,437.64,299.38,365.12,347.69,405.1,370.55,65.1,68.26
04-05064,241.75,60.14,263.93,283.31,101.91,228.02,273.35,221.8,210.08,43.09,49.19
04-05065,65.42,294.34,410.68,99.89,262.09,411.23,272.4,318.44,349.89,58.8,70.48
04-05066,484.86,207.67,155.13,484.22,210.64,35.46,245.03,269.92,296.26,79.19,81.87
04-05067,133.35,74.69,215.79,137.48,127.19,196.56,252.44,204.79,220.75,66.33,60.79
04-05068,352.56,88.93,111.1,339.38,103.89,77.2,124.61,127.48,115.2,18.3,17.16
04-05069,360.69,375.62,395.04,242.46,455.54,416.11,179.22,181.4,171.58,77.9,85.53
04-05070,425.34,436.39,192.19,478.9,429.45,120.88,159.49,151.43,146.88,23.05,23.26
04-05071,470.58,231.98,310.39,474.11,282.31,429.36,265.31,310.03,318.89,47.74,41.69
04-05072,289.03,465.7,158.79,372.93,506.19,166.74,435.07,426.74,392.29,24.63,20.16
04-05073,175.15,302.78,395.33,218.59,385.64,369.75,100.95,116.35,111.24,12.43,11.76
04-05074,286.28,275.24,393.0,244.08,363.11,479.87,117.34,96.13,86.61,40.43,34.17
04-05075,67.38,174.26,172.47,140.72,153.45,113.5,106.36,124.38,130.19,51.87,53.53
04-05076,120.19,92.43,140.63,195.74,15.07,43.93,125.22,140.06,138.25,42.23,46.9
04-05077,488.3,478.37,228.62,584.36,450.39,224.74,258.91,250.99,269.97,77.6,91.16
04-05078,69.41,139.71,173.86,202.02,125.23,208.25,404.92,411.56,445.23,73.5,66.22
04-05079,203.21,363.28,246.76,244.07,374.83,224.19,169.83,181.1,169.08,31.34,29.43
04-05080,192.92,375.74,225.22,202.42,405.62,176.64,428.4,344.17,342.84,70.56,57.49
04-05081,324.27,410.79,305.16,405.56,410.84,251.98,297.92,278.59,250.94,20.15,16.81
04-05082,216.05,241.28,75.56,318.76,229.31,1.63,294.27,273.24,253.75,44.75,38.67
04-05083,328.71,351.9,105.34,345.99,379.41,122.58,428.88,471.12,455.06,40.17,41.57
04-05084,181.69,354.65,213.04,177.39,465.92,237.06,220.67,239.2,232.38,72.63,72.61
04-05085,493.91,399.17,336.71,507.83,384.03,300.51,163.43,151.19,162.4,10.53,11.22
04-05086,375.93,490.38,405.42,355.87,448.39,370.74,280.73,252.69,276.47,53.08,47.23
04-05087,429.67,287.95,290.1,341.81,323.01,292.37,339.77,378.35,355.17,17.92,18.6
04-05088,403.88,250.96,399.85,380.39,230.78,361.05,100.18,91.21,98.9,33.0,36.52
04-05089,133.01,206.42,267.22,162.41,227.64,322.95,131.31,105.51,113.6,49.04,42.21
04-05090,253.57,491.89,82.5,334.43,420.07,39.01,280.23,323.07,348.16,62.82,74.8
04-05091,214.88,178.55,178.49,399.86,143.28,219.43,137.7,120.73,123.44,24.95,28.55
04-05092,90.51,400.58,228.83,173.69,485.44,265.96,164.8,159.62,167.64,49.98,46.56
04-05093,498.1,129.18,488.39,487.69,125.83,453.68,173.33,171.13,161.39,29.22,34.63
04-05094,323.6,337.86,71.55,307.46,360.22,50.47,275.75,279.51,270.45,54.0,63.71
04-05095,335.3,206.85,411.96,341.24,159.84,324.81,214.95,188.99,172.41,59.15,51.05
04-05096,499.85,141.43,268.57,568.14,216.32,265.56,204.37,238.89,237.75,17.6,15.4
04-05097,385.45,165.69,146.15,411.19,168.15,194.59,375.14,415.38,384.61,15.86,15.95
04-05098,161.64,62.27,297.24,69.52,0.0,218.44,92.76,110.01,118.63,74.21,73.48
04-05099,415.23,436.12,184.99,309.97,489.67,116.38,397.82,470.27,465.29,14.61,17.51
04-05100,212.02,91.68,357.36,307.87,204.78,418.34,280.76,243.23,248.17,74.49,70.16
04-05101,422.71,370.61,245.46,421.61,313.08,283.42,303.57,302.07,277.7,10.61,8.63
04-05102,389.18,499.31,370.88,373.62,593.08,342.13,447.16,478.24,517.79,44.07,51.55
04-05103,229.42,89.6,234.21,267.12,133.7,353.94,355.26,312.84,316.6,38.16,34.14
04-05104,456.37,304.68,265.37,379.2,287.36,336.19,344.85,312.2,337.4,74.48,64.34
04-05105,214.87,494.65,183.63,148.53,396.79,102.34,237.17,249.19,250.87,66.62,58.17
04-05106,380.9,262.32,248.41,309.96,215.26,294.91,121.02,126.7,115.94,10.75,8.86
04-05107,133.55,411.86,229.99,59.92,527.96,139.48,391.71,419.7,401.89,33.07,28.39
04-05108,268.39,82.9,71.18,167.29,63.16,208.05,173.41,164.59,174.12,36.04,41.02
04-05109,106.14,329.85,148.54,72.77,361.95,94.63,420.16,359.19,363.27,36.03,39.51
04-05110,184.4,301.15,182.76,151.96,271.58,248.56,417.71,340.17,366.89,69.71,79.31
04-05111,456.53,215.57,237.14,434.29,158.57,200.87,391.62,383.89,357.21,40.13,45.31
04-05112,342.17,261.81,376.17,419.53,350.7,328.89,165.16,154.84,165.03,40.63,46.4
04-05113,297.18,351.01,229.52,249.52,422.11,315.26,362.84,433.96,457.85,57.54,51.74
04-05114,436.94,318.31,121.05,295.94,293.15,92.58,407.38,420.06,415.14,43.05,45.5
04-05115,217.41,217.95,192.3,284.64,168.51,259.93,305.77,277.5,256.42,55.65,65.56
04-05116,184.72,471.88,156.12,143.94,434.76,89.8,433.32,452.24,468.63,16.37,14.82
04-05117,91.74,318.21,397.91,88.76,299.61,422.04,103.91,86.46,89.33,40.35,44.07
04-05118,398.23,380.61,172.18,419.47,390.84,195.33,318.76,322.46,346.0,63.98,60.43
04-05119,259.15,398.68,100.27,176.78,389.56,190.64,302.81,329.77,337.44,16.9,14.64
04-05120,209.49,178.67,265.71,150.41,134.18,271.0,278.34,307.79,300.19,42.48,45.77
04-05121,475.55,384.51,485.45,435.19,379.39,469.54,218.78,258.18,274.02,25.8,23.52
04-05122,383.46,460.34,242.05,286.5,554.34,196.41,339.47,304.64,313.09,23.61,20.21
04-05123,332.28,260.29,228.71,333.29,289.28,289.53,300.23,308.93,313.34,68.06,73.17
04-05124,485.49,402.46,419.19,487.41,270.14,415.1,92.86,100.53,91.29,25.41,27.53
04-05125,127.61,119.05,426.56,246.11,91.38,492.41,223.43,263.22,241.47,20.77,24.32
04-05126,413.89,247.71,178.34,507.25,257.77,93.64,158.78,160.67,161.92,42.59,40.8
04-05127,259.71,143.71,285.55,190.54,180.84,282.16,342.01,294.79,271.36,46.61,49.38
04-05128,108.24,287.9,75.63,128.86,268.43,134.86,141.29,135.66,130.35,38.92,43.5
04-05129,84.03,183.61,134.14,115.69,154.21,52.17,373.35,419.41,433.61,18.41,16.42
04-05130,439.65,383.03,371.15,409.76,278.32,437.88,93.6,97.33,103.13,57.9,66.03
04-05131,478.05,123.98,200.43,484.33,87.97,224.79,331.74,333.81,315.24,29.33,26.61
04-05132,164.41,153.9,448.75,48.59,189.33,464.37,117.5,128.55,124.48,19.6,15.88
04-05133,195.85,148.45,340.63,177.6,192.49,331.12,356.6,360.61,360.78,63.16,68.85
04-05134,76.28,306.6,115.58,50.61,377.88,52.31,445.55,367.96,366.97,12.84,11.02
04-05135,199.65,434.78,467.35,185.84,445.5,386.75,354.47,330.05,301.62,23.29,19.92
04-05136,490.26,275.54,332.02,549.28,265.45,401.99,348.16,323.86,311.36,74.06,80.4
04-05137,109.56,112.03,266.25,123.45,62.03,194.28,311.34,270.96,267.28,10.55,10.39
04-05138,221.91,369.03,236.25,256.98,343.54,310.62,130.33,128.39,122.94,71.43,67.95
04-05139,86.01,465.91,177.64,83.61,463.32,221.95,382.96,318.58,318.25,70.7,69.65
04-05140,347.39,339.55,127.9,356.82,399.66,23.94,218.93,201.62,218.89,41.14,46.04
04-05141,403.53,447.96,83.21,435.6,488.81,53.59,157.58,180.51,171.46,22.15,25.8
04-05142,424.68,334.12,430.1,423.8,254.62,552.55,405.93,465.21,500.25,33.87,36.49
04-05143,167.01,288.14,359.49,176.05,359.63,410.72,170.25,163.83,168.17,46.33,47.18
04-05144,262.62,178.69,109.74,273.3,114.94,74.12,177.29,152.95,162.66,17.08,13.88
04-05145,449.83,349.96,228.14,404.48,387.99,184.57,230.81,212.34,200.32,46.99,39.53
04-05146,170.85,62.73,73.1,108.4,89.24,20.63,440.48,471.02,462.01,15.93,18.23
04-05147,106.16,235.16,458.45,176.87,248.18,483.33,390.24,343.35,320.66,42.33,44.12
04-05148,178.27,94.04,486.27,262.59,126.73,540.84,128.12,103.47,107.37,37.33,33.05
04-05149,341.25,398.19,68.42,400.38,482.28,79.86,287.04,278.27,269.29,39.42,42.74
04-05150,152.94,277.71,485.13,149.74,301.42,493.86,296.23,326.47,326.71,51.04,57.19
04-05151,230.18,228.48,459.89,218.35,198.14,508.17,294.46,300.02,295.3,47.7,39.36
04-05152,352.17,340.54,388.84,301.62,333.26,396.67,243.15,290.25,265.75,78.08,64.55
04-05153,328.6,297.14,241.48,320.93,333.54,269.1,218.89,259.24,277.63,11.66,9.72
04-05154,116.54,461.49,117.58,144.9,500.34,209.28,284.43,258.8,271.69,41.47,47.82
04-05155,418.52,302.54,82.29,326.82,341.39,101.79,295.61,304.38,316.37,19.03,16.46
04-05156,297.16,384.28,157.19,211.37,446.78,124.61,201.23,229.43,210.14,42.6,48.41
04-05157,238.0,65.25,334.91,296.77,47.81,345.03,150.43,150.36,157.03,68.99,64.39
04-05158,316.71,259.57,288.12,302.6,271.69,280.39,331.18,314.2,302.85,66.57,69.05
04-05159,86.45,388.2,439.48,104.29,322.18,488.79,290.53,242.74,221.16,68.36,78.5
04-05160,413.48,438.93,128.98,412.74,419.21,134.76,161.38,192.14,202.67,19.54,20.97
04-05161,328.97,262.42,238.92,426.82,287.75,76.02,203.39,188.59,178.45,55.0,46.1
04-05162,406.89,403.86,205.19,506.81,416.29,147.89,208.31,206.95,220.54,35.78,41.4
04-05163,355.04,243.18,288.33,291.72,13.42,250.07,438.01,524.97,553.63,41.31,39.26
04-05164,212.68,485.55,372.1,226.21,326.34,379.77,327.7,346.73,320.35,29.73,28.18
04-05165,425.43,450.33,438.19,436.79,363.98,408.1,410.87,378.55,405.1,16.3,15.79
04-05166,174.14,314.27,295.97,107.24,326.77,290.69,265.26,242.33,222.21,22.51,19.37
04-05167,416.72,330.96,476.96,526.0,310.15,494.0,211.06,237.77,215.53,18.65,17.94
04-05168,371.06,169.22,168.06,391.46,90.25,170.76,434.08,510.79,558.66,23.76,24.05
04-05169,236.38,456.13,467.86,301.34,447.53,479.4,236.06,228.34,207.53,79.22,69.34
04-05170,377.0,68.49,387.82,568.87,51.04,443.39,149.87,144.78,141.64,38.98,44.96
04-05171,231.78,282.92,224.59,158.52,219.28,146.95,427.58,426.54,384.24,37.62,39.19
04-05172,118.27,92.1,64.57,198.73,0.0,0.0,384.9,343.71,332.13,60.8,52.65
04-05173,295.29,302.18,426.66,345.31,382.12,476.8,170.72,175.03,157.76,71.4,69.07
04-05174,210.44,235.32,336.61,214.29,304.88,368.84,187.59,160.2,173.22,11.43,11.2
04-05175,397.38,284.04,478.38,319.7,299.04,459.07,152.34,172.08,176.28,24.37,19.87
04-05176,466.01,258.35,390.08,451.17,327.28,350.93,183.3,208.59,187.8,22.15,25.0
04-05177,442.28,409.19,264.55,489.04,360.51,311.1,150.6,180.62,162.66,41.08,49.13
04-05178,101.55,110.83,81.37,99.95,168.05,141.41,415.86,474.17,462.97,16.11,17.75
04-05179,81.05,469.61,451.94,30.93,441.8,560.2,144.73,156.96,170.01,11.17,9.48
04-05180,121.25,235.62,256.61,95.34,198.68,243.18,111.7,131.56,130.67,71.59,77.25
04-05181,113.23,321.67,364.77,114.19,364.11,315.93,253.29,260.36,285.23,16.02,13.41
04-05182,78.69,496.59,372.7,24.62,516.51,348.84,233.27,274.12,256.17,17.08,15.96
04-05183,285.22,206.8,174.38,307.55,252.75,175.39,102.19,98.22,90.13,47.26,47.57
04-05184,400.99,134.3,495.93,414.87,208.37,427.14,357.54,425.46,443.31,45.12,40.82
04-05185,249.59,341.7,371.39,294.09,346.77,414.16,272.38,273.25,274.82,68.04,58.11
04-05186,63.81,386.33,465.23,32.71,331.62,548.37,389.25,427.72,441.25,77.14,82.77
04-05187,271.05,379.75,448.67,253.3,326.58,412.24,429.98,467.91,463.78,28.08,32.11
04-05188,239.49,194.7,201.73,236.4,278.13,237.57,108.17,113.91,110.6,53.14,51.97
04-05189,441.78,64.67,337.06,406.09,0.0,345.59,249.51,212.45,232.67,44.92,37.37
04-05190,364.03,73.83,168.27,371.55,161.15,184.31,374.06,326.99,336.21,40.94,32.81
04-05191,425.58,364.76,495.34,426.35,310.08,476.18,363.43,300.28,312.94,25.51,24.31
04-05192,364.88,440.16,245.54,384.36,468.4,287.16,145.07,161.78,167.26,18.79,20.01
04-05193,313.77,340.99,477.74,344.66,475.33,496.47,361.93,308.39,279.42,39.8,43.77
04-05194,200.74,258.14,136.98,236.34,320.4,174.49,425.47,386.02,372.47,11.9,12.53
04-05195,155.6,95.91,99.68,130.85,77.62,169.02,352.1,321.35,297.56,59.22,68.86
04-05196,399.63,387.91,308.36,411.8,464.75,347.9,151.55,158.02,153.24,49.77,50.01
04-05197,193.31,204.64,271.63,201.47,255.19,257.09,380.81,383.71,412.55,64.68,59.17
04-05198,120.93,391.06,449.34,117.29,532.62,497.72,406.59,462.67,432.0,63.41,54.14
04-05199,360.43,498.2,398.47,333.97,548.45,374.91,105.13,124.95,124.46,35.61,33.03
04-05200,292.79,464.1,245.8,362.9,410.73,106.12,307.67,328.61,351.01,67.04,60.91
04-05201,204.18,234.94,455.95,152.26,234.64,465.89,441.98,416.31,397.39,63.76,65.31
04-05202,152.04,305.1,423.75,166.72,279.86,466.0,102.93,118.18,120.97,57.7,63.87
04-05203,152.96,179.83,154.9,269.07,125.12,46.7,225.64,207.26,190.02,61.88,52.65
04-05204,272.68,157.1,83.32,258.29,198.28,59.49,399.98,419.14,419.95,67.36,67.53
04-05205,259.17,327.16,451.7,246.08,310.68,445.46,373.33,352.05,322.1,48.74,50.45
04-05206,161.76,163.46,189.19,195.76,211.48,262.46,87.28,104.07,99.22,77.56,72.59
04-05207,98.12,168.91,346.29,62.25,129.68,370.48,284.32,314.07,317.77,61.06,65.96
04-05208,414.9,472.07,260.56,447.8,405.87,232.76,395.63,331.06,334.09,69.71,70.79
04-05209,295.07,425.22,444.84,326.01,459.4,394.59,136.37,142.07,150.93,66.42,65.36
04-05210,388.01,168.15,281.62,440.62,196.32,303.69,236.44,233.62,238.81,50.03,46.2
04-05211,258.47,209.37,111.56,177.72,248.35,39.85,140.41,113.3,110.37,49.17,49.0
04-05212,183.3,190.96,455.88,219.42,137.73,470.69,384.13,401.99,405.39,40.58,34.9
04-05213,451.12,386.19,193.55,385.7,457.23,219.22,124.61,115.17,125.71,51.93,55.09
04-05214,369.69,313.63,368.59,393.01,391.72,321.97,313.38,369.23,361.03,62.73,57.89
04-05215,140.59,332.5,377.13,70.64,477.98,309.37,94.76,106.03,112.77,73.92,82.26
04-05216,382.19,393.35,404.02,429.45,398.52,445.78,308.22,358.57,343.81,61.06,61.41
04-05217,383.19,189.77,213.06,359.82,207.24,255.68,120.92,97.25,95.87,41.18,40.3
04-05218,274.38,489.34,422.72,434.86,516.59,367.84,344.29,325.45,332.58,39.99,32.89
04-05219,270.61,112.42,191.93,112.84,89.92,262.54,258.26,211.63,231.86,21.07,23.33
04-05220,451.3,240.82,483.89,472.63,253.53,518.18,170.67,136.58,142.3,11.82,11.64
04-05221,385.28,373.5,300.33,297.04,412.7,282.15,127.14,111.06,100.73,23.41,22.31
04-05222,225.44,418.87,363.29,170.74,399.69,320.12,222.86,237.21,235.57,52.66,54.45
04-05223,484.13,438.44,439.59,540.79,518.61,432.47,130.77,149.51,140.56,19.21,19.95
04-05224,480.74,292.84,125.77,434.28,324.49,69.32,223.82,236.83,251.4,45.61,37.31
04-05225,361.72,311.59,263.97,322.13,358.64,343.19,182.87,146.39,137.34,59.6,70.94
04-05226,78.5,238.17,196.5,94.98,186.95,212.15,188.82,174.59,191.67,13.88,12.65
04-05227,125.7,113.83,374.53,127.22,120.89,443.37,399.61,327.39,333.63,66.87,53.66
04-05228,140.03,407.89,352.0,87.25,278.09,485.73,81.16,69.8,71.03,60.6,62.28
04-05229,486.09,414.59,407.57,605.28,397.94,391.79,292.26,324.75,297.86,74.2,64.94
04-05230,323.16,495.8,119.15,296.85,555.6,122.49,251.17,245.35,245.13,25.1,23.88
04-05231,441.99,429.63,307.49,427.2,456.87,237.36,396.13,365.6,378.62,69.05,78.63
04-05232,400.28,444.71,417.0,477.82,505.15,426.25,399.91,405.51,380.57,31.36,33.4
04-05233,249.77,306.68,313.37,268.53,468.59,236.19,263.47,217.33,209.96,31.77,26.75
04-05234,445.31,282.75,279.07,550.15,259.93,192.28,277.17,317.1,346.42,64.0,65.7
04-05235,238.0,191.06,232.66,133.12,264.8,361.79,247.3,286.75,287.41,72.49,65.63
04-05236,68.95,198.67,68.12,144.34,161.91,76.72,236.79,252.05,243.62,40.61,32.55
04-05237,253.3,151.86,200.1,238.41,148.61,296.12,142.32,116.23,122.76,18.81,21.31
04-05238,228.09,183.72,255.82,256.24,131.93,203.66,120.55,101.73,101.15,72.54,59.67
04-05239,172.66,205.76,397.27,247.13,224.68,431.73,201.27,214.03,201.96,45.86,37.33
04-05240,148.69,92.57,251.96,181.0,167.82,279.3,415.59,397.73,410.74,70.1,73.58
04-05241,203.25,318.93,470.92,161.77,204.34,446.52,420.9,462.54,421.89,46.44,40.8
04-05242,236.8,189.6,327.25,322.5,151.12,365.89,169.6,171.95,174.18,41.15,41.04
04-05243,223.02,237.98,236.94,352.4,229.57,178.65,181.12,207.27,211.81,40.6,46.57
04-05244,206.51,396.97,198.91,297.04,481.06,158.93,283.24,276.6,257.83,21.74,20.91
04-05245,97.38,87.98,228.14,165.35,54.24,146.58,405.83,372.67,395.77,50.34,53.48
04-05246,475.31,248.95,84.22,445.65,240.12,87.57,160.87,151.04,154.7,35.97,35.77
04-05247,149.09,182.94,206.49,156.56,143.07,172.13,112.54,113.83,116.9,74.46,69.7
04-05248,141.58,116.95,198.64,145.75,192.14,215.3,263.53,297.43,287.56,72.51,86.47
04-05249,63.59,222.68,478.64,72.06,184.28,453.63,409.63,487.76,470.59,55.13,51.27
04-05250,204.71,364.63,181.88,399.64,362.72,202.8,112.02,117.48,119.04,67.63,69.88
04-05251,417.66,178.77,355.52,431.24,140.72,488.83,271.7,252.0,234.64,36.26,37.08
04-05252,89.79,340.07,273.83,116.93,416.16,255.97,232.79,186.76,197.52,40.46,41.78
04-05253,339.43,345.55,60.63,408.9,232.34,64.08,108.67,96.61,98.94,52.03,53.12
04-05254,213.51,331.37,449.43,171.0,329.57,444.62,104.37,91.77,91.31,21.05,20.62
04-05255,294.66,419.62,280.48,371.68,357.0,328.7,252.03,245.29,267.86,69.17,81.42
04-05256,112.25,175.45,226.75,67.35,135.38,195.1,294.71,263.48,254.84,47.73,51.78
04-05257,218.96,411.15,387.49,106.15,399.44,458.79,430.4,416.22,431.41,43.31,51.48
04-05258,356.35,138.51,475.25,340.05,122.64,489.73,87.75,99.47,90.41,61.73,63.88
04-05259,445.69,444.35,260.6,501.14,454.3,176.0,201.18,203.68,183.85,49.26,40.56
04-05260,189.37,191.6,366.98,114.77,220.49,441.21,397.05,344.81,373.81,38.31,39.04
04-05261,438.2,375.57,95.21,486.1,410.86,163.26,365.34,341.17,340.16,75.65,74.0
04-05262,447.24,84.99,393.36,403.74,6.03,276.1,274.83,239.34,235.17,46.74,53.8
04-05263,117.91,424.68,191.24,202.99,459.09,153.37,415.04,490.26,516.49,39.42,37.14
04-05264,280.95,145.18,124.66,145.73,0.0,92.7,220.05,208.45,195.85,25.14,28.9
04-05265,264.33,239.62,134.95,430.1,295.79,114.07,292.38,256.04,264.56,66.17,71.69
04-05266,370.46,429.47,64.09,456.14,443.3,159.66,161.15,138.85,137.72,23.98,27.05
04-05267,191.77,76.09,146.59,181.04,206.58,113.3,387.39,341.49,332.19,54.55,49.73
04-05268,102.38,494.05,103.13,0.0,582.94,45.79,370.7,378.03,402.03,26.33,24.52
04-05269,130.41,232.0,301.8,166.9,283.69,305.54,152.2,156.69,153.47,46.31,52.87
04-05270,441.18,310.55,135.41,591.23,311.74,49.85,298.03,276.06,278.75,26.67,29.97
04-05271,471.31,410.91,250.23,478.19,293.84,197.38,393.26,371.49,339.24,17.54,18.01
04-05272,282.63,246.79,332.74,237.64,104.24,224.88,367.02,310.35,320.73,40.6,42.41
04-05273,62.9,332.89,302.67,143.88,344.96,224.75,399.57,447.09,419.15,75.48,80.52
04-05274,260.86,381.54,104.2,166.27,369.58,62.5,367.23,421.13,417.09,29.98,35.13
04-05275,389.99,343.18,166.17,463.46,260.33,211.74,161.47,180.75,180.62,11.53,12.34
04-05276,297.16,372.7,61.88,249.2,380.27,87.64,349.99,349.64,370.28,68.04,70.35
04-05277,459.51,369.99,227.78,451.93,334.72,235.79,338.27,404.28,395.94,13.49,12.16
04-05278,251.22,392.31,463.8,278.94,361.62,556.96,285.49,341.64,364.15,68.14,60.44
04-05279,272.98,230.37,290.05,268.35,199.44,225.66,163.76,194.22,189.13,52.51,50.38
04-05280,215.47,429.02,211.68,279.15,367.25,242.03,308.54,369.7,368.0,12.44,13.16
04-05281,458.68,290.05,107.94,498.35,328.34,98.22,231.2,239.89,232.39,75.32,83.12
04-05282,357.7,486.95,446.47,329.87,446.63,381.09,173.22,162.98,174.98,45.86,47.91
04-05283,186.05,461.19,315.41,129.74,407.37,423.7,158.2,138.44,134.77,55.63,45.01
04-05284,383.94,172.06,207.77,321.46,125.32,243.75,98.64,116.68,111.36,79.52,74.97
04-05285,168.48,318.92,421.51,102.74,377.69,408.72,380.72,400.11,437.37,12.49,11.03
04-05286,361.66,378.84,461.97,361.95,400.86,575.08,206.61,199.49,193.04,46.32,54.42
04-05287,233.37,290.11,188.51,222.33,370.42,64.48,330.14,272.09,264.92,24.54,29.4
04-05288,459.93,272.52,251.17,392.81,301.66,209.82,216.82,245.5,227.95,16.63,19.19
04-05289,93.59,344.44,324.37,74.83,323.44,407.78,385.43,451.01,461.36,72.05,81.31
04-05290,492.01,431.79,432.33,615.76,440.98,507.35,191.52,170.19,161.59,12.63,15.05
04-05291,315.79,381.93,413.06,371.57,422.3,297.74,286.22,240.28,240.03,11.26,9.34
04-05292,160.84,125.04,424.3,204.75,97.63,372.67,409.46,374.57,392.49,31.66,33.63
04-05293,251.98,425.46,154.88,231.95,507.59,180.63,391.65,457.26,492.19,56.79,59.63
04-05294,95.43,124.03,133.53,121.1,30.73,213.34,213.85,246.42,252.98,27.79,25.24
04-05295,480.83,97.31,240.8,335.05,110.1,280.66,371.99,424.07,451.1,40.12,38.4
04-05296,471.34,167.49,313.87,449.85,58.87,249.86,221.31,198.06,183.73,17.93,17.75
04-05297,348.35,320.05,475.87,343.87,217.2,333.34,193.07,204.69,200.2,33.31,31.19
04-05298,103.79,98.38,129.66,71.79,134.39,137.34,248.44,215.8,237.06,79.24,87.54
04-05299,80.99,486.81,397.26,65.59,461.43,420.37,135.86,114.78,120.6,46.33,48.37
04-05300,63.4,183.33,124.08,122.98,176.36,261.4,386.49,322.4,309.32,76.63,82.14
04-05301,134.55,298.89,330.97,120.97,281.12,407.12,292.68,348.97,345.36,78.38,69.53
04-05302,363.92,346.76,90.67,385.83,355.14,163.32,298.98,246.61,270.5,10.12,11.97
04-05303,470.25,93.63,263.71,471.67,5.8,258.59,170.12,147.12,142.05,42.63,42.89
04-05304,346.5,60.11,256.4,311.99,59.65,341.1,202.99,199.39,214.02,35.85,39.0
04-05305,450.5,218.54,121.85,365.68,301.94,83.38,236.47,238.87,248.92,54.42,57.57
04-05306,149.73,276.22,498.34,157.31,264.91,355.69,397.87,349.01,363.31,51.92,48.93
04-05307,366.71,497.88,88.03,424.66,680.17,149.75,364.75,349.19,330.31,72.55,72.36
04-05308,335.27,73.08,257.06,395.22,1.15,235.47,411.07,383.16,358.16,43.93,51.55
04-05309,192.68,368.55,362.16,221.85,362.53,381.17,287.05,253.33,265.08,76.13,85.77
04-05310,134.88,169.74,153.35,122.57,247.37,192.98,264.83,293.18,264.33,30.96,31.77
04-05311,452.86,490.34,162.13,495.49,519.4,229.37,198.95,232.7,231.23,63.57,66.64
04-05312,418.12,343.95,374.1,377.82,288.61,382.2,171.28,173.66,167.6,16.13,13.92
04-05313,423.88,472.94,436.34,418.5,458.89,417.58,97.76,104.04,101.09,23.63,28.1
04-05314,296.8,133.19,201.99,291.25,176.27,230.31,266.23,229.72,212.96,13.7,16.35
04-05315,156.49,415.76,450.92,134.0,428.51,424.84,105.0,108.78,110.68,27.32,21.92
04-05316,430.04,228.86,296.65,416.72,280.57,346.28,399.37,408.46,428.86,27.62,30.54
04-05317,132.26,294.67,128.69,118.45,282.54,115.95,147.0,173.23,174.54,34.59,37.32
04-05318,448.47,189.12,356.74,311.35,103.97,374.07,428.21,486.63,463.24,65.85,55.43
04-05319,167.02,275.51,183.9,260.46,139.57,166.37,89.36,88.53,82.48,38.47,43.66
